"../../../Engine/Plugins/2D/Paper2D/Content/PlaceholderTextures/DummySpriteTexture.ubulk" 0
"../../../Engine/Plugins/2D/Paper2D/Content/PlaceholderTextures/DummySpriteTexture.uasset" 1
"../../../Engine/Plugins/2D/Paper2D/Content/PlaceholderTextures/DummySpriteTexture.uexp" 2
"../../../Engine/Plugins/2D/Paper2D/Content/DummySprite.uasset" 3
"../../../Engine/Plugins/2D/Paper2D/Content/DummySprite.uexp" 4
"../../../Engine/Plugins/2D/Paper2D/Content/DefaultPaperTerrainMaterial.uasset" 5
"../../../Engine/Plugins/2D/Paper2D/Content/DefaultPaperTerrainMaterial.uexp" 6
"../../../Engine/Content/EngineSounds/Master.uasset" 7
"../../../Engine/Content/EngineSounds/Master.uexp" 8
"../../../Engine/Content/EngineMaterials/DefaultPhysicalMaterial.uasset" 9
"../../../Engine/Content/EngineMaterials/DefaultPhysicalMaterial.uexp" 10
"../../../Engine/Content/EngineMaterials/DefaultDestructiblePhysicalMaterial.uasset" 11
"../../../Engine/Content/EngineMaterials/DefaultDestructiblePhysicalMaterial.uexp" 12
"../../../Engine/Content/EngineFonts/Faces/DroidSansFallback.uexp" 13
"../../../Engine/Content/EngineFonts/Faces/DroidSansFallback.uasset" 14
"../../../Engine/Content/EngineFonts/Faces/DroidSansFallback.ufont" 15
"../../../Engine/Content/EngineFonts/Faces/RobotoRegular.uexp" 16
"../../../Engine/Content/EngineFonts/Faces/RobotoRegular.uasset" 17
"../../../Engine/Content/EngineFonts/Faces/RobotoRegular.ufont" 18
"../../../Engine/Content/EngineFonts/Faces/RobotoLight.uexp" 19
"../../../Engine/Content/EngineFonts/Faces/RobotoLight.uasset" 20
"../../../Engine/Content/EngineFonts/Faces/RobotoLight.ufont" 21
"../../../Engine/Content/EngineFonts/Faces/RobotoItalic.uexp" 22
"../../../Engine/Content/EngineFonts/Faces/RobotoItalic.uasset" 23
"../../../Engine/Content/EngineFonts/Faces/RobotoItalic.ufont" 24
"../../../Engine/Content/EngineFonts/Faces/RobotoBoldItalic.uexp" 25
"../../../Engine/Content/EngineFonts/Faces/RobotoBoldItalic.uasset" 26
"../../../Engine/Content/EngineFonts/Faces/RobotoBoldItalic.ufont" 27
"../../../Engine/Content/EngineFonts/Faces/RobotoBold.uexp" 28
"../../../Engine/Content/EngineFonts/Faces/RobotoBold.uasset" 29
"../../../Engine/Content/EngineFonts/Faces/RobotoBold.ufont" 30
"../../../Engine/Content/EngineFonts/Roboto.uasset" 31
"../../../Engine/Content/EngineFonts/Roboto.uexp" 32
"../../../Engine/Content/EngineFonts/Faces/DroidSansMono.uexp" 33
"../../../Engine/Content/EngineFonts/Faces/DroidSansMono.uasset" 34
"../../../Engine/Content/EngineFonts/Faces/DroidSansMono.ufont" 35
"../../../Engine/Content/EngineFonts/DroidSansMono.uasset" 36
"../../../Engine/Content/EngineFonts/DroidSansMono.uexp" 37
"../../../Engine/Plugins/Interchange/Runtime/Content/Pipelines/DefaultTexturePipeline.uasset" 38
"../../../Engine/Plugins/Interchange/Runtime/Content/Pipelines/DefaultTexturePipeline.uexp" 39
"../../../Engine/Plugins/Interchange/Runtime/Content/Pipelines/DefaultSceneLevelPipeline.uasset" 40
"../../../Engine/Plugins/Interchange/Runtime/Content/Pipelines/DefaultSceneLevelPipeline.uexp" 41
"../../../Engine/Plugins/Interchange/Runtime/Content/Pipelines/DefaultSceneAssetsPipeline.uasset" 42
"../../../Engine/Plugins/Interchange/Runtime/Content/Pipelines/DefaultSceneAssetsPipeline.uexp" 43
"../../../Engine/Plugins/Interchange/Runtime/Content/Pipelines/DefaultMaterialXPipeline.uasset" 44
"../../../Engine/Plugins/Interchange/Runtime/Content/Pipelines/DefaultMaterialXPipeline.uexp" 45
"../../../Engine/Plugins/Interchange/Runtime/Content/Pipelines/DefaultMaterialPipeline.uasset" 46
"../../../Engine/Plugins/Interchange/Runtime/Content/Pipelines/DefaultMaterialPipeline.uexp" 47
"../../../Engine/Plugins/Interchange/Runtime/Content/Pipelines/DefaultGLTFSceneAssetsPipeline.uasset" 48
"../../../Engine/Plugins/Interchange/Runtime/Content/Pipelines/DefaultGLTFSceneAssetsPipeline.uexp" 49
"../../../Engine/Plugins/Interchange/Runtime/Content/Pipelines/DefaultGLTFPipeline.uasset" 50
"../../../Engine/Plugins/Interchange/Runtime/Content/Pipelines/DefaultGLTFPipeline.uexp" 51
"../../../Engine/Plugins/Interchange/Runtime/Content/Pipelines/DefaultGLTFAssetsPipeline.uasset" 52
"../../../Engine/Plugins/Interchange/Runtime/Content/Pipelines/DefaultGLTFAssetsPipeline.uexp" 53
"../../../Engine/Plugins/Interchange/Runtime/Content/Pipelines/DefaultAssetsPipeline.uasset" 54
"../../../Engine/Plugins/Interchange/Runtime/Content/Pipelines/DefaultAssetsPipeline.uexp" 55
"../../../Engine/Content/EngineResources/GradientTexture0.uasset" 56
"../../../Engine/Content/EngineResources/GradientTexture0.uexp" 57
"../../../Engine/Content/EngineResources/Black.uasset" 58
"../../../Engine/Content/EngineResources/Black.uexp" 59
"../../../Engine/Content/EditorResources/S_Actor.ubulk" 60
"../../../Engine/Content/EditorResources/S_Actor.uasset" 61
"../../../Engine/Content/EditorResources/S_Actor.uexp" 62
"../../../Engine/Content/EditorResources/S_Trigger.ubulk" 63
"../../../Engine/Content/EditorResources/S_Trigger.uasset" 64
"../../../Engine/Content/EditorResources/S_Trigger.uexp" 65
"../../../Engine/Content/EditorResources/S_BoxReflectionCapture.uasset" 66
"../../../Engine/Content/EditorResources/S_BoxReflectionCapture.uexp" 67
"../../../Engine/Content/EditorResources/S_TriggerBox.uasset" 68
"../../../Engine/Content/EditorResources/S_TriggerBox.uexp" 69
"../../../Engine/Content/EditorResources/S_TriggerCapsule.uasset" 70
"../../../Engine/Content/EditorResources/S_TriggerCapsule.uexp" 71
"../../../Engine/Content/EditorResources/S_TriggerSphere.uasset" 72
"../../../Engine/Content/EditorResources/S_TriggerSphere.uexp" 73
"../../../Engine/Content/EngineMeshes/Sphere.ubulk" 74
"../../../Engine/Content/EngineMeshes/Sphere.uasset" 75
"../../../Engine/Content/EngineMeshes/Sphere.uexp" 76
"../../../Engine/Content/EngineResources/DefaultTextureCube.uasset" 77
"../../../Engine/Content/EngineResources/DefaultTextureCube.uexp" 78
"../../../Engine/Plugins/2D/Paper2D/Content/DefaultSpriteMaterial.uasset" 79
"../../../Engine/Plugins/2D/Paper2D/Content/DefaultSpriteMaterial.uexp" 80
"../../../Engine/Plugins/2D/Paper2D/Content/OpaqueUnlitSpriteMaterial.uasset" 81
"../../../Engine/Plugins/2D/Paper2D/Content/OpaqueUnlitSpriteMaterial.uexp" 82
"../../../Engine/Plugins/2D/Paper2D/Content/MaskedUnlitSpriteMaterial.uasset" 83
"../../../Engine/Plugins/2D/Paper2D/Content/MaskedUnlitSpriteMaterial.uexp" 84
"../../../Engine/Content/Functions/Engine_MaterialFunctions02/Utility/MakeFloat4.uasset" 85
"../../../Engine/Content/Functions/Engine_MaterialFunctions02/Utility/MakeFloat4.uexp" 86
"C:/Users/darcy/Documents/Unreal Projects/UnitB-Project/Content/highlightMaterial.uasset" 87
"C:/Users/darcy/Documents/Unreal Projects/UnitB-Project/Content/highlightMaterial.uexp" 88
"../../../Engine/Plugins/NNE/NNEDenoiser/Content/NNE_oidn2-3-0_rt_hdr_calb_cnrm_large__dyn__fp16_opset11_ForwardAlpha.uasset" 89
"../../../Engine/Plugins/NNE/NNEDenoiser/Content/NNE_oidn2-3-0_rt_hdr_calb_cnrm_large__dyn__fp16_opset11_ForwardAlpha.uexp" 90
"../../../Engine/Plugins/NNE/NNEDenoiser/Content/NNE_oidn2-3-0_rt_hdr_calb_cnrm_large__dyn__fp16_opset11_DenoiseAlpha.uasset" 91
"../../../Engine/Plugins/NNE/NNEDenoiser/Content/NNE_oidn2-3-0_rt_hdr_calb_cnrm_large__dyn__fp16_opset11_DenoiseAlpha.uexp" 92
"../../../Engine/Plugins/NNE/NNEDenoiser/Content/NNE_oidn2-3-0_rt_hdr_alb_nrm__dyn__fp16_opset11_ForwardAlpha.uasset" 93
"../../../Engine/Plugins/NNE/NNEDenoiser/Content/NNE_oidn2-3-0_rt_hdr_alb_nrm__dyn__fp16_opset11_ForwardAlpha.uexp" 94
"../../../Engine/Plugins/NNE/NNEDenoiser/Content/NNE_oidn2-3-0_rt_hdr_alb_nrm__dyn__fp16_opset11_DenoiseAlpha.uasset" 95
"../../../Engine/Plugins/NNE/NNEDenoiser/Content/NNE_oidn2-3-0_rt_hdr_alb_nrm__dyn__fp16_opset11_DenoiseAlpha.uexp" 96
"../../../Engine/Plugins/NNE/NNEDenoiser/Content/NNE_oidn2-3-0_rt_hdr_alb_nrm_small__dyn__fp16_opset11_ForwardAlpha.uasset" 97
"../../../Engine/Plugins/NNE/NNEDenoiser/Content/NNE_oidn2-3-0_rt_hdr_alb_nrm_small__dyn__fp16_opset11_ForwardAlpha.uexp" 98
"../../../Engine/Plugins/NNE/NNEDenoiser/Content/NNE_oidn2-3-0_rt_hdr_alb_nrm_small__dyn__fp16_opset11_DenoiseAlpha.uasset" 99
"../../../Engine/Plugins/NNE/NNEDenoiser/Content/NNE_oidn2-3-0_rt_hdr_alb_nrm_small__dyn__fp16_opset11_DenoiseAlpha.uexp" 100
"../../../Engine/Plugins/NNE/NNEDenoiser/Content/NNEDTOM_Output_Default.uasset" 101
"../../../Engine/Plugins/NNE/NNEDenoiser/Content/NNEDTOM_Output_Default.uexp" 102
"../../../Engine/Plugins/NNE/NNEDenoiser/Content/NNEDTOM_Output_Alpha.uasset" 103
"../../../Engine/Plugins/NNE/NNEDenoiser/Content/NNEDTOM_Output_Alpha.uexp" 104
"../../../Engine/Plugins/NNE/NNEDenoiser/Content/NNEDTIM_ColorAlbedoNormal_Default.uasset" 105
"../../../Engine/Plugins/NNE/NNEDenoiser/Content/NNEDTIM_ColorAlbedoNormal_Default.uexp" 106
"../../../Engine/Plugins/NNE/NNEDenoiser/Content/NNEDTIM_ColorAlbedoNormal_Alpha.uasset" 107
"../../../Engine/Plugins/NNE/NNEDenoiser/Content/NNEDTIM_ColorAlbedoNormal_Alpha.uexp" 108
"../../../Engine/Plugins/NNE/NNEDenoiser/Content/NNEDOM_Output_Default.uasset" 109
"../../../Engine/Plugins/NNE/NNEDenoiser/Content/NNEDOM_Output_Default.uexp" 110
"../../../Engine/Plugins/NNE/NNEDenoiser/Content/NNEDOM_Output_Alpha.uasset" 111
"../../../Engine/Plugins/NNE/NNEDenoiser/Content/NNEDOM_Output_Alpha.uexp" 112
"../../../Engine/Plugins/NNE/NNEDenoiser/Content/NNEDIM_HighQuality_Default.uasset" 113
"../../../Engine/Plugins/NNE/NNEDenoiser/Content/NNEDIM_HighQuality_Default.uexp" 114
"../../../Engine/Plugins/NNE/NNEDenoiser/Content/NNEDIM_HighQuality_Alpha.uasset" 115
"../../../Engine/Plugins/NNE/NNEDenoiser/Content/NNEDIM_HighQuality_Alpha.uexp" 116
"../../../Engine/Plugins/NNE/NNEDenoiser/Content/NNEDIM_ColorAlbedoNormal_Default.uasset" 117
"../../../Engine/Plugins/NNE/NNEDenoiser/Content/NNEDIM_ColorAlbedoNormal_Default.uexp" 118
"../../../Engine/Plugins/NNE/NNEDenoiser/Content/NNEDIM_ColorAlbedoNormal_Alpha.uasset" 119
"../../../Engine/Plugins/NNE/NNEDenoiser/Content/NNEDIM_ColorAlbedoNormal_Alpha.uexp" 120
"../../../Engine/Content/EngineMaterials/T_Default_Material_Grid_M.ubulk" 121
"../../../Engine/Content/EngineMaterials/T_Default_Material_Grid_M.uasset" 122
"../../../Engine/Content/EngineMaterials/T_Default_Material_Grid_M.uexp" 123
"../../../Engine/Content/Functions/Engine_MaterialFunctions01/Opacity/CameraDepthFade.uasset" 124
"../../../Engine/Content/Functions/Engine_MaterialFunctions01/Opacity/CameraDepthFade.uexp" 125
"../../../Engine/Content/EngineMaterials/T_Default_Material_Grid_N.ubulk" 126
"../../../Engine/Content/EngineMaterials/T_Default_Material_Grid_N.uasset" 127
"../../../Engine/Content/EngineMaterials/T_Default_Material_Grid_N.uexp" 128
"../../../Engine/Content/EngineMaterials/WorldGridMaterial.uasset" 129
"../../../Engine/Content/EngineMaterials/WorldGridMaterial.uexp" 130
"../../../Engine/Plugins/Media/MediaPlate/Content/SM_MediaPlateScreen.ubulk" 131
"../../../Engine/Plugins/Media/MediaPlate/Content/SM_MediaPlateScreen.uasset" 132
"../../../Engine/Plugins/Media/MediaPlate/Content/SM_MediaPlateScreen.uexp" 133
"../../../Engine/Content/Functions/Engine_MaterialFunctions02/WorldPositionOffset/CameraOffset.uasset" 134
"../../../Engine/Content/Functions/Engine_MaterialFunctions02/WorldPositionOffset/CameraOffset.uexp" 135
"../../../Engine/Plugins/Animation/ControlRig/Content/M_Manip.uasset" 136
"../../../Engine/Plugins/Animation/ControlRig/Content/M_Manip.uexp" 137
"../../../Engine/Content/EditorLandscapeResources/SplineEditorMeshMat.uasset" 138
"../../../Engine/Content/EditorLandscapeResources/SplineEditorMeshMat.uexp" 139
"../../../Engine/Content/EditorLandscapeResources/SplineEditorMesh.ubulk" 140
"../../../Engine/Content/EditorLandscapeResources/SplineEditorMesh.uasset" 141
"../../../Engine/Content/EditorLandscapeResources/SplineEditorMesh.uexp" 142
"../../../Engine/Content/EditorLandscapeResources/WhiteSquareTexture.uasset" 143
"../../../Engine/Content/EditorLandscapeResources/WhiteSquareTexture.uexp" 144
"../../../Engine/Content/EditorLandscapeResources/DefaultAlphaTexture.uasset" 145
"../../../Engine/Content/EditorLandscapeResources/DefaultAlphaTexture.uexp" 146
"../../../Engine/Content/Functions/Engine_MaterialFunctions03/Math/WithinRangeFloat2.uasset" 147
"../../../Engine/Content/Functions/Engine_MaterialFunctions03/Math/WithinRangeFloat2.uexp" 148
"../../../Engine/Content/EditorLandscapeResources/SelectBrushMaterial.uasset" 149
"../../../Engine/Content/EditorLandscapeResources/SelectBrushMaterial.uexp" 150
"../../../Engine/Content/EditorLandscapeResources/SelectBrushMaterial_SelectedRegion.uasset" 151
"../../../Engine/Content/EditorLandscapeResources/SelectBrushMaterial_SelectedRegion.uexp" 152
"../../../Engine/Content/EditorLandscapeResources/SelectBrushMaterial_Selected.uasset" 153
"../../../Engine/Content/EditorLandscapeResources/SelectBrushMaterial_Selected.uexp" 154
"../../../Engine/Content/Functions/Engine_MaterialFunctions02/Utility/MakeFloat3.uasset" 155
"../../../Engine/Content/Functions/Engine_MaterialFunctions02/Utility/MakeFloat3.uexp" 156
"../../../Engine/Content/EditorLandscapeResources/MaskBrushMaterial.uasset" 157
"../../../Engine/Content/EditorLandscapeResources/MaskBrushMaterial.uexp" 158
"../../../Engine/Content/EditorLandscapeResources/MaskBrushMaterial_MaskedRegion.uasset" 159
"../../../Engine/Content/EditorLandscapeResources/MaskBrushMaterial_MaskedRegion.uexp" 160
"../../../Engine/Content/EditorLandscapeResources/LayerVisMaterial.uasset" 161
"../../../Engine/Content/EditorLandscapeResources/LayerVisMaterial.uexp" 162
"../../../Engine/Content/Functions/Engine_MaterialFunctions02/Utility/BreakOutFloat2Components.uasset" 163
"../../../Engine/Content/Functions/Engine_MaterialFunctions02/Utility/BreakOutFloat2Components.uexp" 164
"../../../Engine/Content/Functions/Engine_MaterialFunctions01/Texturing/ScaleUVsByCenter.uasset" 165
"../../../Engine/Content/Functions/Engine_MaterialFunctions01/Texturing/ScaleUVsByCenter.uexp" 166
"../../../Engine/Content/Functions/Engine_MaterialFunctions02/WorldPositionOffset/LocalPosition.uasset" 167
"../../../Engine/Content/Functions/Engine_MaterialFunctions02/WorldPositionOffset/LocalPosition.uexp" 168
"../../../Engine/Content/EngineMaterials/DefaultDiffuse.ubulk" 169
"../../../Engine/Content/EngineMaterials/DefaultDiffuse.uasset" 170
"../../../Engine/Content/EngineMaterials/DefaultDiffuse.uexp" 171
"../../../Engine/Content/Functions/Engine_MaterialFunctions01/Texturing/TextureCropping.uasset" 172
"../../../Engine/Content/Functions/Engine_MaterialFunctions01/Texturing/TextureCropping.uexp" 173
"../../../Engine/Content/Functions/Engine_MaterialFunctions02/ExampleContent/DebugNumberStrip.uasset" 174
"../../../Engine/Content/Functions/Engine_MaterialFunctions02/ExampleContent/DebugNumberStrip.uexp" 175
"../../../Engine/Content/Functions/Engine_MaterialFunctions01/Debug/DebugIntValues.uasset" 176
"../../../Engine/Content/Functions/Engine_MaterialFunctions01/Debug/DebugIntValues.uexp" 177
"../../../Engine/Content/EditorLandscapeResources/LandscapeLayerUsageMaterial.uasset" 178
"../../../Engine/Content/EditorLandscapeResources/LandscapeLayerUsageMaterial.uexp" 179
"../../../Engine/Content/EditorLandscapeResources/LandscapeDirtyMaterial.uasset" 180
"../../../Engine/Content/EditorLandscapeResources/LandscapeDirtyMaterial.uexp" 181
"../../../Engine/Content/EditorLandscapeResources/ColorMaskBrushMaterial.uasset" 182
"../../../Engine/Content/EditorLandscapeResources/ColorMaskBrushMaterial.uexp" 183
"../../../Engine/Content/EditorLandscapeResources/ColorMaskBrushMaterial_MaskedRegion.uasset" 184
"../../../Engine/Content/EditorLandscapeResources/ColorMaskBrushMaterial_MaskedRegion.uexp" 185
"../../../Engine/Content/EngineMaterials/DefaultMaterial.uasset" 186
"../../../Engine/Content/EngineMaterials/DefaultMaterial.uexp" 187
"../../../Engine/Content/BasicShapes/Sphere.ubulk" 188
"../../../Engine/Content/BasicShapes/Sphere.uasset" 189
"../../../Engine/Content/BasicShapes/Sphere.uexp" 190
"../../../Engine/Content/BasicShapes/Plane.ubulk" 191
"../../../Engine/Content/BasicShapes/Plane.uasset" 192
"../../../Engine/Content/BasicShapes/Plane.uexp" 193
"../../../Engine/Content/BasicShapes/Cylinder.ubulk" 194
"../../../Engine/Content/BasicShapes/Cylinder.uasset" 195
"../../../Engine/Content/BasicShapes/Cylinder.uexp" 196
"../../../Engine/Content/BasicShapes/Cube.ubulk" 197
"../../../Engine/Content/BasicShapes/Cube.uasset" 198
"../../../Engine/Content/BasicShapes/Cube.uexp" 199
"../../../Engine/Content/BasicShapes/Cone.ubulk" 200
"../../../Engine/Content/BasicShapes/Cone.uasset" 201
"../../../Engine/Content/BasicShapes/Cone.uexp" 202
"../../../Engine/Content/BasicShapes/BasicShapeMaterial.uasset" 203
"../../../Engine/Content/BasicShapes/BasicShapeMaterial.uexp" 204
"../../../Engine/Content/MapTemplates/SM_Template_Map_Floor.ubulk" 205
"../../../Engine/Content/MapTemplates/SM_Template_Map_Floor.uasset" 206
"../../../Engine/Content/MapTemplates/SM_Template_Map_Floor.uexp" 207
"../../../Engine/Content/EngineSky/T_Sky_Stars.ubulk" 208
"../../../Engine/Content/EngineSky/T_Sky_Stars.uasset" 209
"../../../Engine/Content/EngineSky/T_Sky_Stars.uexp" 210
"../../../Engine/Content/EngineSky/T_Sky_Clouds_M.ubulk" 211
"../../../Engine/Content/EngineSky/T_Sky_Clouds_M.uasset" 212
"../../../Engine/Content/EngineSky/T_Sky_Clouds_M.uexp" 213
"../../../Engine/Content/EngineSky/T_Sky_Blue.ubulk" 214
"../../../Engine/Content/EngineSky/T_Sky_Blue.uasset" 215
"../../../Engine/Content/EngineSky/T_Sky_Blue.uexp" 216
"../../../Engine/Content/EngineSky/M_Sky_Panning_Clouds2.uasset" 217
"../../../Engine/Content/EngineSky/M_Sky_Panning_Clouds2.uexp" 218
"../../../Engine/Content/EngineSky/SM_SkySphere.ubulk" 219
"../../../Engine/Content/EngineSky/SM_SkySphere.uasset" 220
"../../../Engine/Content/EngineSky/SM_SkySphere.uexp" 221
"../../../Engine/Content/EngineSky/M_SimpleSkyDome.uasset" 222
"../../../Engine/Content/EngineSky/M_SimpleSkyDome.uexp" 223
"../../../Engine/Content/EngineResources/WhiteSquareTexture.uasset" 224
"../../../Engine/Content/EngineResources/WhiteSquareTexture.uexp" 225
"../../../Engine/Content/EngineMaterials/Widget3DPassThrough.uasset" 226
"../../../Engine/Content/EngineMaterials/Widget3DPassThrough.uexp" 227
"../../../Engine/Content/EngineMaterials/Widget3DPassThrough_Translucent.uasset" 228
"../../../Engine/Content/EngineMaterials/Widget3DPassThrough_Translucent.uexp" 229
"../../../Engine/Content/EngineMaterials/Widget3DPassThrough_Translucent_OneSided.uasset" 230
"../../../Engine/Content/EngineMaterials/Widget3DPassThrough_Translucent_OneSided.uexp" 231
"../../../Engine/Content/EngineMaterials/Widget3DPassThrough_Opaque.uasset" 232
"../../../Engine/Content/EngineMaterials/Widget3DPassThrough_Opaque.uexp" 233
"../../../Engine/Content/EngineMaterials/Widget3DPassThrough_Opaque_OneSided.uasset" 234
"../../../Engine/Content/EngineMaterials/Widget3DPassThrough_Opaque_OneSided.uexp" 235
"../../../Engine/Content/EngineMaterials/Widget3DPassThrough_Masked_OneSided.uasset" 236
"../../../Engine/Content/EngineMaterials/Widget3DPassThrough_Masked_OneSided.uexp" 237
"../../../Engine/Content/EngineMaterials/Widget3DPassThrough_Masked.uasset" 238
"../../../Engine/Content/EngineMaterials/Widget3DPassThrough_Masked.uexp" 239
"../../../Engine/Content/EngineMaterials/WeightMapPlaceholderTexture.uasset" 240
"../../../Engine/Content/EngineMaterials/WeightMapPlaceholderTexture.uexp" 241
"../../../Engine/Content/EngineMaterials/WeightMapArrayPlaceholderTexture.uasset" 242
"../../../Engine/Content/EngineMaterials/WeightMapArrayPlaceholderTexture.uexp" 243
"../../../Engine/Content/EngineMaterials/RemoveSurfaceMaterial.uasset" 244
"../../../Engine/Content/EngineMaterials/RemoveSurfaceMaterial.uexp" 245
"../../../Engine/Content/EngineMaterials/PreintegratedSkinBRDF.uasset" 246
"../../../Engine/Content/EngineMaterials/PreintegratedSkinBRDF.uexp" 247
"../../../Engine/Content/EngineMaterials/DefaultCalibrationGrayscale.uasset" 248
"../../../Engine/Content/EngineMaterials/DefaultCalibrationGrayscale.uexp" 249
"../../../Engine/Content/EngineMaterials/PPM_DefaultCalibrationGrayscale.uasset" 250
"../../../Engine/Content/EngineMaterials/PPM_DefaultCalibrationGrayscale.uexp" 251
"../../../Engine/Content/EngineMaterials/DefaultCalibrationColor.uasset" 252
"../../../Engine/Content/EngineMaterials/DefaultCalibrationColor.uexp" 253
"../../../Engine/Content/EngineMaterials/PPM_DefaultCalibrationColor.uasset" 254
"../../../Engine/Content/EngineMaterials/PPM_DefaultCalibrationColor.uexp" 255
"../../../Engine/Content/EngineMaterials/PhAT_JointLimitMaterial.uasset" 256
"../../../Engine/Content/EngineMaterials/PhAT_JointLimitMaterial.uexp" 257
"../../../Engine/Content/EngineMaterials/NaniteHiddenSectionMaterial.uasset" 258
"../../../Engine/Content/EngineMaterials/NaniteHiddenSectionMaterial.uexp" 259
"../../../Engine/Content/EngineMaterials/InvalidLightmapSettings.ubulk" 260
"../../../Engine/Content/EngineMaterials/InvalidLightmapSettings.uasset" 261
"../../../Engine/Content/EngineMaterials/InvalidLightmapSettings.uexp" 262
"../../../Engine/Content/EngineMaterials/M_InvalidLightmapSettings.uasset" 263
"../../../Engine/Content/EngineMaterials/M_InvalidLightmapSettings.uexp" 264
"../../../Engine/Content/EngineMaterials/MiniFont.uasset" 265
"../../../Engine/Content/EngineMaterials/MiniFont.uexp" 266
"../../../Engine/Content/EngineMaterials/GizmoMaterial.uasset" 267
"../../../Engine/Content/EngineMaterials/GizmoMaterial.uexp" 268
"../../../Engine/Content/EngineMaterials/Black_1x1_EXR_Texture_VT.ubulk" 269
"../../../Engine/Content/EngineMaterials/Black_1x1_EXR_Texture_VT.uasset" 270
"../../../Engine/Content/EngineMaterials/Black_1x1_EXR_Texture_VT.uexp" 271
"../../../Engine/Content/EngineMaterials/BaseFlattenNormalMap_VT.ubulk" 272
"../../../Engine/Content/EngineMaterials/BaseFlattenNormalMap_VT.uasset" 273
"../../../Engine/Content/EngineMaterials/BaseFlattenNormalMap_VT.uexp" 274
"../../../Engine/Content/EngineMaterials/BaseFlattenLinearColor_VT.ubulk" 275
"../../../Engine/Content/EngineMaterials/BaseFlattenLinearColor_VT.uasset" 276
"../../../Engine/Content/EngineMaterials/BaseFlattenLinearColor_VT.uexp" 277
"../../../Engine/Content/EngineMaterials/BaseFlattenGrayscaleMap_VT.ubulk" 278
"../../../Engine/Content/EngineMaterials/BaseFlattenGrayscaleMap_VT.uasset" 279
"../../../Engine/Content/EngineMaterials/BaseFlattenGrayscaleMap_VT.uexp" 280
"../../../Engine/Content/EngineMaterials/BaseFlattenEmissiveMap_VT.ubulk" 281
"../../../Engine/Content/EngineMaterials/BaseFlattenEmissiveMap_VT.uasset" 282
"../../../Engine/Content/EngineMaterials/BaseFlattenEmissiveMap_VT.uexp" 283
"../../../Engine/Content/EngineMaterials/BaseFlattenDiffuseMap_VT.ubulk" 284
"../../../Engine/Content/EngineMaterials/BaseFlattenDiffuseMap_VT.uasset" 285
"../../../Engine/Content/EngineMaterials/BaseFlattenDiffuseMap_VT.uexp" 286
"../../../Engine/Content/EngineMaterials/FlattenMaterial_WS_Normal_VT.uasset" 287
"../../../Engine/Content/EngineMaterials/FlattenMaterial_WS_Normal_VT.uexp" 288
"../../../Engine/Content/EngineMaterials/FlattenMaterial_VT.uasset" 289
"../../../Engine/Content/EngineMaterials/FlattenMaterial_VT.uexp" 290
"../../../Engine/Content/EngineMaterials/BaseFlattenLinearColor.uasset" 291
"../../../Engine/Content/EngineMaterials/BaseFlattenLinearColor.uexp" 292
"../../../Engine/Content/EngineMaterials/BaseFlattenNormalMap.uasset" 293
"../../../Engine/Content/EngineMaterials/BaseFlattenNormalMap.uexp" 294
"../../../Engine/Content/EngineMaterials/BaseFlattenDiffuseMap.uasset" 295
"../../../Engine/Content/EngineMaterials/BaseFlattenDiffuseMap.uexp" 296
"../../../Engine/Content/EngineMaterials/BaseFlattenEmissiveMap.uasset" 297
"../../../Engine/Content/EngineMaterials/BaseFlattenEmissiveMap.uexp" 298
"../../../Engine/Content/EngineMaterials/BaseFlattenGrayscaleMap.uasset" 299
"../../../Engine/Content/EngineMaterials/BaseFlattenGrayscaleMap.uexp" 300
"../../../Engine/Content/Functions/Engine_MaterialFunctions02/PivotPainter2/Black_1x1_EXR_Texture.uasset" 301
"../../../Engine/Content/Functions/Engine_MaterialFunctions02/PivotPainter2/Black_1x1_EXR_Texture.uexp" 302
"../../../Engine/Content/EngineMaterials/FlattenMaterial.uasset" 303
"../../../Engine/Content/EngineMaterials/FlattenMaterial.uexp" 304
"../../../Engine/Content/EngineMaterials/FastBlueNoise_vec2_128x128x64.uasset" 305
"../../../Engine/Content/EngineMaterials/FastBlueNoise_vec2_128x128x64.uexp" 306
"../../../Engine/Content/EngineMaterials/FastBlueNoise_scalar_128x128x8.uasset" 307
"../../../Engine/Content/EngineMaterials/FastBlueNoise_scalar_128x128x8.uexp" 308
"../../../Engine/Content/EngineMaterials/FastBlueNoise_scalar_128x128x64.uasset" 309
"../../../Engine/Content/EngineMaterials/FastBlueNoise_scalar_128x128x64.uexp" 310
"../../../Engine/Content/EngineMaterials/DefaultWhiteGrid_Low.uasset" 311
"../../../Engine/Content/EngineMaterials/DefaultWhiteGrid_Low.uexp" 312
"../../../Engine/Content/EngineMaterials/EmissiveMeshMaterial.uasset" 313
"../../../Engine/Content/EngineMaterials/EmissiveMeshMaterial.uexp" 314
"../../../Engine/Content/EngineMaterials/DefaultWhiteGrid.ubulk" 315
"../../../Engine/Content/EngineMaterials/DefaultWhiteGrid.uasset" 316
"../../../Engine/Content/EngineMaterials/DefaultWhiteGrid.uexp" 317
"../../../Engine/Content/EngineFonts/RobotoDistanceField.uasset" 318
"../../../Engine/Content/EngineFonts/RobotoDistanceField.uexp" 319
"../../../Engine/Content/EngineMaterials/DefaultTextMaterialOpaque.uasset" 320
"../../../Engine/Content/EngineMaterials/DefaultTextMaterialOpaque.uexp" 321
"../../../Engine/Content/EngineMaterials/DefaultPostProcessMaterial.uasset" 322
"../../../Engine/Content/EngineMaterials/DefaultPostProcessMaterial.uexp" 323
"../../../Engine/Content/EngineMaterials/DefaultLightFunctionMaterial.uasset" 324
"../../../Engine/Content/EngineMaterials/DefaultLightFunctionMaterial.uexp" 325
"../../../Engine/Content/EngineMaterials/DefaultDeferredDecalMaterial.uasset" 326
"../../../Engine/Content/EngineMaterials/DefaultDeferredDecalMaterial.uexp" 327
"../../../Engine/Content/EngineMaterials/DefaultBokeh.uasset" 328
"../../../Engine/Content/EngineMaterials/DefaultBokeh.uexp" 329
"../../../Engine/Content/EngineMaterials/DefaultBloomKernel.uasset" 330
"../../../Engine/Content/EngineMaterials/DefaultBloomKernel.uexp" 331
"../../../Engine/Content/Functions/Engine_MaterialFunctions02/Utility/CameraDirectionVector.uasset" 332
"../../../Engine/Content/Functions/Engine_MaterialFunctions02/Utility/CameraDirectionVector.uexp" 333
"../../../Engine/Content/EngineDebugMaterials/VolumeToRender.uasset" 334
"../../../Engine/Content/EngineDebugMaterials/VolumeToRender.uexp" 335
"../../../Engine/Content/EngineDebugMaterials/M_VolumeRenderSphereTracePP.uasset" 336
"../../../Engine/Content/EngineDebugMaterials/M_VolumeRenderSphereTracePP.uexp" 337
"../../../Engine/Content/EngineDebugMaterials/M_SimpleUnlitTranslucent.uasset" 338
"../../../Engine/Content/EngineDebugMaterials/M_SimpleUnlitTranslucent.uexp" 339
"../../../Engine/Content/EngineDebugMaterials/DebugMeshMaterial.uasset" 340
"../../../Engine/Content/EngineDebugMaterials/DebugMeshMaterial.uexp" 341
"../../../Engine/Content/EngineDebugMaterials/DebugEditorMaterial.uasset" 342
"../../../Engine/Content/EngineDebugMaterials/DebugEditorMaterial.uexp" 343
"../../../Engine/Content/EngineDamageTypes/DmgTypeBP_Environmental.uasset" 344
"../../../Engine/Content/EngineDamageTypes/DmgTypeBP_Environmental.uexp" 345
"../../../Engine/Content/EditorResources/S_Terrain.ubulk" 346
"../../../Engine/Content/EditorResources/S_Terrain.uasset" 347
"../../../Engine/Content/EditorResources/S_Terrain.uexp" 348
"../../../Engine/Content/EditorResources/S_Solver.ubulk" 349
"../../../Engine/Content/EditorResources/S_Solver.uasset" 350
"../../../Engine/Content/EditorResources/S_Solver.uexp" 351
"../../../Engine/Content/EditorResources/BSPVertex.uasset" 352
"../../../Engine/Content/EditorResources/BSPVertex.uexp" 353
"../../../Engine/Content/EditorMaterials/PreviewShadowIndicator.ubulk" 354
"../../../Engine/Content/EditorMaterials/PreviewShadowIndicator.uasset" 355
"../../../Engine/Content/EditorMaterials/PreviewShadowIndicator.uexp" 356
"../../../Engine/Content/EditorMaterials/PreviewShadowIndicatorMaterial.uasset" 357
"../../../Engine/Content/EditorMaterials/PreviewShadowIndicatorMaterial.uexp" 358
"../../../Engine/Content/EditorMaterials/PhAT_UnselectedMaterial.uasset" 359
"../../../Engine/Content/EditorMaterials/PhAT_UnselectedMaterial.uexp" 360
"../../../Engine/Content/EditorMaterials/PhAT_NoCollisionMaterial.uasset" 361
"../../../Engine/Content/EditorMaterials/PhAT_NoCollisionMaterial.uexp" 362
"../../../Engine/Plugins/VirtualProduction/CameraCalibrationCore/Content/Materials/M_DefaultOddSquare.uasset" 363
"../../../Engine/Plugins/VirtualProduction/CameraCalibrationCore/Content/Materials/M_DefaultOddSquare.uexp" 364
"../../../Engine/Plugins/VirtualProduction/CameraCalibrationCore/Content/Materials/M_DefaultEvenSquare.uasset" 365
"../../../Engine/Plugins/VirtualProduction/CameraCalibrationCore/Content/Materials/M_DefaultEvenSquare.uexp" 366
"../../../Engine/Plugins/Runtime/HairStrands/Content/Materials/HairMeshesDefaultMaterial.uasset" 367
"../../../Engine/Plugins/Runtime/HairStrands/Content/Materials/HairMeshesDefaultMaterial.uexp" 368
"../../../Engine/Plugins/Runtime/HairStrands/Content/Materials/HairDefaultMaterial.uasset" 369
"../../../Engine/Plugins/Runtime/HairStrands/Content/Materials/HairDefaultMaterial.uexp" 370
"../../../Engine/Content/Functions/Engine_MaterialFunctions02/Utility/MakeFloat2.uasset" 371
"../../../Engine/Content/Functions/Engine_MaterialFunctions02/Utility/MakeFloat2.uexp" 372
"../../../Engine/Plugins/Runtime/HairStrands/Content/Materials/HairGroupColors.uasset" 373
"../../../Engine/Plugins/Runtime/HairStrands/Content/Materials/HairGroupColors.uexp" 374
"../../../Engine/Content/EngineMaterials/HairColorMap.uasset" 375
"../../../Engine/Content/EngineMaterials/HairColorMap.uexp" 376
"../../../Engine/Content/EngineMaterials/HairDebugColor.uasset" 377
"../../../Engine/Content/EngineMaterials/HairDebugColor.uexp" 378
"../../../Engine/Plugins/Runtime/HairStrands/Content/Materials/HairDebugMaterial.uasset" 379
"../../../Engine/Plugins/Runtime/HairStrands/Content/Materials/HairDebugMaterial.uexp" 380
"../../../Engine/Plugins/Runtime/HairStrands/Content/Materials/HairCardsDefaultMaterial.uasset" 381
"../../../Engine/Plugins/Runtime/HairStrands/Content/Materials/HairCardsDefaultMaterial.uexp" 382
"../../../Engine/Plugins/Runtime/AudioWidgets/Content/Resources/ScrubHandleDown_Clamped.uasset" 383
"../../../Engine/Plugins/Runtime/AudioWidgets/Content/Resources/ScrubHandleDown_Clamped.uexp" 384
"../../../Engine/Plugins/Interchange/Assets/Content/Functions/MX_UsdPreviewSurface.uasset" 385
"../../../Engine/Plugins/Interchange/Assets/Content/Functions/MX_UsdPreviewSurface.uexp" 386
"../../../Engine/Plugins/Interchange/Assets/Content/Functions/MX_UniformEDF.uasset" 387
"../../../Engine/Plugins/Interchange/Assets/Content/Functions/MX_UniformEDF.uexp" 388
"../../../Engine/Plugins/Interchange/Assets/Content/Functions/MX_TranslucentBSDF.uasset" 389
"../../../Engine/Plugins/Interchange/Assets/Content/Functions/MX_TranslucentBSDF.uexp" 390
"../../../Engine/Plugins/Interchange/Assets/Content/Functions/MX_ThinFilmBSDF.uasset" 391
"../../../Engine/Plugins/Interchange/Assets/Content/Functions/MX_ThinFilmBSDF.uexp" 392
"../../../Engine/Plugins/Interchange/Assets/Content/Functions/MX_SurfaceUnlit.uasset" 393
"../../../Engine/Plugins/Interchange/Assets/Content/Functions/MX_SurfaceUnlit.uexp" 394
"../../../Engine/Plugins/Interchange/Assets/Content/Functions/MX_Surface.uasset" 395
"../../../Engine/Plugins/Interchange/Assets/Content/Functions/MX_Surface.uexp" 396
"../../../Engine/Plugins/Interchange/Assets/Content/Functions/MX_SubsurfaceBSDF.uasset" 397
"../../../Engine/Plugins/Interchange/Assets/Content/Functions/MX_SubsurfaceBSDF.uexp" 398
"../../../Engine/Plugins/Interchange/Assets/Content/Functions/MX_SheenBSDF.uasset" 399
"../../../Engine/Plugins/Interchange/Assets/Content/Functions/MX_SheenBSDF.uexp" 400
"../../../Engine/Plugins/Interchange/Assets/Content/Functions/MX_OrenNayarBSDF.uasset" 401
"../../../Engine/Plugins/Interchange/Assets/Content/Functions/MX_OrenNayarBSDF.uexp" 402
"../../../Engine/Plugins/Interchange/Assets/Content/Functions/MF_IridescenceNoLUT.uasset" 403
"../../../Engine/Plugins/Interchange/Assets/Content/Functions/MF_IridescenceNoLUT.uexp" 404
"../../../Engine/Plugins/Interchange/Assets/Content/Functions/MX_StandardSurface.uasset" 405
"../../../Engine/Plugins/Interchange/Assets/Content/Functions/MX_StandardSurface.uexp" 406
"../../../Engine/Plugins/Interchange/Assets/Content/Functions/MX_TransmissionSurface.uasset" 407
"../../../Engine/Plugins/Interchange/Assets/Content/Functions/MX_TransmissionSurface.uexp" 408
"../../../Engine/Plugins/Interchange/Assets/Content/Functions/MX_OpenPBR_Translucent.uasset" 409
"../../../Engine/Plugins/Interchange/Assets/Content/Functions/MX_OpenPBR_Translucent.uexp" 410
"../../../Engine/Plugins/Interchange/Assets/Content/Functions/MX_OpenPBR_Opaque.uasset" 411
"../../../Engine/Plugins/Interchange/Assets/Content/Functions/MX_OpenPBR_Opaque.uexp" 412
"../../../Engine/Plugins/Interchange/Assets/Content/Functions/MX_MeasuredEDF.uasset" 413
"../../../Engine/Plugins/Interchange/Assets/Content/Functions/MX_MeasuredEDF.uexp" 414
"../../../Engine/Plugins/Interchange/Assets/Content/Functions/MX_GeneralizedSchlickBSDF.uasset" 415
"../../../Engine/Plugins/Interchange/Assets/Content/Functions/MX_GeneralizedSchlickBSDF.uexp" 416
"../../../Engine/Plugins/Interchange/Assets/Content/Functions/MX_Displacement.uasset" 417
"../../../Engine/Plugins/Interchange/Assets/Content/Functions/MX_Displacement.uexp" 418
"../../../Engine/Plugins/Interchange/Assets/Content/Functions/MX_DielectricBSDF.uasset" 419
"../../../Engine/Plugins/Interchange/Assets/Content/Functions/MX_DielectricBSDF.uexp" 420
"../../../Engine/Plugins/Interchange/Assets/Content/Functions/MX_ConicalEDF.uasset" 421
"../../../Engine/Plugins/Interchange/Assets/Content/Functions/MX_ConicalEDF.uexp" 422
"../../../Engine/Plugins/Interchange/Assets/Content/Functions/MX_ConductorBSDF.uasset" 423
"../../../Engine/Plugins/Interchange/Assets/Content/Functions/MX_ConductorBSDF.uexp" 424
"../../../Engine/Plugins/Interchange/Assets/Content/Functions/MX_BurleyDiffuseBSDF.uasset" 425
"../../../Engine/Plugins/Interchange/Assets/Content/Functions/MX_BurleyDiffuseBSDF.uexp" 426
"../../../Engine/Plugins/Interchange/Assets/Content/Functions/MX_AnisotropicVDF.uasset" 427
"../../../Engine/Plugins/Interchange/Assets/Content/Functions/MX_AnisotropicVDF.uexp" 428
"../../../Engine/Plugins/Interchange/Assets/Content/Functions/MX_AbsorptionVDF.uasset" 429
"../../../Engine/Plugins/Interchange/Assets/Content/Functions/MX_AbsorptionVDF.uexp" 430
"../../../Engine/Content/Functions/Engine_MaterialFunctions02/Utility/VectorLength.uasset" 431
"../../../Engine/Content/Functions/Engine_MaterialFunctions02/Utility/VectorLength.uexp" 432
"../../../Engine/Content/Functions/Engine_MaterialFunctions02/Utility/BreakOutFloat3Components.uasset" 433
"../../../Engine/Content/Functions/Engine_MaterialFunctions02/Utility/BreakOutFloat3Components.uexp" 434
"../../../Engine/Content/Functions/Engine_MaterialFunctions02/WorldPositionOffset/ObjectScale.uasset" 435
"../../../Engine/Content/Functions/Engine_MaterialFunctions02/WorldPositionOffset/ObjectScale.uexp" 436
"../../../Engine/Content/Functions/Engine_MaterialFunctions02/SafeNormalize.uasset" 437
"../../../Engine/Content/Functions/Engine_MaterialFunctions02/SafeNormalize.uexp" 438
"../../../Engine/Plugins/Editor/SpeedTreeImporter/Content/SpeedTree9/UnpackInteger3.uasset" 439
"../../../Engine/Plugins/Editor/SpeedTreeImporter/Content/SpeedTree9/UnpackInteger3.uexp" 440
"../../../Engine/Plugins/Editor/SpeedTreeImporter/Content/SpeedTree9/UnpackDirection.uasset" 441
"../../../Engine/Plugins/Editor/SpeedTreeImporter/Content/SpeedTree9/UnpackDirection.uexp" 442
"../../../Engine/Plugins/Editor/SpeedTreeImporter/Content/SpeedTree9/game_wind_noise.ubulk" 443
"../../../Engine/Plugins/Editor/SpeedTreeImporter/Content/SpeedTree9/game_wind_noise.uasset" 444
"../../../Engine/Plugins/Editor/SpeedTreeImporter/Content/SpeedTree9/game_wind_noise.uexp" 445
"../../../Engine/Plugins/Editor/SpeedTreeImporter/Content/SpeedTree9/SpeedTreeWindMotion.uasset" 446
"../../../Engine/Plugins/Editor/SpeedTreeImporter/Content/SpeedTree9/SpeedTreeWindMotion.uexp" 447
"../../../Engine/Plugins/Editor/SpeedTreeImporter/Content/SpeedTree9/SpeedTreeBranchMotion.uasset" 448
"../../../Engine/Plugins/Editor/SpeedTreeImporter/Content/SpeedTree9/SpeedTreeBranchMotion.uexp" 449
"../../../Engine/Content/Functions/Engine_MaterialFunctions02/ObjectLocalBounds.uasset" 450
"../../../Engine/Content/Functions/Engine_MaterialFunctions02/ObjectLocalBounds.uexp" 451
"../../../Engine/Content/Functions/Engine_MaterialFunctions02/UVs/BoundingBoxBased_0-1_UVW.uasset" 452
"../../../Engine/Content/Functions/Engine_MaterialFunctions02/UVs/BoundingBoxBased_0-1_UVW.uexp" 453
"../../../Engine/Plugins/Editor/SpeedTreeImporter/Content/SpeedTree9/SpeedTreeWind.uasset" 454
"../../../Engine/Plugins/Editor/SpeedTreeImporter/Content/SpeedTree9/SpeedTreeWind.uexp" 455
"../../../Engine/Plugins/Editor/SpeedTreeImporter/Content/SpeedTree9/SpeedTreeCameraFacing.uasset" 456
"../../../Engine/Plugins/Editor/SpeedTreeImporter/Content/SpeedTree9/SpeedTreeCameraFacing.uexp" 457
"../../../Engine/Plugins/Editor/SpeedTreeImporter/Content/SpeedTree9/EmptyNormal.uasset" 458
"../../../Engine/Plugins/Editor/SpeedTreeImporter/Content/SpeedTree9/EmptyNormal.uexp" 459
"../../../Engine/Plugins/Editor/SpeedTreeImporter/Content/SpeedTree9/Empty.uasset" 460
"../../../Engine/Plugins/Editor/SpeedTreeImporter/Content/SpeedTree9/Empty.uexp" 461
"../../../Engine/Plugins/Editor/SpeedTreeImporter/Content/SpeedTree9/SpeedTreeMaster.uasset" 462
"../../../Engine/Plugins/Editor/SpeedTreeImporter/Content/SpeedTree9/SpeedTreeMaster.uexp" 463
"../../../Engine/Plugins/Editor/SpeedTreeImporter/Content/SpeedTree9/SpeedTreeBillboard.uasset" 464
"../../../Engine/Plugins/Editor/SpeedTreeImporter/Content/SpeedTree9/SpeedTreeBillboard.uexp" 465
"../../../Engine/Plugins/Editor/SpeedTreeImporter/Content/SpeedTree9/SpeedTreeBillboardMaster.uasset" 466
"../../../Engine/Plugins/Editor/SpeedTreeImporter/Content/SpeedTree9/SpeedTreeBillboardMaster.uexp" 467
"../../../Engine/Plugins/Animation/ControlRig/Content/Controls/ControlRig_Wedge_solid.ubulk" 468
"../../../Engine/Plugins/Animation/ControlRig/Content/Controls/ControlRig_Wedge_solid.uasset" 469
"../../../Engine/Plugins/Animation/ControlRig/Content/Controls/ControlRig_Wedge_solid.uexp" 470
"../../../Engine/Plugins/Animation/ControlRig/Content/Controls/ControlRig_Wedge_3mm.ubulk" 471
"../../../Engine/Plugins/Animation/ControlRig/Content/Controls/ControlRig_Wedge_3mm.uasset" 472
"../../../Engine/Plugins/Animation/ControlRig/Content/Controls/ControlRig_Wedge_3mm.uexp" 473
"../../../Engine/Plugins/Animation/ControlRig/Content/Controls/ControlRig_Wedge_1mm.ubulk" 474
"../../../Engine/Plugins/Animation/ControlRig/Content/Controls/ControlRig_Wedge_1mm.uasset" 475
"../../../Engine/Plugins/Animation/ControlRig/Content/Controls/ControlRig_Wedge_1mm.uexp" 476
"../../../Engine/Plugins/Animation/ControlRig/Content/Controls/ControlRig_Triangle_solid.ubulk" 477
"../../../Engine/Plugins/Animation/ControlRig/Content/Controls/ControlRig_Triangle_solid.uasset" 478
"../../../Engine/Plugins/Animation/ControlRig/Content/Controls/ControlRig_Triangle_solid.uexp" 479
"../../../Engine/Plugins/Animation/ControlRig/Content/Controls/ControlRig_Triangle_3mm.ubulk" 480
"../../../Engine/Plugins/Animation/ControlRig/Content/Controls/ControlRig_Triangle_3mm.uasset" 481
"../../../Engine/Plugins/Animation/ControlRig/Content/Controls/ControlRig_Triangle_3mm.uexp" 482
"../../../Engine/Plugins/Animation/ControlRig/Content/Controls/ControlRig_Triangle_1mm.ubulk" 483
"../../../Engine/Plugins/Animation/ControlRig/Content/Controls/ControlRig_Triangle_1mm.uasset" 484
"../../../Engine/Plugins/Animation/ControlRig/Content/Controls/ControlRig_Triangle_1mm.uexp" 485
"../../../Engine/Plugins/Animation/ControlRig/Content/Controls/ControlRig_Star4_solid.ubulk" 486
"../../../Engine/Plugins/Animation/ControlRig/Content/Controls/ControlRig_Star4_solid.uasset" 487
"../../../Engine/Plugins/Animation/ControlRig/Content/Controls/ControlRig_Star4_solid.uexp" 488
"../../../Engine/Plugins/Animation/ControlRig/Content/Controls/ControlRig_Star4_3mm.ubulk" 489
"../../../Engine/Plugins/Animation/ControlRig/Content/Controls/ControlRig_Star4_3mm.uasset" 490
"../../../Engine/Plugins/Animation/ControlRig/Content/Controls/ControlRig_Star4_3mm.uexp" 491
"../../../Engine/Plugins/Animation/ControlRig/Content/Controls/ControlRig_Star4_1mm.ubulk" 492
"../../../Engine/Plugins/Animation/ControlRig/Content/Controls/ControlRig_Star4_1mm.uasset" 493
"../../../Engine/Plugins/Animation/ControlRig/Content/Controls/ControlRig_Star4_1mm.uexp" 494
"../../../Engine/Plugins/Animation/ControlRig/Content/Controls/ControlRig_Square_solid.ubulk" 495
"../../../Engine/Plugins/Animation/ControlRig/Content/Controls/ControlRig_Square_solid.uasset" 496
"../../../Engine/Plugins/Animation/ControlRig/Content/Controls/ControlRig_Square_solid.uexp" 497
"../../../Engine/Plugins/Animation/ControlRig/Content/Controls/ControlRig_Square_3mm.ubulk" 498
"../../../Engine/Plugins/Animation/ControlRig/Content/Controls/ControlRig_Square_3mm.uasset" 499
"../../../Engine/Plugins/Animation/ControlRig/Content/Controls/ControlRig_Square_3mm.uexp" 500
"../../../Engine/Plugins/Animation/ControlRig/Content/Controls/ControlRig_Square_1mm.ubulk" 501
"../../../Engine/Plugins/Animation/ControlRig/Content/Controls/ControlRig_Square_1mm.uasset" 502
"../../../Engine/Plugins/Animation/ControlRig/Content/Controls/ControlRig_Square_1mm.uexp" 503
"../../../Engine/Plugins/Animation/ControlRig/Content/Controls/ControlRig_Sphere_solid.ubulk" 504
"../../../Engine/Plugins/Animation/ControlRig/Content/Controls/ControlRig_Sphere_solid.uasset" 505
"../../../Engine/Plugins/Animation/ControlRig/Content/Controls/ControlRig_Sphere_solid.uexp" 506
"../../../Engine/Plugins/Animation/ControlRig/Content/Controls/ControlRig_Sphere_3mm.ubulk" 507
"../../../Engine/Plugins/Animation/ControlRig/Content/Controls/ControlRig_Sphere_3mm.uasset" 508
"../../../Engine/Plugins/Animation/ControlRig/Content/Controls/ControlRig_Sphere_3mm.uexp" 509
"../../../Engine/Plugins/Animation/ControlRig/Content/Controls/ControlRig_Sphere_1mm.ubulk" 510
"../../../Engine/Plugins/Animation/ControlRig/Content/Controls/ControlRig_Sphere_1mm.uasset" 511
"../../../Engine/Plugins/Animation/ControlRig/Content/Controls/ControlRig_Sphere_1mm.uexp" 512
"../../../Engine/Plugins/Animation/ControlRig/Content/Controls/ControlRig_RoundedTriangle_solid.ubulk" 513
"../../../Engine/Plugins/Animation/ControlRig/Content/Controls/ControlRig_RoundedTriangle_solid.uasset" 514
"../../../Engine/Plugins/Animation/ControlRig/Content/Controls/ControlRig_RoundedTriangle_solid.uexp" 515
"../../../Engine/Plugins/Animation/ControlRig/Content/Controls/ControlRig_RoundedTriangle_3mm.ubulk" 516
"../../../Engine/Plugins/Animation/ControlRig/Content/Controls/ControlRig_RoundedTriangle_3mm.uasset" 517
"../../../Engine/Plugins/Animation/ControlRig/Content/Controls/ControlRig_RoundedTriangle_3mm.uexp" 518
"../../../Engine/Plugins/Animation/ControlRig/Content/Controls/ControlRig_RoundedTriangle_1mm.ubulk" 519
"../../../Engine/Plugins/Animation/ControlRig/Content/Controls/ControlRig_RoundedTriangle_1mm.uasset" 520
"../../../Engine/Plugins/Animation/ControlRig/Content/Controls/ControlRig_RoundedTriangle_1mm.uexp" 521
"../../../Engine/Plugins/Animation/ControlRig/Content/Controls/ControlRig_RoundedSquare_solid.ubulk" 522
"../../../Engine/Plugins/Animation/ControlRig/Content/Controls/ControlRig_RoundedSquare_solid.uasset" 523
"../../../Engine/Plugins/Animation/ControlRig/Content/Controls/ControlRig_RoundedSquare_solid.uexp" 524
"../../../Engine/Plugins/Animation/ControlRig/Content/Controls/ControlRig_RoundedSquare_3mm.ubulk" 525
"../../../Engine/Plugins/Animation/ControlRig/Content/Controls/ControlRig_RoundedSquare_3mm.uasset" 526
"../../../Engine/Plugins/Animation/ControlRig/Content/Controls/ControlRig_RoundedSquare_3mm.uexp" 527
"../../../Engine/Plugins/Animation/ControlRig/Content/Controls/ControlRig_RoundedSquare_1mm.ubulk" 528
"../../../Engine/Plugins/Animation/ControlRig/Content/Controls/ControlRig_RoundedSquare_1mm.uasset" 529
"../../../Engine/Plugins/Animation/ControlRig/Content/Controls/ControlRig_RoundedSquare_1mm.uexp" 530
"../../../Engine/Plugins/Animation/ControlRig/Content/Controls/ControlRig_QuarterCircle_solid.ubulk" 531
"../../../Engine/Plugins/Animation/ControlRig/Content/Controls/ControlRig_QuarterCircle_solid.uasset" 532
"../../../Engine/Plugins/Animation/ControlRig/Content/Controls/ControlRig_QuarterCircle_solid.uexp" 533
"../../../Engine/Plugins/Animation/ControlRig/Content/Controls/ControlRig_QuarterCircle_3mm.ubulk" 534
"../../../Engine/Plugins/Animation/ControlRig/Content/Controls/ControlRig_QuarterCircle_3mm.uasset" 535
"../../../Engine/Plugins/Animation/ControlRig/Content/Controls/ControlRig_QuarterCircle_3mm.uexp" 536
"../../../Engine/Plugins/Animation/ControlRig/Content/Controls/ControlRig_QuarterCircle_1mm.ubulk" 537
"../../../Engine/Plugins/Animation/ControlRig/Content/Controls/ControlRig_QuarterCircle_1mm.uasset" 538
"../../../Engine/Plugins/Animation/ControlRig/Content/Controls/ControlRig_QuarterCircle_1mm.uexp" 539
"../../../Engine/Plugins/Animation/ControlRig/Content/Controls/ControlRig_Pyramid_solid.ubulk" 540
"../../../Engine/Plugins/Animation/ControlRig/Content/Controls/ControlRig_Pyramid_solid.uasset" 541
"../../../Engine/Plugins/Animation/ControlRig/Content/Controls/ControlRig_Pyramid_solid.uexp" 542
"../../../Engine/Plugins/Animation/ControlRig/Content/Controls/ControlRig_Pyramid_3mm.ubulk" 543
"../../../Engine/Plugins/Animation/ControlRig/Content/Controls/ControlRig_Pyramid_3mm.uasset" 544
"../../../Engine/Plugins/Animation/ControlRig/Content/Controls/ControlRig_Pyramid_3mm.uexp" 545
"../../../Engine/Plugins/Animation/ControlRig/Content/Controls/ControlRig_Pyramid_1mm.ubulk" 546
"../../../Engine/Plugins/Animation/ControlRig/Content/Controls/ControlRig_Pyramid_1mm.uasset" 547
"../../../Engine/Plugins/Animation/ControlRig/Content/Controls/ControlRig_Pyramid_1mm.uexp" 548
"../../../Engine/Plugins/Animation/ControlRig/Content/Controls/ControlRig_Octagon_solid.ubulk" 549
"../../../Engine/Plugins/Animation/ControlRig/Content/Controls/ControlRig_Octagon_solid.uasset" 550
"../../../Engine/Plugins/Animation/ControlRig/Content/Controls/ControlRig_Octagon_solid.uexp" 551
"../../../Engine/Plugins/Animation/ControlRig/Content/Controls/ControlRig_Octagon_3mm.ubulk" 552
"../../../Engine/Plugins/Animation/ControlRig/Content/Controls/ControlRig_Octagon_3mm.uasset" 553
"../../../Engine/Plugins/Animation/ControlRig/Content/Controls/ControlRig_Octagon_3mm.uexp" 554
"../../../Engine/Plugins/Animation/ControlRig/Content/Controls/ControlRig_Octagon_1mm.ubulk" 555
"../../../Engine/Plugins/Animation/ControlRig/Content/Controls/ControlRig_Octagon_1mm.uasset" 556
"../../../Engine/Plugins/Animation/ControlRig/Content/Controls/ControlRig_Octagon_1mm.uexp" 557
"../../../Engine/Plugins/Animation/ControlRig/Content/Controls/ControlRig_Hexagon_solid.ubulk" 558
"../../../Engine/Plugins/Animation/ControlRig/Content/Controls/ControlRig_Hexagon_solid.uasset" 559
"../../../Engine/Plugins/Animation/ControlRig/Content/Controls/ControlRig_Hexagon_solid.uexp" 560
"../../../Engine/Plugins/Animation/ControlRig/Content/Controls/ControlRig_Hexagon_3mm.ubulk" 561
"../../../Engine/Plugins/Animation/ControlRig/Content/Controls/ControlRig_Hexagon_3mm.uasset" 562
"../../../Engine/Plugins/Animation/ControlRig/Content/Controls/ControlRig_Hexagon_3mm.uexp" 563
"../../../Engine/Plugins/Animation/ControlRig/Content/Controls/ControlRig_Hexagon_1mm.ubulk" 564
"../../../Engine/Plugins/Animation/ControlRig/Content/Controls/ControlRig_Hexagon_1mm.uasset" 565
"../../../Engine/Plugins/Animation/ControlRig/Content/Controls/ControlRig_Hexagon_1mm.uexp" 566
"../../../Engine/Plugins/Animation/ControlRig/Content/Controls/ControlRig_HalfCircle_solid.ubulk" 567
"../../../Engine/Plugins/Animation/ControlRig/Content/Controls/ControlRig_HalfCircle_solid.uasset" 568
"../../../Engine/Plugins/Animation/ControlRig/Content/Controls/ControlRig_HalfCircle_solid.uexp" 569
"../../../Engine/Plugins/Animation/ControlRig/Content/Controls/ControlRig_HalfCircle_3mm.ubulk" 570
"../../../Engine/Plugins/Animation/ControlRig/Content/Controls/ControlRig_HalfCircle_3mm.uasset" 571
"../../../Engine/Plugins/Animation/ControlRig/Content/Controls/ControlRig_HalfCircle_3mm.uexp" 572
"../../../Engine/Plugins/Animation/ControlRig/Content/Controls/ControlRig_HalfCircle_1mm.ubulk" 573
"../../../Engine/Plugins/Animation/ControlRig/Content/Controls/ControlRig_HalfCircle_1mm.uasset" 574
"../../../Engine/Plugins/Animation/ControlRig/Content/Controls/ControlRig_HalfCircle_1mm.uexp" 575
"../../../Engine/Plugins/Animation/ControlRig/Content/Controls/ControlRig_Diamond_solid.ubulk" 576
"../../../Engine/Plugins/Animation/ControlRig/Content/Controls/ControlRig_Diamond_solid.uasset" 577
"../../../Engine/Plugins/Animation/ControlRig/Content/Controls/ControlRig_Diamond_solid.uexp" 578
"../../../Engine/Plugins/Animation/ControlRig/Content/Controls/ControlRig_Diamond_3mm.ubulk" 579
"../../../Engine/Plugins/Animation/ControlRig/Content/Controls/ControlRig_Diamond_3mm.uasset" 580
"../../../Engine/Plugins/Animation/ControlRig/Content/Controls/ControlRig_Diamond_3mm.uexp" 581
"../../../Engine/Plugins/Animation/ControlRig/Content/Controls/ControlRig_Diamond_1mm.ubulk" 582
"../../../Engine/Plugins/Animation/ControlRig/Content/Controls/ControlRig_Diamond_1mm.uasset" 583
"../../../Engine/Plugins/Animation/ControlRig/Content/Controls/ControlRig_Diamond_1mm.uexp" 584
"../../../Engine/Plugins/Animation/ControlRig/Content/Controls/ControlRig_Circle_solid.ubulk" 585
"../../../Engine/Plugins/Animation/ControlRig/Content/Controls/ControlRig_Circle_solid.uasset" 586
"../../../Engine/Plugins/Animation/ControlRig/Content/Controls/ControlRig_Circle_solid.uexp" 587
"../../../Engine/Plugins/Animation/ControlRig/Content/Controls/ControlRig_Circle_3mm.ubulk" 588
"../../../Engine/Plugins/Animation/ControlRig/Content/Controls/ControlRig_Circle_3mm.uasset" 589
"../../../Engine/Plugins/Animation/ControlRig/Content/Controls/ControlRig_Circle_3mm.uexp" 590
"../../../Engine/Plugins/Animation/ControlRig/Content/Controls/ControlRig_Circle_1mm.ubulk" 591
"../../../Engine/Plugins/Animation/ControlRig/Content/Controls/ControlRig_Circle_1mm.uasset" 592
"../../../Engine/Plugins/Animation/ControlRig/Content/Controls/ControlRig_Circle_1mm.uexp" 593
"../../../Engine/Plugins/Animation/ControlRig/Content/Controls/ControlRig_Box_solid.ubulk" 594
"../../../Engine/Plugins/Animation/ControlRig/Content/Controls/ControlRig_Box_solid.uasset" 595
"../../../Engine/Plugins/Animation/ControlRig/Content/Controls/ControlRig_Box_solid.uexp" 596
"../../../Engine/Plugins/Animation/ControlRig/Content/Controls/ControlRig_Box_3mm.ubulk" 597
"../../../Engine/Plugins/Animation/ControlRig/Content/Controls/ControlRig_Box_3mm.uasset" 598
"../../../Engine/Plugins/Animation/ControlRig/Content/Controls/ControlRig_Box_3mm.uexp" 599
"../../../Engine/Plugins/Animation/ControlRig/Content/Controls/ControlRig_Box_1mm.ubulk" 600
"../../../Engine/Plugins/Animation/ControlRig/Content/Controls/ControlRig_Box_1mm.uasset" 601
"../../../Engine/Plugins/Animation/ControlRig/Content/Controls/ControlRig_Box_1mm.uexp" 602
"../../../Engine/Plugins/Animation/ControlRig/Content/Controls/ControlRig_Arrow_solid.ubulk" 603
"../../../Engine/Plugins/Animation/ControlRig/Content/Controls/ControlRig_Arrow_solid.uasset" 604
"../../../Engine/Plugins/Animation/ControlRig/Content/Controls/ControlRig_Arrow_solid.uexp" 605
"../../../Engine/Plugins/Animation/ControlRig/Content/Controls/ControlRig_Arrow_3mm.ubulk" 606
"../../../Engine/Plugins/Animation/ControlRig/Content/Controls/ControlRig_Arrow_3mm.uasset" 607
"../../../Engine/Plugins/Animation/ControlRig/Content/Controls/ControlRig_Arrow_3mm.uexp" 608
"../../../Engine/Plugins/Animation/ControlRig/Content/Controls/ControlRig_Arrow_1mm.ubulk" 609
"../../../Engine/Plugins/Animation/ControlRig/Content/Controls/ControlRig_Arrow_1mm.uasset" 610
"../../../Engine/Plugins/Animation/ControlRig/Content/Controls/ControlRig_Arrow_1mm.uexp" 611
"../../../Engine/Plugins/Animation/ControlRig/Content/Controls/ControlRig_Arrow4_solid.ubulk" 612
"../../../Engine/Plugins/Animation/ControlRig/Content/Controls/ControlRig_Arrow4_solid.uasset" 613
"../../../Engine/Plugins/Animation/ControlRig/Content/Controls/ControlRig_Arrow4_solid.uexp" 614
"../../../Engine/Plugins/Animation/ControlRig/Content/Controls/ControlRig_Arrow4_3mm.ubulk" 615
"../../../Engine/Plugins/Animation/ControlRig/Content/Controls/ControlRig_Arrow4_3mm.uasset" 616
"../../../Engine/Plugins/Animation/ControlRig/Content/Controls/ControlRig_Arrow4_3mm.uexp" 617
"../../../Engine/Plugins/Animation/ControlRig/Content/Controls/ControlRig_Arrow4_1mm.ubulk" 618
"../../../Engine/Plugins/Animation/ControlRig/Content/Controls/ControlRig_Arrow4_1mm.uasset" 619
"../../../Engine/Plugins/Animation/ControlRig/Content/Controls/ControlRig_Arrow4_1mm.uexp" 620
"../../../Engine/Plugins/Animation/ControlRig/Content/Controls/ControlRig_Arrow2_solid.ubulk" 621
"../../../Engine/Plugins/Animation/ControlRig/Content/Controls/ControlRig_Arrow2_solid.uasset" 622
"../../../Engine/Plugins/Animation/ControlRig/Content/Controls/ControlRig_Arrow2_solid.uexp" 623
"../../../Engine/Plugins/Animation/ControlRig/Content/Controls/ControlRig_Arrow2_3mm.ubulk" 624
"../../../Engine/Plugins/Animation/ControlRig/Content/Controls/ControlRig_Arrow2_3mm.uasset" 625
"../../../Engine/Plugins/Animation/ControlRig/Content/Controls/ControlRig_Arrow2_3mm.uexp" 626
"../../../Engine/Plugins/Animation/ControlRig/Content/Controls/ControlRig_Arrow2_1mm.ubulk" 627
"../../../Engine/Plugins/Animation/ControlRig/Content/Controls/ControlRig_Arrow2_1mm.uasset" 628
"../../../Engine/Plugins/Animation/ControlRig/Content/Controls/ControlRig_Arrow2_1mm.uexp" 629
"../../../Engine/Plugins/Animation/ControlRig/Content/Controls/ControlRigXRayMaterial.uasset" 630
"../../../Engine/Plugins/Animation/ControlRig/Content/Controls/ControlRigXRayMaterial.uexp" 631
"../../../Engine/Plugins/Animation/ControlRig/Content/Controls/ControlRigGizmoMaterial.uasset" 632
"../../../Engine/Plugins/Animation/ControlRig/Content/Controls/ControlRigGizmoMaterial.uexp" 633
"../../../Engine/Content/EditorMaterials/ParticleSystems/PSysThumbnail_OOD.ubulk" 634
"../../../Engine/Content/EditorMaterials/ParticleSystems/PSysThumbnail_OOD.uasset" 635
"../../../Engine/Content/EditorMaterials/ParticleSystems/PSysThumbnail_OOD.uexp" 636
"../../../Engine/Content/EditorMaterials/ParticleSystems/PSysThumbnail_NoImage.ubulk" 637
"../../../Engine/Content/EditorMaterials/ParticleSystems/PSysThumbnail_NoImage.uasset" 638
"../../../Engine/Content/EditorMaterials/ParticleSystems/PSysThumbnail_NoImage.uexp" 639
"../../../Engine/Content/EditorMaterials/Dataflow/DataflowVertexMaterial.uasset" 640
"../../../Engine/Content/EditorMaterials/Dataflow/DataflowVertexMaterial.uexp" 641
"../../../Engine/Content/EditorMaterials/Dataflow/DataflowTwoSidedVertexMaterial.uasset" 642
"../../../Engine/Content/EditorMaterials/Dataflow/DataflowTwoSidedVertexMaterial.uexp" 643
"../../../Engine/Content/EngineSky/VolumetricClouds/VT_PerlinWorley_Balanced.uasset" 644
"../../../Engine/Content/EngineSky/VolumetricClouds/VT_PerlinWorley_Balanced.uexp" 645
"../../../Engine/Content/EngineSky/VolumetricClouds/T_Profile_08.ubulk" 646
"../../../Engine/Content/EngineSky/VolumetricClouds/T_Profile_08.uasset" 647
"../../../Engine/Content/EngineSky/VolumetricClouds/T_Profile_08.uexp" 648
"../../../Engine/Content/EngineSky/VolumetricClouds/T_CloudPattern.ubulk" 649
"../../../Engine/Content/EngineSky/VolumetricClouds/T_CloudPattern.uasset" 650
"../../../Engine/Content/EngineSky/VolumetricClouds/T_CloudPattern.uexp" 651
"../../../Engine/Content/EngineSky/VolumetricClouds/T_CloudMask.ubulk" 652
"../../../Engine/Content/EngineSky/VolumetricClouds/T_CloudMask.uasset" 653
"../../../Engine/Content/EngineSky/VolumetricClouds/T_CloudMask.uexp" 654
"../../../Engine/Content/Functions/Engine_MaterialFunctions02/Utility/BreakOutFloat4Components.uasset" 655
"../../../Engine/Content/Functions/Engine_MaterialFunctions02/Utility/BreakOutFloat4Components.uexp" 656
"../../../Engine/Content/EngineResources/DefaultVolumeTexture2D.uasset" 657
"../../../Engine/Content/EngineResources/DefaultVolumeTexture2D.uexp" 658
"../../../Engine/Content/EngineResources/DefaultVolumeTexture.uasset" 659
"../../../Engine/Content/EngineResources/DefaultVolumeTexture.uexp" 660
"../../../Engine/Content/EngineSky/VolumetricClouds/VT_Lightning.uasset" 661
"../../../Engine/Content/EngineSky/VolumetricClouds/VT_Lightning.uexp" 662
"../../../Engine/Content/Functions/Engine_MaterialFunctions01/Units/Km-to-Cm.uasset" 663
"../../../Engine/Content/Functions/Engine_MaterialFunctions01/Units/Km-to-Cm.uexp" 664
"../../../Engine/Content/EngineSky/VolumetricClouds/m_SimpleVolumetricCloud.uasset" 665
"../../../Engine/Content/EngineSky/VolumetricClouds/m_SimpleVolumetricCloud.uexp" 666
"../../../Engine/Content/EngineSky/VolumetricClouds/m_SimpleVolumetricCloud_Inst.uasset" 667
"../../../Engine/Content/EngineSky/VolumetricClouds/m_SimpleVolumetricCloud_Inst.uexp" 668
"../../../Engine/Content/EngineResources/FilmGrains/Marcie_Grain_v3_128_M2_000.uasset" 669
"../../../Engine/Content/EngineResources/FilmGrains/Marcie_Grain_v3_128_M2_000.uexp" 670
"../../../Engine/Content/EngineResources/Development/ZenLogo_64.uasset" 671
"../../../Engine/Content/EngineResources/Development/ZenLogo_64.uexp" 672
"../../../Engine/Content/EngineMaterials/LTC/Sheen_LTC.uasset" 673
"../../../Engine/Content/EngineMaterials/LTC/Sheen_LTC.uexp" 674
"../../../Engine/Content/EngineMaterials/LTC/GGX_LTCMat.uasset" 675
"../../../Engine/Content/EngineMaterials/LTC/GGX_LTCMat.uexp" 676
"../../../Engine/Content/EngineMaterials/LTC/GGX_LTCAmp.uasset" 677
"../../../Engine/Content/EngineMaterials/LTC/GGX_LTCAmp.uexp" 678
"../../../Engine/Content/EngineMaterials/EnergyConservation/Sheen_Energy.uasset" 679
"../../../Engine/Content/EngineMaterials/EnergyConservation/Sheen_Energy.uexp" 680
"../../../Engine/Content/EngineMaterials/EnergyConservation/SheenLegacy_Energy.uasset" 681
"../../../Engine/Content/EngineMaterials/EnergyConservation/SheenLegacy_Energy.uexp" 682
"../../../Engine/Content/EngineMaterials/EnergyConservation/GGX_TransmissionEnergyArray.uasset" 683
"../../../Engine/Content/EngineMaterials/EnergyConservation/GGX_TransmissionEnergyArray.uexp" 684
"../../../Engine/Content/EngineMaterials/EnergyConservation/GGX_ReflectionEnergy.uasset" 685
"../../../Engine/Content/EngineMaterials/EnergyConservation/GGX_ReflectionEnergy.uexp" 686
"../../../Engine/Content/EngineMaterials/EnergyConservation/Diffuse_Energy.uasset" 687
"../../../Engine/Content/EngineMaterials/EnergyConservation/Diffuse_Energy.uexp" 688
"../../../Engine/Content/EditorResources/SequenceRecorder/RecordingIndicator.uasset" 689
"../../../Engine/Content/EditorResources/SequenceRecorder/RecordingIndicator.uexp" 690
"../../../Engine/Content/EditorResources/SequenceRecorder/Countdown.uasset" 691
"../../../Engine/Content/EditorResources/SequenceRecorder/Countdown.uexp" 692
"../../../Engine/Content/EditorMaterials/Camera/CineMat.uasset" 693
"../../../Engine/Content/EditorMaterials/Camera/CineMat.uexp" 694
"../../../Engine/Content/EditorMaterials/Camera/MI_CineMat_Rig.uasset" 695
"../../../Engine/Content/EditorMaterials/Camera/MI_CineMat_Rig.uexp" 696
"../../../Engine/Content/EditorMeshes/Camera/SM_RailRig_Track.ubulk" 697
"../../../Engine/Content/EditorMeshes/Camera/SM_RailRig_Track.uasset" 698
"../../../Engine/Content/EditorMeshes/Camera/SM_RailRig_Track.uexp" 699
"../../../Engine/Content/EditorMeshes/Camera/SM_RailRig_Mount.ubulk" 700
"../../../Engine/Content/EditorMeshes/Camera/SM_RailRig_Mount.uasset" 701
"../../../Engine/Content/EditorMeshes/Camera/SM_RailRig_Mount.uexp" 702
"../../../Engine/Content/EditorMeshes/Camera/SM_CraneRig_Mount.ubulk" 703
"../../../Engine/Content/EditorMeshes/Camera/SM_CraneRig_Mount.uasset" 704
"../../../Engine/Content/EditorMeshes/Camera/SM_CraneRig_Mount.uexp" 705
"../../../Engine/Content/EditorMeshes/Camera/SM_CraneRig_Body.ubulk" 706
"../../../Engine/Content/EditorMeshes/Camera/SM_CraneRig_Body.uasset" 707
"../../../Engine/Content/EditorMeshes/Camera/SM_CraneRig_Body.uexp" 708
"../../../Engine/Content/EditorMeshes/Camera/SM_CraneRig_Base.ubulk" 709
"../../../Engine/Content/EditorMeshes/Camera/SM_CraneRig_Base.uasset" 710
"../../../Engine/Content/EditorMeshes/Camera/SM_CraneRig_Base.uexp" 711
"../../../Engine/Content/EditorMeshes/Camera/SM_CraneRig_Arm.ubulk" 712
"../../../Engine/Content/EditorMeshes/Camera/SM_CraneRig_Arm.uasset" 713
"../../../Engine/Content/EditorMeshes/Camera/SM_CraneRig_Arm.uexp" 714
"C:/Users/darcy/Documents/Unreal Projects/UnitB-Project/Content/Assets/trowel/initialShadingGroup_Roughness.ubulk" 715
"C:/Users/darcy/Documents/Unreal Projects/UnitB-Project/Content/Assets/trowel/initialShadingGroup_Roughness.uasset" 716
"C:/Users/darcy/Documents/Unreal Projects/UnitB-Project/Content/Assets/trowel/initialShadingGroup_Roughness.uexp" 717
"C:/Users/darcy/Documents/Unreal Projects/UnitB-Project/Content/Assets/trowel/initialShadingGroup_Normal.ubulk" 718
"C:/Users/darcy/Documents/Unreal Projects/UnitB-Project/Content/Assets/trowel/initialShadingGroup_Normal.uasset" 719
"C:/Users/darcy/Documents/Unreal Projects/UnitB-Project/Content/Assets/trowel/initialShadingGroup_Normal.uexp" 720
"C:/Users/darcy/Documents/Unreal Projects/UnitB-Project/Content/Assets/trowel/initialShadingGroup_Metallic.ubulk" 721
"C:/Users/darcy/Documents/Unreal Projects/UnitB-Project/Content/Assets/trowel/initialShadingGroup_Metallic.uasset" 722
"C:/Users/darcy/Documents/Unreal Projects/UnitB-Project/Content/Assets/trowel/initialShadingGroup_Metallic.uexp" 723
"C:/Users/darcy/Documents/Unreal Projects/UnitB-Project/Content/Assets/trowel/initialShadingGroup_Height.ubulk" 724
"C:/Users/darcy/Documents/Unreal Projects/UnitB-Project/Content/Assets/trowel/initialShadingGroup_Height.uasset" 725
"C:/Users/darcy/Documents/Unreal Projects/UnitB-Project/Content/Assets/trowel/initialShadingGroup_Height.uexp" 726
"C:/Users/darcy/Documents/Unreal Projects/UnitB-Project/Content/Assets/trowel/initialShadingGroup_Base_color.ubulk" 727
"C:/Users/darcy/Documents/Unreal Projects/UnitB-Project/Content/Assets/trowel/initialShadingGroup_Base_color.uasset" 728
"C:/Users/darcy/Documents/Unreal Projects/UnitB-Project/Content/Assets/trowel/initialShadingGroup_Base_color.uexp" 729
"C:/Users/darcy/Documents/Unreal Projects/UnitB-Project/Content/Assets/trowel/trowelmat.uasset" 730
"C:/Users/darcy/Documents/Unreal Projects/UnitB-Project/Content/Assets/trowel/trowelmat.uexp" 731
"C:/Users/darcy/Documents/Unreal Projects/UnitB-Project/Content/Assets/trowel/trowel.ubulk" 732
"C:/Users/darcy/Documents/Unreal Projects/UnitB-Project/Content/Assets/trowel/trowel.uasset" 733
"C:/Users/darcy/Documents/Unreal Projects/UnitB-Project/Content/Assets/trowel/trowel.uexp" 734
"C:/Users/darcy/Documents/Unreal Projects/UnitB-Project/Content/Assets/tombroomnew/Trim_sheet_1_standardSurface1_BaseColor.ubulk" 735
"C:/Users/darcy/Documents/Unreal Projects/UnitB-Project/Content/Assets/tombroomnew/Trim_sheet_1_standardSurface1_BaseColor.uasset" 736
"C:/Users/darcy/Documents/Unreal Projects/UnitB-Project/Content/Assets/tombroomnew/Trim_sheet_1_standardSurface1_BaseColor.uexp" 737
"C:/Users/darcy/Documents/Unreal Projects/UnitB-Project/Content/Assets/tombroomnew/lambert1.uasset" 738
"C:/Users/darcy/Documents/Unreal Projects/UnitB-Project/Content/Assets/tombroomnew/lambert1.uexp" 739
"C:/Users/darcy/Documents/Unreal Projects/UnitB-Project/Content/Assets/tombroomnew/polySurface30.ubulk" 740
"C:/Users/darcy/Documents/Unreal Projects/UnitB-Project/Content/Assets/tombroomnew/polySurface30.uasset" 741
"C:/Users/darcy/Documents/Unreal Projects/UnitB-Project/Content/Assets/tombroomnew/polySurface30.uexp" 742
"C:/Users/darcy/Documents/Unreal Projects/UnitB-Project/Content/Assets/tombroomnew/lambert3.uasset" 743
"C:/Users/darcy/Documents/Unreal Projects/UnitB-Project/Content/Assets/tombroomnew/lambert3.uexp" 744
"C:/Users/darcy/Documents/Unreal Projects/UnitB-Project/Content/Assets/tombroomnew/polySurface1.ubulk" 745
"C:/Users/darcy/Documents/Unreal Projects/UnitB-Project/Content/Assets/tombroomnew/polySurface1.uasset" 746
"C:/Users/darcy/Documents/Unreal Projects/UnitB-Project/Content/Assets/tombroomnew/polySurface1.uexp" 747
"C:/Users/darcy/Documents/Unreal Projects/UnitB-Project/Content/Assets/tombroom/initialShadingGroup_Roughness.ubulk" 748
"C:/Users/darcy/Documents/Unreal Projects/UnitB-Project/Content/Assets/tombroom/initialShadingGroup_Roughness.uasset" 749
"C:/Users/darcy/Documents/Unreal Projects/UnitB-Project/Content/Assets/tombroom/initialShadingGroup_Roughness.uexp" 750
"C:/Users/darcy/Documents/Unreal Projects/UnitB-Project/Content/Assets/tombroom/initialShadingGroup_Normal.ubulk" 751
"C:/Users/darcy/Documents/Unreal Projects/UnitB-Project/Content/Assets/tombroom/initialShadingGroup_Normal.uasset" 752
"C:/Users/darcy/Documents/Unreal Projects/UnitB-Project/Content/Assets/tombroom/initialShadingGroup_Normal.uexp" 753
"C:/Users/darcy/Documents/Unreal Projects/UnitB-Project/Content/Assets/tombroom/initialShadingGroup_Metallic.ubulk" 754
"C:/Users/darcy/Documents/Unreal Projects/UnitB-Project/Content/Assets/tombroom/initialShadingGroup_Metallic.uasset" 755
"C:/Users/darcy/Documents/Unreal Projects/UnitB-Project/Content/Assets/tombroom/initialShadingGroup_Metallic.uexp" 756
"C:/Users/darcy/Documents/Unreal Projects/UnitB-Project/Content/Assets/tombroom/initialShadingGroup_Height.ubulk" 757
"C:/Users/darcy/Documents/Unreal Projects/UnitB-Project/Content/Assets/tombroom/initialShadingGroup_Height.uasset" 758
"C:/Users/darcy/Documents/Unreal Projects/UnitB-Project/Content/Assets/tombroom/initialShadingGroup_Height.uexp" 759
"C:/Users/darcy/Documents/Unreal Projects/UnitB-Project/Content/Assets/tombroom/initialShadingGroup_Base_color.ubulk" 760
"C:/Users/darcy/Documents/Unreal Projects/UnitB-Project/Content/Assets/tombroom/initialShadingGroup_Base_color.uasset" 761
"C:/Users/darcy/Documents/Unreal Projects/UnitB-Project/Content/Assets/tombroom/initialShadingGroup_Base_color.uexp" 762
"C:/Users/darcy/Documents/Unreal Projects/UnitB-Project/Content/Assets/tombroom/TombTextureOne.uasset" 763
"C:/Users/darcy/Documents/Unreal Projects/UnitB-Project/Content/Assets/tombroom/TombTextureOne.uexp" 764
"C:/Users/darcy/Documents/Unreal Projects/UnitB-Project/Content/Assets/tombroom/polySurface30.ubulk" 765
"C:/Users/darcy/Documents/Unreal Projects/UnitB-Project/Content/Assets/tombroom/polySurface30.uasset" 766
"C:/Users/darcy/Documents/Unreal Projects/UnitB-Project/Content/Assets/tombroom/polySurface30.uexp" 767
"C:/Users/darcy/Documents/Unreal Projects/UnitB-Project/Content/Assets/tombroom/lambert3SG_Roughness.ubulk" 768
"C:/Users/darcy/Documents/Unreal Projects/UnitB-Project/Content/Assets/tombroom/lambert3SG_Roughness.uasset" 769
"C:/Users/darcy/Documents/Unreal Projects/UnitB-Project/Content/Assets/tombroom/lambert3SG_Roughness.uexp" 770
"C:/Users/darcy/Documents/Unreal Projects/UnitB-Project/Content/Assets/tombroom/lambert3SG_Normal.ubulk" 771
"C:/Users/darcy/Documents/Unreal Projects/UnitB-Project/Content/Assets/tombroom/lambert3SG_Normal.uasset" 772
"C:/Users/darcy/Documents/Unreal Projects/UnitB-Project/Content/Assets/tombroom/lambert3SG_Normal.uexp" 773
"C:/Users/darcy/Documents/Unreal Projects/UnitB-Project/Content/Assets/tombroom/lambert3SG_Metallic.ubulk" 774
"C:/Users/darcy/Documents/Unreal Projects/UnitB-Project/Content/Assets/tombroom/lambert3SG_Metallic.uasset" 775
"C:/Users/darcy/Documents/Unreal Projects/UnitB-Project/Content/Assets/tombroom/lambert3SG_Metallic.uexp" 776
"C:/Users/darcy/Documents/Unreal Projects/UnitB-Project/Content/Assets/tombroom/lambert3SG_Height.ubulk" 777
"C:/Users/darcy/Documents/Unreal Projects/UnitB-Project/Content/Assets/tombroom/lambert3SG_Height.uasset" 778
"C:/Users/darcy/Documents/Unreal Projects/UnitB-Project/Content/Assets/tombroom/lambert3SG_Height.uexp" 779
"C:/Users/darcy/Documents/Unreal Projects/UnitB-Project/Content/Assets/tombroom/lambert3SG_Base_color.ubulk" 780
"C:/Users/darcy/Documents/Unreal Projects/UnitB-Project/Content/Assets/tombroom/lambert3SG_Base_color.uasset" 781
"C:/Users/darcy/Documents/Unreal Projects/UnitB-Project/Content/Assets/tombroom/lambert3SG_Base_color.uexp" 782
"C:/Users/darcy/Documents/Unreal Projects/UnitB-Project/Content/Assets/tombroom/Tombtexturetwo.uasset" 783
"C:/Users/darcy/Documents/Unreal Projects/UnitB-Project/Content/Assets/tombroom/Tombtexturetwo.uexp" 784
"C:/Users/darcy/Documents/Unreal Projects/UnitB-Project/Content/Assets/tombroom/polySurface1.ubulk" 785
"C:/Users/darcy/Documents/Unreal Projects/UnitB-Project/Content/Assets/tombroom/polySurface1.uasset" 786
"C:/Users/darcy/Documents/Unreal Projects/UnitB-Project/Content/Assets/tombroom/polySurface1.uexp" 787
"C:/Users/darcy/Documents/Unreal Projects/UnitB-Project/Content/Assets/tent/tentfinal_DefaultMaterial_Opacity.ubulk" 788
"C:/Users/darcy/Documents/Unreal Projects/UnitB-Project/Content/Assets/tent/tentfinal_DefaultMaterial_Opacity.uasset" 789
"C:/Users/darcy/Documents/Unreal Projects/UnitB-Project/Content/Assets/tent/tentfinal_DefaultMaterial_Opacity.uexp" 790
"C:/Users/darcy/Documents/Unreal Projects/UnitB-Project/Content/Assets/tent/tentfinal_DefaultMaterial_OcclusionRoughnessMetallic.ubulk" 791
"C:/Users/darcy/Documents/Unreal Projects/UnitB-Project/Content/Assets/tent/tentfinal_DefaultMaterial_OcclusionRoughnessMetallic.uasset" 792
"C:/Users/darcy/Documents/Unreal Projects/UnitB-Project/Content/Assets/tent/tentfinal_DefaultMaterial_OcclusionRoughnessMetallic.uexp" 793
"C:/Users/darcy/Documents/Unreal Projects/UnitB-Project/Content/Assets/tent/tentfinal_DefaultMaterial_Normal.ubulk" 794
"C:/Users/darcy/Documents/Unreal Projects/UnitB-Project/Content/Assets/tent/tentfinal_DefaultMaterial_Normal.uasset" 795
"C:/Users/darcy/Documents/Unreal Projects/UnitB-Project/Content/Assets/tent/tentfinal_DefaultMaterial_Normal.uexp" 796
"C:/Users/darcy/Documents/Unreal Projects/UnitB-Project/Content/Assets/tent/tentfinal_DefaultMaterial_BaseColor.ubulk" 797
"C:/Users/darcy/Documents/Unreal Projects/UnitB-Project/Content/Assets/tent/tentfinal_DefaultMaterial_BaseColor.uasset" 798
"C:/Users/darcy/Documents/Unreal Projects/UnitB-Project/Content/Assets/tent/tentfinal_DefaultMaterial_BaseColor.uexp" 799
"C:/Users/darcy/Documents/Unreal Projects/UnitB-Project/Content/Assets/tent/tent.uasset" 800
"C:/Users/darcy/Documents/Unreal Projects/UnitB-Project/Content/Assets/tent/tent.uexp" 801
"C:/Users/darcy/Documents/Unreal Projects/UnitB-Project/Content/Assets/tent/tentfinal.ubulk" 802
"C:/Users/darcy/Documents/Unreal Projects/UnitB-Project/Content/Assets/tent/tentfinal.uasset" 803
"C:/Users/darcy/Documents/Unreal Projects/UnitB-Project/Content/Assets/tent/tentfinal.uexp" 804
"C:/Users/darcy/Documents/Unreal Projects/UnitB-Project/Content/Assets/talllight/lambert1_Roughness.ubulk" 805
"C:/Users/darcy/Documents/Unreal Projects/UnitB-Project/Content/Assets/talllight/lambert1_Roughness.uasset" 806
"C:/Users/darcy/Documents/Unreal Projects/UnitB-Project/Content/Assets/talllight/lambert1_Roughness.uexp" 807
"C:/Users/darcy/Documents/Unreal Projects/UnitB-Project/Content/Assets/talllight/lambert1_Normal.ubulk" 808
"C:/Users/darcy/Documents/Unreal Projects/UnitB-Project/Content/Assets/talllight/lambert1_Normal.uasset" 809
"C:/Users/darcy/Documents/Unreal Projects/UnitB-Project/Content/Assets/talllight/lambert1_Normal.uexp" 810
"C:/Users/darcy/Documents/Unreal Projects/UnitB-Project/Content/Assets/talllight/lambert1_Metallic.ubulk" 811
"C:/Users/darcy/Documents/Unreal Projects/UnitB-Project/Content/Assets/talllight/lambert1_Metallic.uasset" 812
"C:/Users/darcy/Documents/Unreal Projects/UnitB-Project/Content/Assets/talllight/lambert1_Metallic.uexp" 813
"C:/Users/darcy/Documents/Unreal Projects/UnitB-Project/Content/Assets/talllight/lambert1_Height.ubulk" 814
"C:/Users/darcy/Documents/Unreal Projects/UnitB-Project/Content/Assets/talllight/lambert1_Height.uasset" 815
"C:/Users/darcy/Documents/Unreal Projects/UnitB-Project/Content/Assets/talllight/lambert1_Height.uexp" 816
"C:/Users/darcy/Documents/Unreal Projects/UnitB-Project/Content/Assets/talllight/lambert1_Base_color.ubulk" 817
"C:/Users/darcy/Documents/Unreal Projects/UnitB-Project/Content/Assets/talllight/lambert1_Base_color.uasset" 818
"C:/Users/darcy/Documents/Unreal Projects/UnitB-Project/Content/Assets/talllight/lambert1_Base_color.uexp" 819
"C:/Users/darcy/Documents/Unreal Projects/UnitB-Project/Content/Assets/talllight/lambert1.uasset" 820
"C:/Users/darcy/Documents/Unreal Projects/UnitB-Project/Content/Assets/talllight/lambert1.uexp" 821
"C:/Users/darcy/Documents/Unreal Projects/UnitB-Project/Content/Assets/talllight/talllight.ubulk" 822
"C:/Users/darcy/Documents/Unreal Projects/UnitB-Project/Content/Assets/talllight/talllight.uasset" 823
"C:/Users/darcy/Documents/Unreal Projects/UnitB-Project/Content/Assets/talllight/talllight.uexp" 824
"C:/Users/darcy/Documents/Unreal Projects/UnitB-Project/Content/Assets/table/lambert1_Roughness.ubulk" 825
"C:/Users/darcy/Documents/Unreal Projects/UnitB-Project/Content/Assets/table/lambert1_Roughness.uasset" 826
"C:/Users/darcy/Documents/Unreal Projects/UnitB-Project/Content/Assets/table/lambert1_Roughness.uexp" 827
"C:/Users/darcy/Documents/Unreal Projects/UnitB-Project/Content/Assets/table/lambert1_Normal.ubulk" 828
"C:/Users/darcy/Documents/Unreal Projects/UnitB-Project/Content/Assets/table/lambert1_Normal.uasset" 829
"C:/Users/darcy/Documents/Unreal Projects/UnitB-Project/Content/Assets/table/lambert1_Normal.uexp" 830
"C:/Users/darcy/Documents/Unreal Projects/UnitB-Project/Content/Assets/table/lambert1_Metallic.ubulk" 831
"C:/Users/darcy/Documents/Unreal Projects/UnitB-Project/Content/Assets/table/lambert1_Metallic.uasset" 832
"C:/Users/darcy/Documents/Unreal Projects/UnitB-Project/Content/Assets/table/lambert1_Metallic.uexp" 833
"C:/Users/darcy/Documents/Unreal Projects/UnitB-Project/Content/Assets/table/lambert1_Height.ubulk" 834
"C:/Users/darcy/Documents/Unreal Projects/UnitB-Project/Content/Assets/table/lambert1_Height.uasset" 835
"C:/Users/darcy/Documents/Unreal Projects/UnitB-Project/Content/Assets/table/lambert1_Height.uexp" 836
"C:/Users/darcy/Documents/Unreal Projects/UnitB-Project/Content/Assets/table/lambert1_Base_color.ubulk" 837
"C:/Users/darcy/Documents/Unreal Projects/UnitB-Project/Content/Assets/table/lambert1_Base_color.uasset" 838
"C:/Users/darcy/Documents/Unreal Projects/UnitB-Project/Content/Assets/table/lambert1_Base_color.uexp" 839
"C:/Users/darcy/Documents/Unreal Projects/UnitB-Project/Content/Assets/table/lambert1.uasset" 840
"C:/Users/darcy/Documents/Unreal Projects/UnitB-Project/Content/Assets/table/lambert1.uexp" 841
"C:/Users/darcy/Documents/Unreal Projects/UnitB-Project/Content/Assets/table/table.ubulk" 842
"C:/Users/darcy/Documents/Unreal Projects/UnitB-Project/Content/Assets/table/table.uasset" 843
"C:/Users/darcy/Documents/Unreal Projects/UnitB-Project/Content/Assets/table/table.uexp" 844
"C:/Users/darcy/Documents/Unreal Projects/UnitB-Project/Content/Assets/smalllight/lambert1_Roughness.ubulk" 845
"C:/Users/darcy/Documents/Unreal Projects/UnitB-Project/Content/Assets/smalllight/lambert1_Roughness.uasset" 846
"C:/Users/darcy/Documents/Unreal Projects/UnitB-Project/Content/Assets/smalllight/lambert1_Roughness.uexp" 847
"C:/Users/darcy/Documents/Unreal Projects/UnitB-Project/Content/Assets/smalllight/lambert1_Normal.ubulk" 848
"C:/Users/darcy/Documents/Unreal Projects/UnitB-Project/Content/Assets/smalllight/lambert1_Normal.uasset" 849
"C:/Users/darcy/Documents/Unreal Projects/UnitB-Project/Content/Assets/smalllight/lambert1_Normal.uexp" 850
"C:/Users/darcy/Documents/Unreal Projects/UnitB-Project/Content/Assets/smalllight/lambert1_Metallic.ubulk" 851
"C:/Users/darcy/Documents/Unreal Projects/UnitB-Project/Content/Assets/smalllight/lambert1_Metallic.uasset" 852
"C:/Users/darcy/Documents/Unreal Projects/UnitB-Project/Content/Assets/smalllight/lambert1_Metallic.uexp" 853
"C:/Users/darcy/Documents/Unreal Projects/UnitB-Project/Content/Assets/smalllight/lambert1_Height.ubulk" 854
"C:/Users/darcy/Documents/Unreal Projects/UnitB-Project/Content/Assets/smalllight/lambert1_Height.uasset" 855
"C:/Users/darcy/Documents/Unreal Projects/UnitB-Project/Content/Assets/smalllight/lambert1_Height.uexp" 856
"C:/Users/darcy/Documents/Unreal Projects/UnitB-Project/Content/Assets/smalllight/lambert1_Base_color.ubulk" 857
"C:/Users/darcy/Documents/Unreal Projects/UnitB-Project/Content/Assets/smalllight/lambert1_Base_color.uasset" 858
"C:/Users/darcy/Documents/Unreal Projects/UnitB-Project/Content/Assets/smalllight/lambert1_Base_color.uexp" 859
"C:/Users/darcy/Documents/Unreal Projects/UnitB-Project/Content/Assets/smalllight/lambert1.uasset" 860
"C:/Users/darcy/Documents/Unreal Projects/UnitB-Project/Content/Assets/smalllight/lambert1.uexp" 861
"C:/Users/darcy/Documents/Unreal Projects/UnitB-Project/Content/Assets/smalllight/smalllight.ubulk" 862
"C:/Users/darcy/Documents/Unreal Projects/UnitB-Project/Content/Assets/smalllight/smalllight.uasset" 863
"C:/Users/darcy/Documents/Unreal Projects/UnitB-Project/Content/Assets/smalllight/smalllight.uexp" 864
"C:/Users/darcy/Documents/Unreal Projects/UnitB-Project/Content/Assets/sarcophagusv2/lambert1_Roughness.ubulk" 865
"C:/Users/darcy/Documents/Unreal Projects/UnitB-Project/Content/Assets/sarcophagusv2/lambert1_Roughness.uasset" 866
"C:/Users/darcy/Documents/Unreal Projects/UnitB-Project/Content/Assets/sarcophagusv2/lambert1_Roughness.uexp" 867
"C:/Users/darcy/Documents/Unreal Projects/UnitB-Project/Content/Assets/sarcophagusv2/lambert1_Normal.ubulk" 868
"C:/Users/darcy/Documents/Unreal Projects/UnitB-Project/Content/Assets/sarcophagusv2/lambert1_Normal.uasset" 869
"C:/Users/darcy/Documents/Unreal Projects/UnitB-Project/Content/Assets/sarcophagusv2/lambert1_Normal.uexp" 870
"C:/Users/darcy/Documents/Unreal Projects/UnitB-Project/Content/Assets/sarcophagusv2/lambert1_Mixed_AO.ubulk" 871
"C:/Users/darcy/Documents/Unreal Projects/UnitB-Project/Content/Assets/sarcophagusv2/lambert1_Mixed_AO.uasset" 872
"C:/Users/darcy/Documents/Unreal Projects/UnitB-Project/Content/Assets/sarcophagusv2/lambert1_Mixed_AO.uexp" 873
"C:/Users/darcy/Documents/Unreal Projects/UnitB-Project/Content/Assets/sarcophagusv2/lambert1_Metallic.ubulk" 874
"C:/Users/darcy/Documents/Unreal Projects/UnitB-Project/Content/Assets/sarcophagusv2/lambert1_Metallic.uasset" 875
"C:/Users/darcy/Documents/Unreal Projects/UnitB-Project/Content/Assets/sarcophagusv2/lambert1_Metallic.uexp" 876
"C:/Users/darcy/Documents/Unreal Projects/UnitB-Project/Content/Assets/sarcophagusv2/lambert1_Height.ubulk" 877
"C:/Users/darcy/Documents/Unreal Projects/UnitB-Project/Content/Assets/sarcophagusv2/lambert1_Height.uasset" 878
"C:/Users/darcy/Documents/Unreal Projects/UnitB-Project/Content/Assets/sarcophagusv2/lambert1_Height.uexp" 879
"C:/Users/darcy/Documents/Unreal Projects/UnitB-Project/Content/Assets/sarcophagusv2/lambert1_Base_color.ubulk" 880
"C:/Users/darcy/Documents/Unreal Projects/UnitB-Project/Content/Assets/sarcophagusv2/lambert1_Base_color.uasset" 881
"C:/Users/darcy/Documents/Unreal Projects/UnitB-Project/Content/Assets/sarcophagusv2/lambert1_Base_color.uexp" 882
"C:/Users/darcy/Documents/Unreal Projects/UnitB-Project/Content/Assets/sarcophagusv2/lambert1.uasset" 883
"C:/Users/darcy/Documents/Unreal Projects/UnitB-Project/Content/Assets/sarcophagusv2/lambert1.uexp" 884
"C:/Users/darcy/Documents/Unreal Projects/UnitB-Project/Content/Assets/sarcophagusv2/sarcophagus_lowpoly.ubulk" 885
"C:/Users/darcy/Documents/Unreal Projects/UnitB-Project/Content/Assets/sarcophagusv2/sarcophagus_lowpoly.uasset" 886
"C:/Users/darcy/Documents/Unreal Projects/UnitB-Project/Content/Assets/sarcophagusv2/sarcophagus_lowpoly.uexp" 887
"C:/Users/darcy/Documents/Unreal Projects/UnitB-Project/Content/Assets/SandPile/Sand_Pile_Mini-Game_openPBR_shader1_OcclusionRoughnessMetallic.ubulk" 888
"C:/Users/darcy/Documents/Unreal Projects/UnitB-Project/Content/Assets/SandPile/Sand_Pile_Mini-Game_openPBR_shader1_OcclusionRoughnessMetallic.uasset" 889
"C:/Users/darcy/Documents/Unreal Projects/UnitB-Project/Content/Assets/SandPile/Sand_Pile_Mini-Game_openPBR_shader1_OcclusionRoughnessMetallic.uexp" 890
"C:/Users/darcy/Documents/Unreal Projects/UnitB-Project/Content/Assets/SandPile/Sand_Pile_Mini-Game_openPBR_shader1_Normal.ubulk" 891
"C:/Users/darcy/Documents/Unreal Projects/UnitB-Project/Content/Assets/SandPile/Sand_Pile_Mini-Game_openPBR_shader1_Normal.uasset" 892
"C:/Users/darcy/Documents/Unreal Projects/UnitB-Project/Content/Assets/SandPile/Sand_Pile_Mini-Game_openPBR_shader1_Normal.uexp" 893
"C:/Users/darcy/Documents/Unreal Projects/UnitB-Project/Content/Assets/SandPile/Sand_Pile_Mini-Game_openPBR_shader1_BaseColor.ubulk" 894
"C:/Users/darcy/Documents/Unreal Projects/UnitB-Project/Content/Assets/SandPile/Sand_Pile_Mini-Game_openPBR_shader1_BaseColor.uasset" 895
"C:/Users/darcy/Documents/Unreal Projects/UnitB-Project/Content/Assets/SandPile/Sand_Pile_Mini-Game_openPBR_shader1_BaseColor.uexp" 896
"C:/Users/darcy/Documents/Unreal Projects/UnitB-Project/Content/Assets/SandPile/openPBR_shader1.uasset" 897
"C:/Users/darcy/Documents/Unreal Projects/UnitB-Project/Content/Assets/SandPile/openPBR_shader1.uexp" 898
"C:/Users/darcy/Documents/Unreal Projects/UnitB-Project/Content/Assets/SandPile/Sand_Pile_Mini-game.ubulk" 899
"C:/Users/darcy/Documents/Unreal Projects/UnitB-Project/Content/Assets/SandPile/Sand_Pile_Mini-game.uasset" 900
"C:/Users/darcy/Documents/Unreal Projects/UnitB-Project/Content/Assets/SandPile/Sand_Pile_Mini-game.uexp" 901
"C:/Users/darcy/Documents/Unreal Projects/UnitB-Project/Content/Assets/playertomb/playertomb_DefaultMaterial_OcclusionRoughnessMetallic.ubulk" 902
"C:/Users/darcy/Documents/Unreal Projects/UnitB-Project/Content/Assets/playertomb/playertomb_DefaultMaterial_OcclusionRoughnessMetallic.uasset" 903
"C:/Users/darcy/Documents/Unreal Projects/UnitB-Project/Content/Assets/playertomb/playertomb_DefaultMaterial_OcclusionRoughnessMetallic.uexp" 904
"C:/Users/darcy/Documents/Unreal Projects/UnitB-Project/Content/Assets/playertomb/playertomb_DefaultMaterial_Normal.ubulk" 905
"C:/Users/darcy/Documents/Unreal Projects/UnitB-Project/Content/Assets/playertomb/playertomb_DefaultMaterial_Normal.uasset" 906
"C:/Users/darcy/Documents/Unreal Projects/UnitB-Project/Content/Assets/playertomb/playertomb_DefaultMaterial_Normal.uexp" 907
"C:/Users/darcy/Documents/Unreal Projects/UnitB-Project/Content/Assets/playertomb/playertomb_DefaultMaterial_BaseColor.ubulk" 908
"C:/Users/darcy/Documents/Unreal Projects/UnitB-Project/Content/Assets/playertomb/playertomb_DefaultMaterial_BaseColor.uasset" 909
"C:/Users/darcy/Documents/Unreal Projects/UnitB-Project/Content/Assets/playertomb/playertomb_DefaultMaterial_BaseColor.uexp" 910
"C:/Users/darcy/Documents/Unreal Projects/UnitB-Project/Content/Assets/playertomb/playettombmat.uasset" 911
"C:/Users/darcy/Documents/Unreal Projects/UnitB-Project/Content/Assets/playertomb/playettombmat.uexp" 912
"C:/Users/darcy/Documents/Unreal Projects/UnitB-Project/Content/Assets/playertomb/Plane_080.ubulk" 913
"C:/Users/darcy/Documents/Unreal Projects/UnitB-Project/Content/Assets/playertomb/Plane_080.uasset" 914
"C:/Users/darcy/Documents/Unreal Projects/UnitB-Project/Content/Assets/playertomb/Plane_080.uexp" 915
"C:/Users/darcy/Documents/Unreal Projects/UnitB-Project/Content/Assets/playertomb/Plane_079.ubulk" 916
"C:/Users/darcy/Documents/Unreal Projects/UnitB-Project/Content/Assets/playertomb/Plane_079.uasset" 917
"C:/Users/darcy/Documents/Unreal Projects/UnitB-Project/Content/Assets/playertomb/Plane_079.uexp" 918
"C:/Users/darcy/Documents/Unreal Projects/UnitB-Project/Content/Assets/playertomb/Cube_017.ubulk" 919
"C:/Users/darcy/Documents/Unreal Projects/UnitB-Project/Content/Assets/playertomb/Cube_017.uasset" 920
"C:/Users/darcy/Documents/Unreal Projects/UnitB-Project/Content/Assets/playertomb/Cube_017.uexp" 921
"C:/Users/darcy/Documents/Unreal Projects/UnitB-Project/Content/Assets/playertomb/Cube_007.ubulk" 922
"C:/Users/darcy/Documents/Unreal Projects/UnitB-Project/Content/Assets/playertomb/Cube_007.uasset" 923
"C:/Users/darcy/Documents/Unreal Projects/UnitB-Project/Content/Assets/playertomb/Cube_007.uexp" 924
"C:/Users/darcy/Documents/Unreal Projects/UnitB-Project/Content/Assets/planks/initialShadingGroup_Roughness.ubulk" 925
"C:/Users/darcy/Documents/Unreal Projects/UnitB-Project/Content/Assets/planks/initialShadingGroup_Roughness.uasset" 926
"C:/Users/darcy/Documents/Unreal Projects/UnitB-Project/Content/Assets/planks/initialShadingGroup_Roughness.uexp" 927
"C:/Users/darcy/Documents/Unreal Projects/UnitB-Project/Content/Assets/planks/initialShadingGroup_Normal.ubulk" 928
"C:/Users/darcy/Documents/Unreal Projects/UnitB-Project/Content/Assets/planks/initialShadingGroup_Normal.uasset" 929
"C:/Users/darcy/Documents/Unreal Projects/UnitB-Project/Content/Assets/planks/initialShadingGroup_Normal.uexp" 930
"C:/Users/darcy/Documents/Unreal Projects/UnitB-Project/Content/Assets/planks/initialShadingGroup_Metallic.ubulk" 931
"C:/Users/darcy/Documents/Unreal Projects/UnitB-Project/Content/Assets/planks/initialShadingGroup_Metallic.uasset" 932
"C:/Users/darcy/Documents/Unreal Projects/UnitB-Project/Content/Assets/planks/initialShadingGroup_Metallic.uexp" 933
"C:/Users/darcy/Documents/Unreal Projects/UnitB-Project/Content/Assets/planks/initialShadingGroup_Height.ubulk" 934
"C:/Users/darcy/Documents/Unreal Projects/UnitB-Project/Content/Assets/planks/initialShadingGroup_Height.uasset" 935
"C:/Users/darcy/Documents/Unreal Projects/UnitB-Project/Content/Assets/planks/initialShadingGroup_Height.uexp" 936
"C:/Users/darcy/Documents/Unreal Projects/UnitB-Project/Content/Assets/planks/initialShadingGroup_Base_color.ubulk" 937
"C:/Users/darcy/Documents/Unreal Projects/UnitB-Project/Content/Assets/planks/initialShadingGroup_Base_color.uasset" 938
"C:/Users/darcy/Documents/Unreal Projects/UnitB-Project/Content/Assets/planks/initialShadingGroup_Base_color.uexp" 939
"C:/Users/darcy/Documents/Unreal Projects/UnitB-Project/Content/Assets/planks/plankstexture.uasset" 940
"C:/Users/darcy/Documents/Unreal Projects/UnitB-Project/Content/Assets/planks/plankstexture.uexp" 941
"C:/Users/darcy/Documents/Unreal Projects/UnitB-Project/Content/Assets/planks/planks.ubulk" 942
"C:/Users/darcy/Documents/Unreal Projects/UnitB-Project/Content/Assets/planks/planks.uasset" 943
"C:/Users/darcy/Documents/Unreal Projects/UnitB-Project/Content/Assets/planks/planks.uexp" 944
"C:/Users/darcy/Documents/Unreal Projects/UnitB-Project/Content/Assets/Pillar/lambert1_Roughness.ubulk" 945
"C:/Users/darcy/Documents/Unreal Projects/UnitB-Project/Content/Assets/Pillar/lambert1_Roughness.uasset" 946
"C:/Users/darcy/Documents/Unreal Projects/UnitB-Project/Content/Assets/Pillar/lambert1_Roughness.uexp" 947
"C:/Users/darcy/Documents/Unreal Projects/UnitB-Project/Content/Assets/Pillar/lambert1_Normal.ubulk" 948
"C:/Users/darcy/Documents/Unreal Projects/UnitB-Project/Content/Assets/Pillar/lambert1_Normal.uasset" 949
"C:/Users/darcy/Documents/Unreal Projects/UnitB-Project/Content/Assets/Pillar/lambert1_Normal.uexp" 950
"C:/Users/darcy/Documents/Unreal Projects/UnitB-Project/Content/Assets/Pillar/lambert1_Metallic.ubulk" 951
"C:/Users/darcy/Documents/Unreal Projects/UnitB-Project/Content/Assets/Pillar/lambert1_Metallic.uasset" 952
"C:/Users/darcy/Documents/Unreal Projects/UnitB-Project/Content/Assets/Pillar/lambert1_Metallic.uexp" 953
"C:/Users/darcy/Documents/Unreal Projects/UnitB-Project/Content/Assets/Pillar/lambert1_Height.ubulk" 954
"C:/Users/darcy/Documents/Unreal Projects/UnitB-Project/Content/Assets/Pillar/lambert1_Height.uasset" 955
"C:/Users/darcy/Documents/Unreal Projects/UnitB-Project/Content/Assets/Pillar/lambert1_Height.uexp" 956
"C:/Users/darcy/Documents/Unreal Projects/UnitB-Project/Content/Assets/Pillar/lambert1_Base_color.ubulk" 957
"C:/Users/darcy/Documents/Unreal Projects/UnitB-Project/Content/Assets/Pillar/lambert1_Base_color.uasset" 958
"C:/Users/darcy/Documents/Unreal Projects/UnitB-Project/Content/Assets/Pillar/lambert1_Base_color.uexp" 959
"C:/Users/darcy/Documents/Unreal Projects/UnitB-Project/Content/Assets/Pillar/lambert1.uasset" 960
"C:/Users/darcy/Documents/Unreal Projects/UnitB-Project/Content/Assets/Pillar/lambert1.uexp" 961
"C:/Users/darcy/Documents/Unreal Projects/UnitB-Project/Content/Assets/Pillar/pillar1__2_.ubulk" 962
"C:/Users/darcy/Documents/Unreal Projects/UnitB-Project/Content/Assets/Pillar/pillar1__2_.uasset" 963
"C:/Users/darcy/Documents/Unreal Projects/UnitB-Project/Content/Assets/Pillar/pillar1__2_.uexp" 964
"C:/Users/darcy/Documents/Unreal Projects/UnitB-Project/Content/Assets/obelisk/Obalisc_lambert1_OcclusionRoughnessMetallic.ubulk" 965
"C:/Users/darcy/Documents/Unreal Projects/UnitB-Project/Content/Assets/obelisk/Obalisc_lambert1_OcclusionRoughnessMetallic.uasset" 966
"C:/Users/darcy/Documents/Unreal Projects/UnitB-Project/Content/Assets/obelisk/Obalisc_lambert1_OcclusionRoughnessMetallic.uexp" 967
"C:/Users/darcy/Documents/Unreal Projects/UnitB-Project/Content/Assets/obelisk/Obalisc_lambert1_Normal.ubulk" 968
"C:/Users/darcy/Documents/Unreal Projects/UnitB-Project/Content/Assets/obelisk/Obalisc_lambert1_Normal.uasset" 969
"C:/Users/darcy/Documents/Unreal Projects/UnitB-Project/Content/Assets/obelisk/Obalisc_lambert1_Normal.uexp" 970
"C:/Users/darcy/Documents/Unreal Projects/UnitB-Project/Content/Assets/obelisk/Obalisc_lambert1_BaseColor.ubulk" 971
"C:/Users/darcy/Documents/Unreal Projects/UnitB-Project/Content/Assets/obelisk/Obalisc_lambert1_BaseColor.uasset" 972
"C:/Users/darcy/Documents/Unreal Projects/UnitB-Project/Content/Assets/obelisk/Obalisc_lambert1_BaseColor.uexp" 973
"C:/Users/darcy/Documents/Unreal Projects/UnitB-Project/Content/Assets/obelisk/lambert1.uasset" 974
"C:/Users/darcy/Documents/Unreal Projects/UnitB-Project/Content/Assets/obelisk/lambert1.uexp" 975
"C:/Users/darcy/Documents/Unreal Projects/UnitB-Project/Content/Assets/obelisk/Obalisc.ubulk" 976
"C:/Users/darcy/Documents/Unreal Projects/UnitB-Project/Content/Assets/obelisk/Obalisc.uasset" 977
"C:/Users/darcy/Documents/Unreal Projects/UnitB-Project/Content/Assets/obelisk/Obalisc.uexp" 978
"../../../Engine/Plugins/Interchange/Assets/Content/Functions/MF_PhongToMetalRoughness.uasset" 979
"../../../Engine/Plugins/Interchange/Assets/Content/Functions/MF_PhongToMetalRoughness.uexp" 980
"C:/Users/darcy/Documents/Unreal Projects/UnitB-Project/Content/Assets/Morgue/Morgue_blinn1_OcclusionRoughnessMetallic.ubulk" 981
"C:/Users/darcy/Documents/Unreal Projects/UnitB-Project/Content/Assets/Morgue/Morgue_blinn1_OcclusionRoughnessMetallic.uasset" 982
"C:/Users/darcy/Documents/Unreal Projects/UnitB-Project/Content/Assets/Morgue/Morgue_blinn1_OcclusionRoughnessMetallic.uexp" 983
"C:/Users/darcy/Documents/Unreal Projects/UnitB-Project/Content/Assets/Morgue/Morgue_blinn1_Normal.ubulk" 984
"C:/Users/darcy/Documents/Unreal Projects/UnitB-Project/Content/Assets/Morgue/Morgue_blinn1_Normal.uasset" 985
"C:/Users/darcy/Documents/Unreal Projects/UnitB-Project/Content/Assets/Morgue/Morgue_blinn1_Normal.uexp" 986
"C:/Users/darcy/Documents/Unreal Projects/UnitB-Project/Content/Assets/Morgue/Morgue_blinn1_BaseColor.ubulk" 987
"C:/Users/darcy/Documents/Unreal Projects/UnitB-Project/Content/Assets/Morgue/Morgue_blinn1_BaseColor.uasset" 988
"C:/Users/darcy/Documents/Unreal Projects/UnitB-Project/Content/Assets/Morgue/Morgue_blinn1_BaseColor.uexp" 989
"C:/Users/darcy/Documents/Unreal Projects/UnitB-Project/Content/Assets/Morgue/blinn1.uasset" 990
"C:/Users/darcy/Documents/Unreal Projects/UnitB-Project/Content/Assets/Morgue/blinn1.uexp" 991
"C:/Users/darcy/Documents/Unreal Projects/UnitB-Project/Content/Assets/Morgue/Morgue.ubulk" 992
"C:/Users/darcy/Documents/Unreal Projects/UnitB-Project/Content/Assets/Morgue/Morgue.uasset" 993
"C:/Users/darcy/Documents/Unreal Projects/UnitB-Project/Content/Assets/Morgue/Morgue.uexp" 994
"C:/Users/darcy/Documents/Unreal Projects/UnitB-Project/Content/Assets/metaldetector/metaldetector_DefaultMaterial_OcclusionRoughnessMetallic.ubulk" 995
"C:/Users/darcy/Documents/Unreal Projects/UnitB-Project/Content/Assets/metaldetector/metaldetector_DefaultMaterial_OcclusionRoughnessMetallic.uasset" 996
"C:/Users/darcy/Documents/Unreal Projects/UnitB-Project/Content/Assets/metaldetector/metaldetector_DefaultMaterial_OcclusionRoughnessMetallic.uexp" 997
"C:/Users/darcy/Documents/Unreal Projects/UnitB-Project/Content/Assets/metaldetector/metaldetector_DefaultMaterial_Normal.ubulk" 998
"C:/Users/darcy/Documents/Unreal Projects/UnitB-Project/Content/Assets/metaldetector/metaldetector_DefaultMaterial_Normal.uasset" 999
"C:/Users/darcy/Documents/Unreal Projects/UnitB-Project/Content/Assets/metaldetector/metaldetector_DefaultMaterial_Normal.uexp" 1000
"C:/Users/darcy/Documents/Unreal Projects/UnitB-Project/Content/Assets/metaldetector/metaldetector_DefaultMaterial_BaseColor.ubulk" 1001
"C:/Users/darcy/Documents/Unreal Projects/UnitB-Project/Content/Assets/metaldetector/metaldetector_DefaultMaterial_BaseColor.uasset" 1002
"C:/Users/darcy/Documents/Unreal Projects/UnitB-Project/Content/Assets/metaldetector/metaldetector_DefaultMaterial_BaseColor.uexp" 1003
"C:/Users/darcy/Documents/Unreal Projects/UnitB-Project/Content/Assets/metaldetector/metaldetectormat.uasset" 1004
"C:/Users/darcy/Documents/Unreal Projects/UnitB-Project/Content/Assets/metaldetector/metaldetectormat.uexp" 1005
"C:/Users/darcy/Documents/Unreal Projects/UnitB-Project/Content/Assets/metaldetector/metaldetector.ubulk" 1006
"C:/Users/darcy/Documents/Unreal Projects/UnitB-Project/Content/Assets/metaldetector/metaldetector.uasset" 1007
"C:/Users/darcy/Documents/Unreal Projects/UnitB-Project/Content/Assets/metaldetector/metaldetector.uexp" 1008
"C:/Users/darcy/Documents/Unreal Projects/UnitB-Project/Content/Assets/magnifyingglass/Magnifying_glass_standardSurface1_OcclusionRoughnessMetallic.ubulk" 1009
"C:/Users/darcy/Documents/Unreal Projects/UnitB-Project/Content/Assets/magnifyingglass/Magnifying_glass_standardSurface1_OcclusionRoughnessMetallic.uasset" 1010
"C:/Users/darcy/Documents/Unreal Projects/UnitB-Project/Content/Assets/magnifyingglass/Magnifying_glass_standardSurface1_OcclusionRoughnessMetallic.uexp" 1011
"C:/Users/darcy/Documents/Unreal Projects/UnitB-Project/Content/Assets/magnifyingglass/Magnifying_glass_standardSurface1_Normal.ubulk" 1012
"C:/Users/darcy/Documents/Unreal Projects/UnitB-Project/Content/Assets/magnifyingglass/Magnifying_glass_standardSurface1_Normal.uasset" 1013
"C:/Users/darcy/Documents/Unreal Projects/UnitB-Project/Content/Assets/magnifyingglass/Magnifying_glass_standardSurface1_Normal.uexp" 1014
"C:/Users/darcy/Documents/Unreal Projects/UnitB-Project/Content/Assets/magnifyingglass/Magnifying_glass_standardSurface1_BaseColor.ubulk" 1015
"C:/Users/darcy/Documents/Unreal Projects/UnitB-Project/Content/Assets/magnifyingglass/Magnifying_glass_standardSurface1_BaseColor.uasset" 1016
"C:/Users/darcy/Documents/Unreal Projects/UnitB-Project/Content/Assets/magnifyingglass/Magnifying_glass_standardSurface1_BaseColor.uexp" 1017
"C:/Users/darcy/Documents/Unreal Projects/UnitB-Project/Content/Assets/magnifyingglass/standardSurface1.uasset" 1018
"C:/Users/darcy/Documents/Unreal Projects/UnitB-Project/Content/Assets/magnifyingglass/standardSurface1.uexp" 1019
"C:/Users/darcy/Documents/Unreal Projects/UnitB-Project/Content/Assets/magnifyingglass/Magnifying_glass.ubulk" 1020
"C:/Users/darcy/Documents/Unreal Projects/UnitB-Project/Content/Assets/magnifyingglass/Magnifying_glass.uasset" 1021
"C:/Users/darcy/Documents/Unreal Projects/UnitB-Project/Content/Assets/magnifyingglass/Magnifying_glass.uexp" 1022
"C:/Users/darcy/Documents/Unreal Projects/UnitB-Project/Content/Assets/ladder/lambert1_Roughness.ubulk" 1023
"C:/Users/darcy/Documents/Unreal Projects/UnitB-Project/Content/Assets/ladder/lambert1_Roughness.uasset" 1024
"C:/Users/darcy/Documents/Unreal Projects/UnitB-Project/Content/Assets/ladder/lambert1_Roughness.uexp" 1025
"C:/Users/darcy/Documents/Unreal Projects/UnitB-Project/Content/Assets/ladder/lambert1_Normal.ubulk" 1026
"C:/Users/darcy/Documents/Unreal Projects/UnitB-Project/Content/Assets/ladder/lambert1_Normal.uasset" 1027
"C:/Users/darcy/Documents/Unreal Projects/UnitB-Project/Content/Assets/ladder/lambert1_Normal.uexp" 1028
"C:/Users/darcy/Documents/Unreal Projects/UnitB-Project/Content/Assets/ladder/lambert1_Metallic.ubulk" 1029
"C:/Users/darcy/Documents/Unreal Projects/UnitB-Project/Content/Assets/ladder/lambert1_Metallic.uasset" 1030
"C:/Users/darcy/Documents/Unreal Projects/UnitB-Project/Content/Assets/ladder/lambert1_Metallic.uexp" 1031
"C:/Users/darcy/Documents/Unreal Projects/UnitB-Project/Content/Assets/ladder/lambert1_Height.ubulk" 1032
"C:/Users/darcy/Documents/Unreal Projects/UnitB-Project/Content/Assets/ladder/lambert1_Height.uasset" 1033
"C:/Users/darcy/Documents/Unreal Projects/UnitB-Project/Content/Assets/ladder/lambert1_Height.uexp" 1034
"C:/Users/darcy/Documents/Unreal Projects/UnitB-Project/Content/Assets/ladder/lambert1_Base_color.ubulk" 1035
"C:/Users/darcy/Documents/Unreal Projects/UnitB-Project/Content/Assets/ladder/lambert1_Base_color.uasset" 1036
"C:/Users/darcy/Documents/Unreal Projects/UnitB-Project/Content/Assets/ladder/lambert1_Base_color.uexp" 1037
"C:/Users/darcy/Documents/Unreal Projects/UnitB-Project/Content/Assets/ladder/lambert1.uasset" 1038
"C:/Users/darcy/Documents/Unreal Projects/UnitB-Project/Content/Assets/ladder/lambert1.uexp" 1039
"C:/Users/darcy/Documents/Unreal Projects/UnitB-Project/Content/Assets/ladder/ladder.ubulk" 1040
"C:/Users/darcy/Documents/Unreal Projects/UnitB-Project/Content/Assets/ladder/ladder.uasset" 1041
"C:/Users/darcy/Documents/Unreal Projects/UnitB-Project/Content/Assets/ladder/ladder.uexp" 1042
"C:/Users/darcy/Documents/Unreal Projects/UnitB-Project/Content/Assets/knife/initialShadingGroup_Roughness.ubulk" 1043
"C:/Users/darcy/Documents/Unreal Projects/UnitB-Project/Content/Assets/knife/initialShadingGroup_Roughness.uasset" 1044
"C:/Users/darcy/Documents/Unreal Projects/UnitB-Project/Content/Assets/knife/initialShadingGroup_Roughness.uexp" 1045
"C:/Users/darcy/Documents/Unreal Projects/UnitB-Project/Content/Assets/knife/initialShadingGroup_Normal.ubulk" 1046
"C:/Users/darcy/Documents/Unreal Projects/UnitB-Project/Content/Assets/knife/initialShadingGroup_Normal.uasset" 1047
"C:/Users/darcy/Documents/Unreal Projects/UnitB-Project/Content/Assets/knife/initialShadingGroup_Normal.uexp" 1048
"C:/Users/darcy/Documents/Unreal Projects/UnitB-Project/Content/Assets/knife/initialShadingGroup_Metallic.ubulk" 1049
"C:/Users/darcy/Documents/Unreal Projects/UnitB-Project/Content/Assets/knife/initialShadingGroup_Metallic.uasset" 1050
"C:/Users/darcy/Documents/Unreal Projects/UnitB-Project/Content/Assets/knife/initialShadingGroup_Metallic.uexp" 1051
"C:/Users/darcy/Documents/Unreal Projects/UnitB-Project/Content/Assets/knife/initialShadingGroup_Height.ubulk" 1052
"C:/Users/darcy/Documents/Unreal Projects/UnitB-Project/Content/Assets/knife/initialShadingGroup_Height.uasset" 1053
"C:/Users/darcy/Documents/Unreal Projects/UnitB-Project/Content/Assets/knife/initialShadingGroup_Height.uexp" 1054
"C:/Users/darcy/Documents/Unreal Projects/UnitB-Project/Content/Assets/knife/initialShadingGroup_Base_color.ubulk" 1055
"C:/Users/darcy/Documents/Unreal Projects/UnitB-Project/Content/Assets/knife/initialShadingGroup_Base_color.uasset" 1056
"C:/Users/darcy/Documents/Unreal Projects/UnitB-Project/Content/Assets/knife/initialShadingGroup_Base_color.uexp" 1057
"C:/Users/darcy/Documents/Unreal Projects/UnitB-Project/Content/Assets/knife/knifetexture.uasset" 1058
"C:/Users/darcy/Documents/Unreal Projects/UnitB-Project/Content/Assets/knife/knifetexture.uexp" 1059
"C:/Users/darcy/Documents/Unreal Projects/UnitB-Project/Content/Assets/knife/knife.ubulk" 1060
"C:/Users/darcy/Documents/Unreal Projects/UnitB-Project/Content/Assets/knife/knife.uasset" 1061
"C:/Users/darcy/Documents/Unreal Projects/UnitB-Project/Content/Assets/knife/knife.uexp" 1062
"C:/Users/darcy/Documents/Unreal Projects/UnitB-Project/Content/Assets/helmet/constructionhelmet_DefaultMaterial_OcclusionRoughnessMetallic.ubulk" 1063
"C:/Users/darcy/Documents/Unreal Projects/UnitB-Project/Content/Assets/helmet/constructionhelmet_DefaultMaterial_OcclusionRoughnessMetallic.uasset" 1064
"C:/Users/darcy/Documents/Unreal Projects/UnitB-Project/Content/Assets/helmet/constructionhelmet_DefaultMaterial_OcclusionRoughnessMetallic.uexp" 1065
"C:/Users/darcy/Documents/Unreal Projects/UnitB-Project/Content/Assets/helmet/constructionhelmet_DefaultMaterial_Normal.ubulk" 1066
"C:/Users/darcy/Documents/Unreal Projects/UnitB-Project/Content/Assets/helmet/constructionhelmet_DefaultMaterial_Normal.uasset" 1067
"C:/Users/darcy/Documents/Unreal Projects/UnitB-Project/Content/Assets/helmet/constructionhelmet_DefaultMaterial_Normal.uexp" 1068
"C:/Users/darcy/Documents/Unreal Projects/UnitB-Project/Content/Assets/helmet/constructionhelmet_DefaultMaterial_BaseColor.ubulk" 1069
"C:/Users/darcy/Documents/Unreal Projects/UnitB-Project/Content/Assets/helmet/constructionhelmet_DefaultMaterial_BaseColor.uasset" 1070
"C:/Users/darcy/Documents/Unreal Projects/UnitB-Project/Content/Assets/helmet/constructionhelmet_DefaultMaterial_BaseColor.uexp" 1071
"C:/Users/darcy/Documents/Unreal Projects/UnitB-Project/Content/Assets/helmet/helmetmaterial.uasset" 1072
"C:/Users/darcy/Documents/Unreal Projects/UnitB-Project/Content/Assets/helmet/helmetmaterial.uexp" 1073
"C:/Users/darcy/Documents/Unreal Projects/UnitB-Project/Content/Assets/helmet/constructionhelmet.ubulk" 1074
"C:/Users/darcy/Documents/Unreal Projects/UnitB-Project/Content/Assets/helmet/constructionhelmet.uasset" 1075
"C:/Users/darcy/Documents/Unreal Projects/UnitB-Project/Content/Assets/helmet/constructionhelmet.uexp" 1076
"C:/Users/darcy/Documents/Unreal Projects/UnitB-Project/Content/Assets/hammer/hammer_DefaultMaterial_OcclusionRoughnessMetallic.ubulk" 1077
"C:/Users/darcy/Documents/Unreal Projects/UnitB-Project/Content/Assets/hammer/hammer_DefaultMaterial_OcclusionRoughnessMetallic.uasset" 1078
"C:/Users/darcy/Documents/Unreal Projects/UnitB-Project/Content/Assets/hammer/hammer_DefaultMaterial_OcclusionRoughnessMetallic.uexp" 1079
"C:/Users/darcy/Documents/Unreal Projects/UnitB-Project/Content/Assets/hammer/hammer_DefaultMaterial_Normal.ubulk" 1080
"C:/Users/darcy/Documents/Unreal Projects/UnitB-Project/Content/Assets/hammer/hammer_DefaultMaterial_Normal.uasset" 1081
"C:/Users/darcy/Documents/Unreal Projects/UnitB-Project/Content/Assets/hammer/hammer_DefaultMaterial_Normal.uexp" 1082
"C:/Users/darcy/Documents/Unreal Projects/UnitB-Project/Content/Assets/hammer/hammer_DefaultMaterial_BaseColor.ubulk" 1083
"C:/Users/darcy/Documents/Unreal Projects/UnitB-Project/Content/Assets/hammer/hammer_DefaultMaterial_BaseColor.uasset" 1084
"C:/Users/darcy/Documents/Unreal Projects/UnitB-Project/Content/Assets/hammer/hammer_DefaultMaterial_BaseColor.uexp" 1085
"C:/Users/darcy/Documents/Unreal Projects/UnitB-Project/Content/Assets/hammer/hammermat.uasset" 1086
"C:/Users/darcy/Documents/Unreal Projects/UnitB-Project/Content/Assets/hammer/hammermat.uexp" 1087
"C:/Users/darcy/Documents/Unreal Projects/UnitB-Project/Content/Assets/hammer/hammer.ubulk" 1088
"C:/Users/darcy/Documents/Unreal Projects/UnitB-Project/Content/Assets/hammer/hammer.uasset" 1089
"C:/Users/darcy/Documents/Unreal Projects/UnitB-Project/Content/Assets/hammer/hammer.uexp" 1090
"C:/Users/darcy/Documents/Unreal Projects/UnitB-Project/Content/Assets/flask/flask_DefaultMaterial_OcclusionRoughnessMetallic.ubulk" 1091
"C:/Users/darcy/Documents/Unreal Projects/UnitB-Project/Content/Assets/flask/flask_DefaultMaterial_OcclusionRoughnessMetallic.uasset" 1092
"C:/Users/darcy/Documents/Unreal Projects/UnitB-Project/Content/Assets/flask/flask_DefaultMaterial_OcclusionRoughnessMetallic.uexp" 1093
"C:/Users/darcy/Documents/Unreal Projects/UnitB-Project/Content/Assets/flask/flask_DefaultMaterial_Normal.ubulk" 1094
"C:/Users/darcy/Documents/Unreal Projects/UnitB-Project/Content/Assets/flask/flask_DefaultMaterial_Normal.uasset" 1095
"C:/Users/darcy/Documents/Unreal Projects/UnitB-Project/Content/Assets/flask/flask_DefaultMaterial_Normal.uexp" 1096
"C:/Users/darcy/Documents/Unreal Projects/UnitB-Project/Content/Assets/flask/flask_DefaultMaterial_BaseColor.ubulk" 1097
"C:/Users/darcy/Documents/Unreal Projects/UnitB-Project/Content/Assets/flask/flask_DefaultMaterial_BaseColor.uasset" 1098
"C:/Users/darcy/Documents/Unreal Projects/UnitB-Project/Content/Assets/flask/flask_DefaultMaterial_BaseColor.uexp" 1099
"C:/Users/darcy/Documents/Unreal Projects/UnitB-Project/Content/Assets/flask/flaskmat.uasset" 1100
"C:/Users/darcy/Documents/Unreal Projects/UnitB-Project/Content/Assets/flask/flaskmat.uexp" 1101
"C:/Users/darcy/Documents/Unreal Projects/UnitB-Project/Content/Assets/flask/flask.ubulk" 1102
"C:/Users/darcy/Documents/Unreal Projects/UnitB-Project/Content/Assets/flask/flask.uasset" 1103
"C:/Users/darcy/Documents/Unreal Projects/UnitB-Project/Content/Assets/flask/flask.uexp" 1104
"C:/Users/darcy/Documents/Unreal Projects/UnitB-Project/Content/Assets/DarkHole/dark_hole_standardSurface1_OcclusionRoughnessMetallic.ubulk" 1105
"C:/Users/darcy/Documents/Unreal Projects/UnitB-Project/Content/Assets/DarkHole/dark_hole_standardSurface1_OcclusionRoughnessMetallic.uasset" 1106
"C:/Users/darcy/Documents/Unreal Projects/UnitB-Project/Content/Assets/DarkHole/dark_hole_standardSurface1_OcclusionRoughnessMetallic.uexp" 1107
"C:/Users/darcy/Documents/Unreal Projects/UnitB-Project/Content/Assets/DarkHole/dark_hole_standardSurface1_Normal.ubulk" 1108
"C:/Users/darcy/Documents/Unreal Projects/UnitB-Project/Content/Assets/DarkHole/dark_hole_standardSurface1_Normal.uasset" 1109
"C:/Users/darcy/Documents/Unreal Projects/UnitB-Project/Content/Assets/DarkHole/dark_hole_standardSurface1_Normal.uexp" 1110
"C:/Users/darcy/Documents/Unreal Projects/UnitB-Project/Content/Assets/DarkHole/dark_hole_standardSurface1_BaseColor.ubulk" 1111
"C:/Users/darcy/Documents/Unreal Projects/UnitB-Project/Content/Assets/DarkHole/dark_hole_standardSurface1_BaseColor.uasset" 1112
"C:/Users/darcy/Documents/Unreal Projects/UnitB-Project/Content/Assets/DarkHole/dark_hole_standardSurface1_BaseColor.uexp" 1113
"C:/Users/darcy/Documents/Unreal Projects/UnitB-Project/Content/Assets/DarkHole/standardSurface1.uasset" 1114
"C:/Users/darcy/Documents/Unreal Projects/UnitB-Project/Content/Assets/DarkHole/standardSurface1.uexp" 1115
"C:/Users/darcy/Documents/Unreal Projects/UnitB-Project/Content/Assets/DarkHole/dark_hole.ubulk" 1116
"C:/Users/darcy/Documents/Unreal Projects/UnitB-Project/Content/Assets/DarkHole/dark_hole.uasset" 1117
"C:/Users/darcy/Documents/Unreal Projects/UnitB-Project/Content/Assets/DarkHole/dark_hole.uexp" 1118
"C:/Users/darcy/Documents/Unreal Projects/UnitB-Project/Content/Assets/cat/lambert1_Roughness.ubulk" 1119
"C:/Users/darcy/Documents/Unreal Projects/UnitB-Project/Content/Assets/cat/lambert1_Roughness.uasset" 1120
"C:/Users/darcy/Documents/Unreal Projects/UnitB-Project/Content/Assets/cat/lambert1_Roughness.uexp" 1121
"C:/Users/darcy/Documents/Unreal Projects/UnitB-Project/Content/Assets/cat/lambert1_Normal.ubulk" 1122
"C:/Users/darcy/Documents/Unreal Projects/UnitB-Project/Content/Assets/cat/lambert1_Normal.uasset" 1123
"C:/Users/darcy/Documents/Unreal Projects/UnitB-Project/Content/Assets/cat/lambert1_Normal.uexp" 1124
"C:/Users/darcy/Documents/Unreal Projects/UnitB-Project/Content/Assets/cat/lambert1_Mixed_AO.ubulk" 1125
"C:/Users/darcy/Documents/Unreal Projects/UnitB-Project/Content/Assets/cat/lambert1_Mixed_AO.uasset" 1126
"C:/Users/darcy/Documents/Unreal Projects/UnitB-Project/Content/Assets/cat/lambert1_Mixed_AO.uexp" 1127
"C:/Users/darcy/Documents/Unreal Projects/UnitB-Project/Content/Assets/cat/lambert1_Metallic.ubulk" 1128
"C:/Users/darcy/Documents/Unreal Projects/UnitB-Project/Content/Assets/cat/lambert1_Metallic.uasset" 1129
"C:/Users/darcy/Documents/Unreal Projects/UnitB-Project/Content/Assets/cat/lambert1_Metallic.uexp" 1130
"C:/Users/darcy/Documents/Unreal Projects/UnitB-Project/Content/Assets/cat/lambert1_Height.ubulk" 1131
"C:/Users/darcy/Documents/Unreal Projects/UnitB-Project/Content/Assets/cat/lambert1_Height.uasset" 1132
"C:/Users/darcy/Documents/Unreal Projects/UnitB-Project/Content/Assets/cat/lambert1_Height.uexp" 1133
"C:/Users/darcy/Documents/Unreal Projects/UnitB-Project/Content/Assets/cat/lambert1_Base_color.ubulk" 1134
"C:/Users/darcy/Documents/Unreal Projects/UnitB-Project/Content/Assets/cat/lambert1_Base_color.uasset" 1135
"C:/Users/darcy/Documents/Unreal Projects/UnitB-Project/Content/Assets/cat/lambert1_Base_color.uexp" 1136
"C:/Users/darcy/Documents/Unreal Projects/UnitB-Project/Content/Assets/cat/lambert1.uasset" 1137
"C:/Users/darcy/Documents/Unreal Projects/UnitB-Project/Content/Assets/cat/lambert1.uexp" 1138
"C:/Users/darcy/Documents/Unreal Projects/UnitB-Project/Content/Assets/cat/cat.ubulk" 1139
"C:/Users/darcy/Documents/Unreal Projects/UnitB-Project/Content/Assets/cat/cat.uasset" 1140
"C:/Users/darcy/Documents/Unreal Projects/UnitB-Project/Content/Assets/cat/cat.uexp" 1141
"../../../Engine/Plugins/Animation/ACLPlugin/Content/ACLAnimCurveCompressionSettings.uasset" 1142
"../../../Engine/Plugins/Animation/ACLPlugin/Content/ACLAnimCurveCompressionSettings.uexp" 1143
"../../../Engine/Plugins/Animation/ACLPlugin/Content/ACLAnimBoneCompressionSettings.uasset" 1144
"../../../Engine/Plugins/Animation/ACLPlugin/Content/ACLAnimBoneCompressionSettings.uexp" 1145
"../../../Engine/Content/Animation/DefaultVariableFrameStrippingSettings.uasset" 1146
"../../../Engine/Content/Animation/DefaultVariableFrameStrippingSettings.uexp" 1147
"C:/Users/darcy/Documents/Unreal Projects/UnitB-Project/Content/Assets/anubis/AnubisAllAnims_Skeleton.uasset" 1148
"C:/Users/darcy/Documents/Unreal Projects/UnitB-Project/Content/Assets/anubis/AnubisAllAnims_Skeleton.uexp" 1149
"C:/Users/darcy/Documents/Unreal Projects/UnitB-Project/Content/Assets/anubis/AnubisAllAnims_Anim_armature_002_AnubisIdle.uasset" 1150
"C:/Users/darcy/Documents/Unreal Projects/UnitB-Project/Content/Assets/anubis/AnubisAllAnims_Anim_armature_002_AnubisIdle.uexp" 1151
"../../../Engine/Content/EngineResources/DefaultTexture.ubulk" 1152
"../../../Engine/Content/EngineResources/DefaultTexture.uasset" 1153
"../../../Engine/Content/EngineResources/DefaultTexture.uexp" 1154
"C:/Users/darcy/Documents/Unreal Projects/UnitB-Project/Content/Assets/anubis/anubisfinalexportwithaccessorieslowpoly_DefaultMaterial_OcclusionRoughnessMetallic.ubulk" 1155
"C:/Users/darcy/Documents/Unreal Projects/UnitB-Project/Content/Assets/anubis/anubisfinalexportwithaccessorieslowpoly_DefaultMaterial_OcclusionRoughnessMetallic.uasset" 1156
"C:/Users/darcy/Documents/Unreal Projects/UnitB-Project/Content/Assets/anubis/anubisfinalexportwithaccessorieslowpoly_DefaultMaterial_OcclusionRoughnessMetallic.uexp" 1157
"C:/Users/darcy/Documents/Unreal Projects/UnitB-Project/Content/Assets/anubis/anubisfinalexportwithaccessorieslowpoly_DefaultMaterial_Normal.ubulk" 1158
"C:/Users/darcy/Documents/Unreal Projects/UnitB-Project/Content/Assets/anubis/anubisfinalexportwithaccessorieslowpoly_DefaultMaterial_Normal.uasset" 1159
"C:/Users/darcy/Documents/Unreal Projects/UnitB-Project/Content/Assets/anubis/anubisfinalexportwithaccessorieslowpoly_DefaultMaterial_Normal.uexp" 1160
"C:/Users/darcy/Documents/Unreal Projects/UnitB-Project/Content/Assets/anubis/anubisfinalexportwithaccessorieslowpoly_DefaultMaterial_Emissive.ubulk" 1161
"C:/Users/darcy/Documents/Unreal Projects/UnitB-Project/Content/Assets/anubis/anubisfinalexportwithaccessorieslowpoly_DefaultMaterial_Emissive.uasset" 1162
"C:/Users/darcy/Documents/Unreal Projects/UnitB-Project/Content/Assets/anubis/anubisfinalexportwithaccessorieslowpoly_DefaultMaterial_Emissive.uexp" 1163
"C:/Users/darcy/Documents/Unreal Projects/UnitB-Project/Content/Assets/anubis/anubisfinalexportwithaccessorieslowpoly_DefaultMaterial_BaseColor.ubulk" 1164
"C:/Users/darcy/Documents/Unreal Projects/UnitB-Project/Content/Assets/anubis/anubisfinalexportwithaccessorieslowpoly_DefaultMaterial_BaseColor.uasset" 1165
"C:/Users/darcy/Documents/Unreal Projects/UnitB-Project/Content/Assets/anubis/anubisfinalexportwithaccessorieslowpoly_DefaultMaterial_BaseColor.uexp" 1166
"C:/Users/darcy/Documents/Unreal Projects/UnitB-Project/Content/Assets/anubis/Material_004.uasset" 1167
"C:/Users/darcy/Documents/Unreal Projects/UnitB-Project/Content/Assets/anubis/Material_004.uexp" 1168
"C:/Users/darcy/Documents/Unreal Projects/UnitB-Project/Content/Assets/anubis/anubisfinalexportwithaccessorieslowpoly_DefaultMaterial_Opacity.ubulk" 1169
"C:/Users/darcy/Documents/Unreal Projects/UnitB-Project/Content/Assets/anubis/anubisfinalexportwithaccessorieslowpoly_DefaultMaterial_Opacity.uasset" 1170
"C:/Users/darcy/Documents/Unreal Projects/UnitB-Project/Content/Assets/anubis/anubisfinalexportwithaccessorieslowpoly_DefaultMaterial_Opacity.uexp" 1171
"C:/Users/darcy/Documents/Unreal Projects/UnitB-Project/Content/Assets/anubis/Material_003.uasset" 1172
"C:/Users/darcy/Documents/Unreal Projects/UnitB-Project/Content/Assets/anubis/Material_003.uexp" 1173
"C:/Users/darcy/Documents/Unreal Projects/UnitB-Project/Content/Assets/anubis/AnubisAllAnims_PhysicsAsset.uasset" 1174
"C:/Users/darcy/Documents/Unreal Projects/UnitB-Project/Content/Assets/anubis/AnubisAllAnims_PhysicsAsset.uexp" 1175
"C:/Users/darcy/Documents/Unreal Projects/UnitB-Project/Content/Assets/anubis/AnubisAllAnims.uasset" 1176
"C:/Users/darcy/Documents/Unreal Projects/UnitB-Project/Content/Assets/anubis/AnubisAllAnims.uexp" 1177
"../../../Engine/Plugins/Interchange/Assets/Content/gltf/Textures/T_White_srgb.uasset" 1178
"../../../Engine/Plugins/Interchange/Assets/Content/gltf/Textures/T_White_srgb.uexp" 1179
"../../../Engine/Plugins/Interchange/Assets/Content/gltf/MaterialFunctions/MF_BaseColor.uasset" 1180
"../../../Engine/Plugins/Interchange/Assets/Content/gltf/MaterialFunctions/MF_BaseColor.uexp" 1181
"../../../Engine/Plugins/Interchange/Assets/Content/gltf/MaterialFunctions/MF_RotateV2.uasset" 1182
"../../../Engine/Plugins/Interchange/Assets/Content/gltf/MaterialFunctions/MF_RotateV2.uexp" 1183
"../../../Engine/Plugins/Interchange/Assets/Content/gltf/MaterialFunctions/MF_TransformUVs.uasset" 1184
"../../../Engine/Plugins/Interchange/Assets/Content/gltf/MaterialFunctions/MF_TransformUVs.uexp" 1185
"../../../Engine/Plugins/Interchange/Assets/Content/gltf/MaterialBodies/MF_Unlit_Body.uasset" 1186
"../../../Engine/Plugins/Interchange/Assets/Content/gltf/MaterialBodies/MF_Unlit_Body.uexp" 1187
"../../../Engine/Plugins/Interchange/Assets/Content/gltf/M_Unlit.uasset" 1188
"../../../Engine/Plugins/Interchange/Assets/Content/gltf/M_Unlit.uexp" 1189
"../../../Engine/Plugins/Interchange/Assets/Content/gltf/MaterialInstances/MI_Unlit_Opaque_DS.uasset" 1190
"../../../Engine/Plugins/Interchange/Assets/Content/gltf/MaterialInstances/MI_Unlit_Opaque_DS.uexp" 1191
"../../../Engine/Plugins/Interchange/Assets/Content/gltf/MaterialInstances/MI_Unlit_Opaque.uasset" 1192
"../../../Engine/Plugins/Interchange/Assets/Content/gltf/MaterialInstances/MI_Unlit_Opaque.uexp" 1193
"../../../Engine/Plugins/Interchange/Assets/Content/gltf/MaterialInstances/MI_Unlit_Mask_DS.uasset" 1194
"../../../Engine/Plugins/Interchange/Assets/Content/gltf/MaterialInstances/MI_Unlit_Mask_DS.uexp" 1195
"../../../Engine/Plugins/Interchange/Assets/Content/gltf/MaterialInstances/MI_Unlit_Mask.uasset" 1196
"../../../Engine/Plugins/Interchange/Assets/Content/gltf/MaterialInstances/MI_Unlit_Mask.uexp" 1197
"../../../Engine/Plugins/Interchange/Assets/Content/gltf/MaterialInstances/MI_Unlit_Blend_DS.uasset" 1198
"../../../Engine/Plugins/Interchange/Assets/Content/gltf/MaterialInstances/MI_Unlit_Blend_DS.uexp" 1199
"../../../Engine/Plugins/Interchange/Assets/Content/gltf/MaterialInstances/MI_Unlit_Blend.uasset" 1200
"../../../Engine/Plugins/Interchange/Assets/Content/gltf/MaterialInstances/MI_Unlit_Blend.uexp" 1201
"../../../Engine/Content/EngineMaterials/Good64x64TilingNoiseHighFreq.uasset" 1202
"../../../Engine/Content/EngineMaterials/Good64x64TilingNoiseHighFreq.uexp" 1203
"../../../Engine/Content/Functions/Engine_MaterialFunctions02/Texturing/ScreenAlignedPixelToPixelUVs.uasset" 1204
"../../../Engine/Content/Functions/Engine_MaterialFunctions02/Texturing/ScreenAlignedPixelToPixelUVs.uexp" 1205
"../../../Engine/Plugins/Interchange/Assets/Content/Utilities/New_LUT.uasset" 1206
"../../../Engine/Plugins/Interchange/Assets/Content/Utilities/New_LUT.uexp" 1207
"../../../Engine/Content/Functions/Engine_MaterialFunctions03/Math/RemapValueRange.uasset" 1208
"../../../Engine/Content/Functions/Engine_MaterialFunctions03/Math/RemapValueRange.uexp" 1209
"../../../Engine/Plugins/Interchange/Assets/Content/Functions/MF_Iridescence.uasset" 1210
"../../../Engine/Plugins/Interchange/Assets/Content/Functions/MF_Iridescence.uexp" 1211
"../../../Engine/Plugins/Interchange/Assets/Content/gltf/MaterialFunctions/MF_Fresnel_DS.uasset" 1212
"../../../Engine/Plugins/Interchange/Assets/Content/gltf/MaterialFunctions/MF_Fresnel_DS.uexp" 1213
"../../../Engine/Plugins/Interchange/Assets/Content/gltf/MaterialFunctions/MF_IOR.uasset" 1214
"../../../Engine/Plugins/Interchange/Assets/Content/gltf/MaterialFunctions/MF_IOR.uexp" 1215
"../../../Engine/Plugins/Interchange/Assets/Content/gltf/MaterialFunctions/MF_Iridescence.uasset" 1216
"../../../Engine/Plugins/Interchange/Assets/Content/gltf/MaterialFunctions/MF_Iridescence.uexp" 1217
"../../../Engine/Plugins/Interchange/Assets/Content/gltf/Textures/T_White_Linear.uasset" 1218
"../../../Engine/Plugins/Interchange/Assets/Content/gltf/Textures/T_White_Linear.uexp" 1219
"../../../Engine/Plugins/Interchange/Assets/Content/gltf/MaterialFunctions/MF_MetallicRoughness.uasset" 1220
"../../../Engine/Plugins/Interchange/Assets/Content/gltf/MaterialFunctions/MF_MetallicRoughness.uexp" 1221
"../../../Engine/Content/Functions/Engine_MaterialFunctions02/Math/Transform3x3Matrix.uasset" 1222
"../../../Engine/Content/Functions/Engine_MaterialFunctions02/Math/Transform3x3Matrix.uexp" 1223
"../../../Engine/Plugins/Interchange/Assets/Content/gltf/MaterialFunctions/MF_RotateNormals_TS.uasset" 1224
"../../../Engine/Plugins/Interchange/Assets/Content/gltf/MaterialFunctions/MF_RotateNormals_TS.uexp" 1225
"../../../Engine/Plugins/Interchange/Assets/Content/gltf/MaterialFunctions/MF_ScaleNormal.uasset" 1226
"../../../Engine/Plugins/Interchange/Assets/Content/gltf/MaterialFunctions/MF_ScaleNormal.uexp" 1227
"../../../Engine/Plugins/Interchange/Assets/Content/gltf/Textures/T_Generic_N.uasset" 1228
"../../../Engine/Plugins/Interchange/Assets/Content/gltf/Textures/T_Generic_N.uexp" 1229
"../../../Engine/Plugins/Interchange/Assets/Content/gltf/MaterialFunctions/MF_Normals.uasset" 1230
"../../../Engine/Plugins/Interchange/Assets/Content/gltf/MaterialFunctions/MF_Normals.uexp" 1231
"../../../Engine/Plugins/Interchange/Assets/Content/gltf/MaterialFunctions/MF_Occlusion.uasset" 1232
"../../../Engine/Plugins/Interchange/Assets/Content/gltf/MaterialFunctions/MF_Occlusion.uexp" 1233
"../../../Engine/Plugins/Interchange/Assets/Content/gltf/MaterialFunctions/MF_Specular.uasset" 1234
"../../../Engine/Plugins/Interchange/Assets/Content/gltf/MaterialFunctions/MF_Specular.uexp" 1235
"../../../Engine/Plugins/Interchange/Assets/Content/gltf/Textures/T_Anisotropy_Direction_Linear.uasset" 1236
"../../../Engine/Plugins/Interchange/Assets/Content/gltf/Textures/T_Anisotropy_Direction_Linear.uexp" 1237
"../../../Engine/Plugins/Interchange/Assets/Content/gltf/MaterialFunctions/MF_SpecularAnisotropy.uasset" 1238
"../../../Engine/Plugins/Interchange/Assets/Content/gltf/MaterialFunctions/MF_SpecularAnisotropy.uexp" 1239
"../../../Engine/Plugins/Interchange/Assets/Content/gltf/MaterialFunctions/MF_Temporal_Blur.uasset" 1240
"../../../Engine/Plugins/Interchange/Assets/Content/gltf/MaterialFunctions/MF_Temporal_Blur.uexp" 1241
"../../../Engine/Plugins/Interchange/Assets/Content/gltf/MaterialFunctions/MF_Transmission.uasset" 1242
"../../../Engine/Plugins/Interchange/Assets/Content/gltf/MaterialFunctions/MF_Transmission.uexp" 1243
"../../../Engine/Plugins/Interchange/Assets/Content/gltf/MaterialBodies/MF_Transmission_Body.uasset" 1244
"../../../Engine/Plugins/Interchange/Assets/Content/gltf/MaterialBodies/MF_Transmission_Body.uexp" 1245
"../../../Engine/Plugins/Interchange/Assets/Content/gltf/M_Transmission.uasset" 1246
"../../../Engine/Plugins/Interchange/Assets/Content/gltf/M_Transmission.uexp" 1247
"../../../Engine/Plugins/Interchange/Assets/Content/gltf/MaterialInstances/MI_Transmission_DS.uasset" 1248
"../../../Engine/Plugins/Interchange/Assets/Content/gltf/MaterialInstances/MI_Transmission_DS.uexp" 1249
"../../../Engine/Plugins/Interchange/Assets/Content/gltf/MaterialInstances/MI_Transmission.uasset" 1250
"../../../Engine/Plugins/Interchange/Assets/Content/gltf/MaterialInstances/MI_Transmission.uexp" 1251
"../../../Engine/Content/Functions/Engine_MaterialFunctions02/Math/AddComponents.uasset" 1252
"../../../Engine/Content/Functions/Engine_MaterialFunctions02/Math/AddComponents.uexp" 1253
"../../../Engine/Plugins/Interchange/Assets/Content/gltf/MaterialFunctions/MF_DiffuseSpecGloss.uasset" 1254
"../../../Engine/Plugins/Interchange/Assets/Content/gltf/MaterialFunctions/MF_DiffuseSpecGloss.uexp" 1255
"../../../Engine/Plugins/Interchange/Assets/Content/gltf/MaterialFunctions/MF_Emissive.uasset" 1256
"../../../Engine/Plugins/Interchange/Assets/Content/gltf/MaterialFunctions/MF_Emissive.uexp" 1257
"../../../Engine/Plugins/Interchange/Assets/Content/gltf/MaterialFunctions/MF_MaxComponentValue.uasset" 1258
"../../../Engine/Plugins/Interchange/Assets/Content/gltf/MaterialFunctions/MF_MaxComponentValue.uexp" 1259
"../../../Engine/Plugins/Interchange/Assets/Content/gltf/MaterialFunctions/MF_PerceivedBrightness.uasset" 1260
"../../../Engine/Plugins/Interchange/Assets/Content/gltf/MaterialFunctions/MF_PerceivedBrightness.uexp" 1261
"../../../Engine/Plugins/Interchange/Assets/Content/gltf/MaterialFunctions/MF_SpecGlossToMetalRoughness.uasset" 1262
"../../../Engine/Plugins/Interchange/Assets/Content/gltf/MaterialFunctions/MF_SpecGlossToMetalRoughness.uexp" 1263
"../../../Engine/Plugins/Interchange/Assets/Content/gltf/MaterialBodies/MF_SpecularGlossiness_Body.uasset" 1264
"../../../Engine/Plugins/Interchange/Assets/Content/gltf/MaterialBodies/MF_SpecularGlossiness_Body.uexp" 1265
"../../../Engine/Plugins/Interchange/Assets/Content/gltf/M_SpecularGlossiness.uasset" 1266
"../../../Engine/Plugins/Interchange/Assets/Content/gltf/M_SpecularGlossiness.uexp" 1267
"../../../Engine/Plugins/Interchange/Assets/Content/gltf/MaterialInstances/MI_SpecularGlossiness_Opaque_DS.uasset" 1268
"../../../Engine/Plugins/Interchange/Assets/Content/gltf/MaterialInstances/MI_SpecularGlossiness_Opaque_DS.uexp" 1269
"../../../Engine/Plugins/Interchange/Assets/Content/gltf/MaterialInstances/MI_SpecularGlossiness_Opaque.uasset" 1270
"../../../Engine/Plugins/Interchange/Assets/Content/gltf/MaterialInstances/MI_SpecularGlossiness_Opaque.uexp" 1271
"../../../Engine/Plugins/Interchange/Assets/Content/gltf/MaterialInstances/MI_SpecularGlossiness_Mask_DS.uasset" 1272
"../../../Engine/Plugins/Interchange/Assets/Content/gltf/MaterialInstances/MI_SpecularGlossiness_Mask_DS.uexp" 1273
"../../../Engine/Plugins/Interchange/Assets/Content/gltf/MaterialInstances/MI_SpecularGlossiness_Mask.uasset" 1274
"../../../Engine/Plugins/Interchange/Assets/Content/gltf/MaterialInstances/MI_SpecularGlossiness_Mask.uexp" 1275
"../../../Engine/Plugins/Interchange/Assets/Content/gltf/MaterialInstances/MI_SpecularGlossiness_Blend_DS.uasset" 1276
"../../../Engine/Plugins/Interchange/Assets/Content/gltf/MaterialInstances/MI_SpecularGlossiness_Blend_DS.uexp" 1277
"../../../Engine/Plugins/Interchange/Assets/Content/gltf/MaterialInstances/MI_SpecularGlossiness_Blend.uasset" 1278
"../../../Engine/Plugins/Interchange/Assets/Content/gltf/MaterialInstances/MI_SpecularGlossiness_Blend.uexp" 1279
"../../../Engine/Plugins/Interchange/Assets/Content/gltf/MaterialFunctions/MF_Sheen.uasset" 1280
"../../../Engine/Plugins/Interchange/Assets/Content/gltf/MaterialFunctions/MF_Sheen.uexp" 1281
"../../../Engine/Plugins/Interchange/Assets/Content/gltf/MaterialBodies/MF_Sheen_Body.uasset" 1282
"../../../Engine/Plugins/Interchange/Assets/Content/gltf/MaterialBodies/MF_Sheen_Body.uexp" 1283
"../../../Engine/Plugins/Interchange/Assets/Content/gltf/M_Sheen.uasset" 1284
"../../../Engine/Plugins/Interchange/Assets/Content/gltf/M_Sheen.uexp" 1285
"../../../Engine/Plugins/Interchange/Assets/Content/gltf/MaterialInstances/MI_Sheen_Opaque_DS.uasset" 1286
"../../../Engine/Plugins/Interchange/Assets/Content/gltf/MaterialInstances/MI_Sheen_Opaque_DS.uexp" 1287
"../../../Engine/Plugins/Interchange/Assets/Content/gltf/MaterialInstances/MI_Sheen_Opaque.uasset" 1288
"../../../Engine/Plugins/Interchange/Assets/Content/gltf/MaterialInstances/MI_Sheen_Opaque.uexp" 1289
"../../../Engine/Plugins/Interchange/Assets/Content/gltf/MaterialInstances/MI_Sheen_Mask_DS.uasset" 1290
"../../../Engine/Plugins/Interchange/Assets/Content/gltf/MaterialInstances/MI_Sheen_Mask_DS.uexp" 1291
"../../../Engine/Plugins/Interchange/Assets/Content/gltf/MaterialInstances/MI_Sheen_Mask.uasset" 1292
"../../../Engine/Plugins/Interchange/Assets/Content/gltf/MaterialInstances/MI_Sheen_Mask.uexp" 1293
"../../../Engine/Plugins/Interchange/Assets/Content/gltf/MaterialInstances/MI_Sheen_Blend_DS.uasset" 1294
"../../../Engine/Plugins/Interchange/Assets/Content/gltf/MaterialInstances/MI_Sheen_Blend_DS.uexp" 1295
"../../../Engine/Plugins/Interchange/Assets/Content/gltf/MaterialInstances/MI_Sheen_Blend.uasset" 1296
"../../../Engine/Plugins/Interchange/Assets/Content/gltf/MaterialInstances/MI_Sheen_Blend.uexp" 1297
"../../../Engine/Plugins/Interchange/Assets/Content/gltf/MaterialBodies/MF_Default_Body.uasset" 1298
"../../../Engine/Plugins/Interchange/Assets/Content/gltf/MaterialBodies/MF_Default_Body.uexp" 1299
"../../../Engine/Plugins/Interchange/Assets/Content/gltf/M_Default.uasset" 1300
"../../../Engine/Plugins/Interchange/Assets/Content/gltf/M_Default.uexp" 1301
"../../../Engine/Plugins/Interchange/Assets/Content/gltf/MaterialInstances/MI_Default_Opaque_DS.uasset" 1302
"../../../Engine/Plugins/Interchange/Assets/Content/gltf/MaterialInstances/MI_Default_Opaque_DS.uexp" 1303
"../../../Engine/Plugins/Interchange/Assets/Content/gltf/MaterialInstances/MI_Default_Opaque.uasset" 1304
"../../../Engine/Plugins/Interchange/Assets/Content/gltf/MaterialInstances/MI_Default_Opaque.uexp" 1305
"../../../Engine/Plugins/Interchange/Assets/Content/gltf/MaterialInstances/MI_Default_Mask_DS.uasset" 1306
"../../../Engine/Plugins/Interchange/Assets/Content/gltf/MaterialInstances/MI_Default_Mask_DS.uexp" 1307
"../../../Engine/Plugins/Interchange/Assets/Content/gltf/MaterialInstances/MI_Default_Mask.uasset" 1308
"../../../Engine/Plugins/Interchange/Assets/Content/gltf/MaterialInstances/MI_Default_Mask.uexp" 1309
"../../../Engine/Plugins/Interchange/Assets/Content/gltf/MaterialInstances/MI_Default_Blend_DS.uasset" 1310
"../../../Engine/Plugins/Interchange/Assets/Content/gltf/MaterialInstances/MI_Default_Blend_DS.uexp" 1311
"../../../Engine/Plugins/Interchange/Assets/Content/gltf/MaterialInstances/MI_Default_Blend.uasset" 1312
"../../../Engine/Plugins/Interchange/Assets/Content/gltf/MaterialInstances/MI_Default_Blend.uexp" 1313
"../../../Engine/Content/Functions/Engine_MaterialFunctions01/Texturing/FlattenNormal.uasset" 1314
"../../../Engine/Content/Functions/Engine_MaterialFunctions01/Texturing/FlattenNormal.uexp" 1315
"../../../Engine/Plugins/Interchange/Assets/Content/gltf/MaterialFunctions/MF_Clearcoat.uasset" 1316
"../../../Engine/Plugins/Interchange/Assets/Content/gltf/MaterialFunctions/MF_Clearcoat.uexp" 1317
"../../../Engine/Plugins/Interchange/Assets/Content/gltf/MaterialBodies/MF_ClearCoat_Body.uasset" 1318
"../../../Engine/Plugins/Interchange/Assets/Content/gltf/MaterialBodies/MF_ClearCoat_Body.uexp" 1319
"../../../Engine/Plugins/Interchange/Assets/Content/gltf/M_ClearCoat.uasset" 1320
"../../../Engine/Plugins/Interchange/Assets/Content/gltf/M_ClearCoat.uexp" 1321
"../../../Engine/Plugins/Interchange/Assets/Content/gltf/MaterialInstances/MI_ClearCoat_Opaque_DS.uasset" 1322
"../../../Engine/Plugins/Interchange/Assets/Content/gltf/MaterialInstances/MI_ClearCoat_Opaque_DS.uexp" 1323
"../../../Engine/Plugins/Interchange/Assets/Content/gltf/MaterialInstances/MI_ClearCoat_Opaque.uasset" 1324
"../../../Engine/Plugins/Interchange/Assets/Content/gltf/MaterialInstances/MI_ClearCoat_Opaque.uexp" 1325
"../../../Engine/Plugins/Interchange/Assets/Content/gltf/MaterialInstances/MI_ClearCoat_Mask_DS.uasset" 1326
"../../../Engine/Plugins/Interchange/Assets/Content/gltf/MaterialInstances/MI_ClearCoat_Mask_DS.uexp" 1327
"../../../Engine/Plugins/Interchange/Assets/Content/gltf/MaterialInstances/MI_ClearCoat_Mask.uasset" 1328
"../../../Engine/Plugins/Interchange/Assets/Content/gltf/MaterialInstances/MI_ClearCoat_Mask.uexp" 1329
"../../../Engine/Plugins/Interchange/Assets/Content/gltf/MaterialInstances/MI_ClearCoat_Blend_DS.uasset" 1330
"../../../Engine/Plugins/Interchange/Assets/Content/gltf/MaterialInstances/MI_ClearCoat_Blend_DS.uexp" 1331
"../../../Engine/Plugins/Interchange/Assets/Content/gltf/MaterialInstances/MI_ClearCoat_Blend.uasset" 1332
"../../../Engine/Plugins/Interchange/Assets/Content/gltf/MaterialInstances/MI_ClearCoat_Blend.uexp" 1333
"../../../Engine/Content/VREditor/TransformGizmo/Xray.uasset" 1334
"../../../Engine/Content/VREditor/TransformGizmo/Xray.uexp" 1335
"../../../Engine/Content/VREditor/TransformGizmo/Main.uasset" 1336
"../../../Engine/Content/VREditor/TransformGizmo/Main.uexp" 1337
"../../../Engine/Content/VREditor/TransformGizmo/SM_Sequencer_Node.ubulk" 1338
"../../../Engine/Content/VREditor/TransformGizmo/SM_Sequencer_Node.uasset" 1339
"../../../Engine/Content/VREditor/TransformGizmo/SM_Sequencer_Node.uexp" 1340
"../../../Engine/Content/VREditor/TransformGizmo/TranslucentTransformGizmoMaterial.uasset" 1341
"../../../Engine/Content/VREditor/TransformGizmo/TranslucentTransformGizmoMaterial.uexp" 1342
"../../../Engine/Content/VREditor/LaserPointer/VR_LaserPower_01.ubulk" 1343
"../../../Engine/Content/VREditor/LaserPointer/VR_LaserPower_01.uasset" 1344
"../../../Engine/Content/VREditor/LaserPointer/VR_LaserPower_01.uexp" 1345
"../../../Engine/Content/VREditor/TransformGizmo/TransformGizmoMaterial.uasset" 1346
"../../../Engine/Content/VREditor/TransformGizmo/TransformGizmoMaterial.uexp" 1347
"../../../Engine/Content/VREditor/TransformGizmo/BoundingBoxEdge.ubulk" 1348
"../../../Engine/Content/VREditor/TransformGizmo/BoundingBoxEdge.uasset" 1349
"../../../Engine/Content/VREditor/TransformGizmo/BoundingBoxEdge.uexp" 1350
"../../../Engine/Content/VREditor/TransformGizmo/BoundingBoxCorner.ubulk" 1351
"../../../Engine/Content/VREditor/TransformGizmo/BoundingBoxCorner.uasset" 1352
"../../../Engine/Content/VREditor/TransformGizmo/BoundingBoxCorner.uexp" 1353
"../../../Engine/Content/ArtTools/RenderToTexture/Meshes/S_1_Unit_Plane.ubulk" 1354
"../../../Engine/Content/ArtTools/RenderToTexture/Meshes/S_1_Unit_Plane.uasset" 1355
"../../../Engine/Content/ArtTools/RenderToTexture/Meshes/S_1_Unit_Plane.uexp" 1356
"../../../Engine/Content/EngineMaterials/Substrate/Volume/SubstrateSimpleVolumeLUT3D.uasset" 1357
"../../../Engine/Content/EngineMaterials/Substrate/Volume/SubstrateSimpleVolumeLUT3D.uexp" 1358
"../../../Engine/Content/EngineMaterials/Substrate/Volume/SubstrateSimpleVolumeEnvLUT3D.uasset" 1359
"../../../Engine/Content/EngineMaterials/Substrate/Volume/SubstrateSimpleVolumeEnvLUT3D.uexp" 1360
"../../../Engine/Content/EngineMaterials/Substrate/Glints2/AGlintTex2dArray2.uasset" 1361
"../../../Engine/Content/EngineMaterials/Substrate/Glints2/AGlintTex2dArray2.uexp" 1362
"../../../Engine/Content/EngineMaterials/Substrate/GLints/AGlintTex2dArray.uasset" 1363
"../../../Engine/Content/EngineMaterials/Substrate/GLints/AGlintTex2dArray.uexp" 1364
"C:/Users/darcy/Documents/Unreal Projects/UnitB-Project/Content/Assets/MODULARlevel/materials_textures/trimsheet2_low_standardSurface1_OcclusionRoughnessMetallic.ubulk" 1365
"C:/Users/darcy/Documents/Unreal Projects/UnitB-Project/Content/Assets/MODULARlevel/materials_textures/trimsheet2_low_standardSurface1_OcclusionRoughnessMetallic.uasset" 1366
"C:/Users/darcy/Documents/Unreal Projects/UnitB-Project/Content/Assets/MODULARlevel/materials_textures/trimsheet2_low_standardSurface1_OcclusionRoughnessMetallic.uexp" 1367
"C:/Users/darcy/Documents/Unreal Projects/UnitB-Project/Content/Assets/MODULARlevel/materials_textures/trimsheet2_low_standardSurface1_Normal.ubulk" 1368
"C:/Users/darcy/Documents/Unreal Projects/UnitB-Project/Content/Assets/MODULARlevel/materials_textures/trimsheet2_low_standardSurface1_Normal.uasset" 1369
"C:/Users/darcy/Documents/Unreal Projects/UnitB-Project/Content/Assets/MODULARlevel/materials_textures/trimsheet2_low_standardSurface1_Normal.uexp" 1370
"C:/Users/darcy/Documents/Unreal Projects/UnitB-Project/Content/Assets/MODULARlevel/materials_textures/trimsheet2_low_standardSurface1_BaseColor.ubulk" 1371
"C:/Users/darcy/Documents/Unreal Projects/UnitB-Project/Content/Assets/MODULARlevel/materials_textures/trimsheet2_low_standardSurface1_BaseColor.uasset" 1372
"C:/Users/darcy/Documents/Unreal Projects/UnitB-Project/Content/Assets/MODULARlevel/materials_textures/trimsheet2_low_standardSurface1_BaseColor.uexp" 1373
"C:/Users/darcy/Documents/Unreal Projects/UnitB-Project/Content/Assets/MODULARlevel/materials_textures/modularTrim2.uasset" 1374
"C:/Users/darcy/Documents/Unreal Projects/UnitB-Project/Content/Assets/MODULARlevel/materials_textures/modularTrim2.uexp" 1375
"C:/Users/darcy/Documents/Unreal Projects/UnitB-Project/Content/Assets/MODULARlevel/meshes/trimsheet_two_Modular_wall_two_.ubulk" 1376
"C:/Users/darcy/Documents/Unreal Projects/UnitB-Project/Content/Assets/MODULARlevel/meshes/trimsheet_two_Modular_wall_two_.uasset" 1377
"C:/Users/darcy/Documents/Unreal Projects/UnitB-Project/Content/Assets/MODULARlevel/meshes/trimsheet_two_Modular_wall_two_.uexp" 1378
"C:/Users/darcy/Documents/Unreal Projects/UnitB-Project/Content/Assets/MODULARlevel/meshes/trimsheet_two_Modular_wall_three_.ubulk" 1379
"C:/Users/darcy/Documents/Unreal Projects/UnitB-Project/Content/Assets/MODULARlevel/meshes/trimsheet_two_Modular_wall_three_.uasset" 1380
"C:/Users/darcy/Documents/Unreal Projects/UnitB-Project/Content/Assets/MODULARlevel/meshes/trimsheet_two_Modular_wall_three_.uexp" 1381
"C:/Users/darcy/Documents/Unreal Projects/UnitB-Project/Content/Assets/MODULARlevel/meshes/trimsheet_two_Modular_wall_six_.ubulk" 1382
"C:/Users/darcy/Documents/Unreal Projects/UnitB-Project/Content/Assets/MODULARlevel/meshes/trimsheet_two_Modular_wall_six_.uasset" 1383
"C:/Users/darcy/Documents/Unreal Projects/UnitB-Project/Content/Assets/MODULARlevel/meshes/trimsheet_two_Modular_wall_six_.uexp" 1384
"C:/Users/darcy/Documents/Unreal Projects/UnitB-Project/Content/Assets/MODULARlevel/meshes/trimsheet_two_Modular_wall_one_.ubulk" 1385
"C:/Users/darcy/Documents/Unreal Projects/UnitB-Project/Content/Assets/MODULARlevel/meshes/trimsheet_two_Modular_wall_one_.uasset" 1386
"C:/Users/darcy/Documents/Unreal Projects/UnitB-Project/Content/Assets/MODULARlevel/meshes/trimsheet_two_Modular_wall_one_.uexp" 1387
"C:/Users/darcy/Documents/Unreal Projects/UnitB-Project/Content/Assets/MODULARlevel/meshes/trimsheet_two_Modular_wall_four_.ubulk" 1388
"C:/Users/darcy/Documents/Unreal Projects/UnitB-Project/Content/Assets/MODULARlevel/meshes/trimsheet_two_Modular_wall_four_.uasset" 1389
"C:/Users/darcy/Documents/Unreal Projects/UnitB-Project/Content/Assets/MODULARlevel/meshes/trimsheet_two_Modular_wall_four_.uexp" 1390
"C:/Users/darcy/Documents/Unreal Projects/UnitB-Project/Content/Assets/MODULARlevel/meshes/trimsheet_two_Modular_wall_fiver_.ubulk" 1391
"C:/Users/darcy/Documents/Unreal Projects/UnitB-Project/Content/Assets/MODULARlevel/meshes/trimsheet_two_Modular_wall_fiver_.uasset" 1392
"C:/Users/darcy/Documents/Unreal Projects/UnitB-Project/Content/Assets/MODULARlevel/meshes/trimsheet_two_Modular_wall_fiver_.uexp" 1393
"C:/Users/darcy/Documents/Unreal Projects/UnitB-Project/Content/Assets/MODULARlevel/meshes/trimsheet_two_Modular_Door_two_.ubulk" 1394
"C:/Users/darcy/Documents/Unreal Projects/UnitB-Project/Content/Assets/MODULARlevel/meshes/trimsheet_two_Modular_Door_two_.uasset" 1395
"C:/Users/darcy/Documents/Unreal Projects/UnitB-Project/Content/Assets/MODULARlevel/meshes/trimsheet_two_Modular_Door_two_.uexp" 1396
"C:/Users/darcy/Documents/Unreal Projects/UnitB-Project/Content/Assets/MODULARlevel/meshes/trimsheet_two_Modular_Door_one_.ubulk" 1397
"C:/Users/darcy/Documents/Unreal Projects/UnitB-Project/Content/Assets/MODULARlevel/meshes/trimsheet_two_Modular_Door_one_.uasset" 1398
"C:/Users/darcy/Documents/Unreal Projects/UnitB-Project/Content/Assets/MODULARlevel/meshes/trimsheet_two_Modular_Door_one_.uexp" 1399
"C:/Users/darcy/Documents/Unreal Projects/UnitB-Project/Content/Assets/MODULARlevel/materials_textures/trimlow_standardSurface1_OcclusionRoughnessMetallic.ubulk" 1400
"C:/Users/darcy/Documents/Unreal Projects/UnitB-Project/Content/Assets/MODULARlevel/materials_textures/trimlow_standardSurface1_OcclusionRoughnessMetallic.uasset" 1401
"C:/Users/darcy/Documents/Unreal Projects/UnitB-Project/Content/Assets/MODULARlevel/materials_textures/trimlow_standardSurface1_OcclusionRoughnessMetallic.uexp" 1402
"C:/Users/darcy/Documents/Unreal Projects/UnitB-Project/Content/Assets/MODULARlevel/materials_textures/trimlow_standardSurface1_Normal.ubulk" 1403
"C:/Users/darcy/Documents/Unreal Projects/UnitB-Project/Content/Assets/MODULARlevel/materials_textures/trimlow_standardSurface1_Normal.uasset" 1404
"C:/Users/darcy/Documents/Unreal Projects/UnitB-Project/Content/Assets/MODULARlevel/materials_textures/trimlow_standardSurface1_Normal.uexp" 1405
"C:/Users/darcy/Documents/Unreal Projects/UnitB-Project/Content/Assets/MODULARlevel/materials_textures/trimlow_standardSurface1_BaseColor.ubulk" 1406
"C:/Users/darcy/Documents/Unreal Projects/UnitB-Project/Content/Assets/MODULARlevel/materials_textures/trimlow_standardSurface1_BaseColor.uasset" 1407
"C:/Users/darcy/Documents/Unreal Projects/UnitB-Project/Content/Assets/MODULARlevel/materials_textures/trimlow_standardSurface1_BaseColor.uexp" 1408
"C:/Users/darcy/Documents/Unreal Projects/UnitB-Project/Content/Assets/MODULARlevel/materials_textures/modularTrim1.uasset" 1409
"C:/Users/darcy/Documents/Unreal Projects/UnitB-Project/Content/Assets/MODULARlevel/materials_textures/modularTrim1.uexp" 1410
"C:/Users/darcy/Documents/Unreal Projects/UnitB-Project/Content/Assets/MODULARlevel/meshes/Modular_wall_two_trimsheet_one.ubulk" 1411
"C:/Users/darcy/Documents/Unreal Projects/UnitB-Project/Content/Assets/MODULARlevel/meshes/Modular_wall_two_trimsheet_one.uasset" 1412
"C:/Users/darcy/Documents/Unreal Projects/UnitB-Project/Content/Assets/MODULARlevel/meshes/Modular_wall_two_trimsheet_one.uexp" 1413
"C:/Users/darcy/Documents/Unreal Projects/UnitB-Project/Content/Assets/MODULARlevel/meshes/Modular_wall_three_trimsheet_one.ubulk" 1414
"C:/Users/darcy/Documents/Unreal Projects/UnitB-Project/Content/Assets/MODULARlevel/meshes/Modular_wall_three_trimsheet_one.uasset" 1415
"C:/Users/darcy/Documents/Unreal Projects/UnitB-Project/Content/Assets/MODULARlevel/meshes/Modular_wall_three_trimsheet_one.uexp" 1416
"C:/Users/darcy/Documents/Unreal Projects/UnitB-Project/Content/Assets/MODULARlevel/meshes/Modular_wall_one_trimsheet_one.ubulk" 1417
"C:/Users/darcy/Documents/Unreal Projects/UnitB-Project/Content/Assets/MODULARlevel/meshes/Modular_wall_one_trimsheet_one.uasset" 1418
"C:/Users/darcy/Documents/Unreal Projects/UnitB-Project/Content/Assets/MODULARlevel/meshes/Modular_wall_one_trimsheet_one.uexp" 1419
"C:/Users/darcy/Documents/Unreal Projects/UnitB-Project/Content/Assets/MODULARlevel/meshes/Modular_wall_four_trimsheet_one.ubulk" 1420
"C:/Users/darcy/Documents/Unreal Projects/UnitB-Project/Content/Assets/MODULARlevel/meshes/Modular_wall_four_trimsheet_one.uasset" 1421
"C:/Users/darcy/Documents/Unreal Projects/UnitB-Project/Content/Assets/MODULARlevel/meshes/Modular_wall_four_trimsheet_one.uexp" 1422
"C:/Users/darcy/Documents/Unreal Projects/UnitB-Project/Content/Assets/MODULARlevel/meshes/Modular_wall_five_trimsheet_one.ubulk" 1423
"C:/Users/darcy/Documents/Unreal Projects/UnitB-Project/Content/Assets/MODULARlevel/meshes/Modular_wall_five_trimsheet_one.uasset" 1424
"C:/Users/darcy/Documents/Unreal Projects/UnitB-Project/Content/Assets/MODULARlevel/meshes/Modular_wall_five_trimsheet_one.uexp" 1425
"C:/Users/darcy/Documents/Unreal Projects/UnitB-Project/Content/Assets/MODULARlevel/meshes/Modular_Door_two_trimsheet_one.ubulk" 1426
"C:/Users/darcy/Documents/Unreal Projects/UnitB-Project/Content/Assets/MODULARlevel/meshes/Modular_Door_two_trimsheet_one.uasset" 1427
"C:/Users/darcy/Documents/Unreal Projects/UnitB-Project/Content/Assets/MODULARlevel/meshes/Modular_Door_two_trimsheet_one.uexp" 1428
"C:/Users/darcy/Documents/Unreal Projects/UnitB-Project/Content/Assets/MODULARlevel/meshes/Modular_Door_one_trimsheet_one.ubulk" 1429
"C:/Users/darcy/Documents/Unreal Projects/UnitB-Project/Content/Assets/MODULARlevel/meshes/Modular_Door_one_trimsheet_one.uasset" 1430
"C:/Users/darcy/Documents/Unreal Projects/UnitB-Project/Content/Assets/MODULARlevel/meshes/Modular_Door_one_trimsheet_one.uexp" 1431
"C:/Users/darcy/Documents/Unreal Projects/UnitB-Project/Content/Assets/MODULARlevel/meshes/Modular_corner_two_trimsheet_one.ubulk" 1432
"C:/Users/darcy/Documents/Unreal Projects/UnitB-Project/Content/Assets/MODULARlevel/meshes/Modular_corner_two_trimsheet_one.uasset" 1433
"C:/Users/darcy/Documents/Unreal Projects/UnitB-Project/Content/Assets/MODULARlevel/meshes/Modular_corner_two_trimsheet_one.uexp" 1434
"C:/Users/darcy/Documents/Unreal Projects/UnitB-Project/Content/Assets/MODULARlevel/meshes/Modular_corner_one_trimsheet_one.ubulk" 1435
"C:/Users/darcy/Documents/Unreal Projects/UnitB-Project/Content/Assets/MODULARlevel/meshes/Modular_corner_one_trimsheet_one.uasset" 1436
"C:/Users/darcy/Documents/Unreal Projects/UnitB-Project/Content/Assets/MODULARlevel/meshes/Modular_corner_one_trimsheet_one.uexp" 1437
"C:/Users/darcy/Documents/Unreal Projects/UnitB-Project/Content/Assets/MODULARlevel/floors/Floor_Parts_floor_standardSurface1_OcclusionRoughnessMetallic.ubulk" 1438
"C:/Users/darcy/Documents/Unreal Projects/UnitB-Project/Content/Assets/MODULARlevel/floors/Floor_Parts_floor_standardSurface1_OcclusionRoughnessMetallic.uasset" 1439
"C:/Users/darcy/Documents/Unreal Projects/UnitB-Project/Content/Assets/MODULARlevel/floors/Floor_Parts_floor_standardSurface1_OcclusionRoughnessMetallic.uexp" 1440
"C:/Users/darcy/Documents/Unreal Projects/UnitB-Project/Content/Assets/MODULARlevel/floors/Floor_Parts_floor_standardSurface1_Normal.ubulk" 1441
"C:/Users/darcy/Documents/Unreal Projects/UnitB-Project/Content/Assets/MODULARlevel/floors/Floor_Parts_floor_standardSurface1_Normal.uasset" 1442
"C:/Users/darcy/Documents/Unreal Projects/UnitB-Project/Content/Assets/MODULARlevel/floors/Floor_Parts_floor_standardSurface1_Normal.uexp" 1443
"C:/Users/darcy/Documents/Unreal Projects/UnitB-Project/Content/Assets/MODULARlevel/floors/Floor_Parts_floor_standardSurface1_BaseColor.ubulk" 1444
"C:/Users/darcy/Documents/Unreal Projects/UnitB-Project/Content/Assets/MODULARlevel/floors/Floor_Parts_floor_standardSurface1_BaseColor.uasset" 1445
"C:/Users/darcy/Documents/Unreal Projects/UnitB-Project/Content/Assets/MODULARlevel/floors/Floor_Parts_floor_standardSurface1_BaseColor.uexp" 1446
"C:/Users/darcy/Documents/Unreal Projects/UnitB-Project/Content/Assets/MODULARlevel/floors/floors.uasset" 1447
"C:/Users/darcy/Documents/Unreal Projects/UnitB-Project/Content/Assets/MODULARlevel/floors/floors.uexp" 1448
"C:/Users/darcy/Documents/Unreal Projects/UnitB-Project/Content/Assets/MODULARlevel/floors/long_floor.ubulk" 1449
"C:/Users/darcy/Documents/Unreal Projects/UnitB-Project/Content/Assets/MODULARlevel/floors/long_floor.uasset" 1450
"C:/Users/darcy/Documents/Unreal Projects/UnitB-Project/Content/Assets/MODULARlevel/floors/long_floor.uexp" 1451
"C:/Users/darcy/Documents/Unreal Projects/UnitB-Project/Content/Assets/MODULARlevel/floors/four_way_floor.ubulk" 1452
"C:/Users/darcy/Documents/Unreal Projects/UnitB-Project/Content/Assets/MODULARlevel/floors/four_way_floor.uasset" 1453
"C:/Users/darcy/Documents/Unreal Projects/UnitB-Project/Content/Assets/MODULARlevel/floors/four_way_floor.uexp" 1454
"C:/Users/darcy/Documents/Unreal Projects/UnitB-Project/Content/Assets/MODULARlevel/floors/corner_floor.ubulk" 1455
"C:/Users/darcy/Documents/Unreal Projects/UnitB-Project/Content/Assets/MODULARlevel/floors/corner_floor.uasset" 1456
"C:/Users/darcy/Documents/Unreal Projects/UnitB-Project/Content/Assets/MODULARlevel/floors/corner_floor.uexp" 1457
"C:/Users/darcy/Documents/Unreal Projects/UnitB-Project/Content/Assets/MODULARlevel/floors/Big_Floor_standardSurface1_BaseColor.ubulk" 1458
"C:/Users/darcy/Documents/Unreal Projects/UnitB-Project/Content/Assets/MODULARlevel/floors/Big_Floor_standardSurface1_BaseColor.uasset" 1459
"C:/Users/darcy/Documents/Unreal Projects/UnitB-Project/Content/Assets/MODULARlevel/floors/Big_Floor_standardSurface1_BaseColor.uexp" 1460
"C:/Users/darcy/Documents/Unreal Projects/UnitB-Project/Content/Assets/MODULARlevel/floors/Big_Floor_standardSurface1_Normal.ubulk" 1461
"C:/Users/darcy/Documents/Unreal Projects/UnitB-Project/Content/Assets/MODULARlevel/floors/Big_Floor_standardSurface1_Normal.uasset" 1462
"C:/Users/darcy/Documents/Unreal Projects/UnitB-Project/Content/Assets/MODULARlevel/floors/Big_Floor_standardSurface1_Normal.uexp" 1463
"C:/Users/darcy/Documents/Unreal Projects/UnitB-Project/Content/Assets/MODULARlevel/floors/Big_Floor_standardSurface1_OcclusionRoughnessMetallic.ubulk" 1464
"C:/Users/darcy/Documents/Unreal Projects/UnitB-Project/Content/Assets/MODULARlevel/floors/Big_Floor_standardSurface1_OcclusionRoughnessMetallic.uasset" 1465
"C:/Users/darcy/Documents/Unreal Projects/UnitB-Project/Content/Assets/MODULARlevel/floors/Big_Floor_standardSurface1_OcclusionRoughnessMetallic.uexp" 1466
"C:/Users/darcy/Documents/Unreal Projects/UnitB-Project/Content/Assets/MODULARlevel/floors/standardSurface1.uasset" 1467
"C:/Users/darcy/Documents/Unreal Projects/UnitB-Project/Content/Assets/MODULARlevel/floors/standardSurface1.uexp" 1468
"C:/Users/darcy/Documents/Unreal Projects/UnitB-Project/Content/Assets/MODULARlevel/floors/Big_Floor.ubulk" 1469
"C:/Users/darcy/Documents/Unreal Projects/UnitB-Project/Content/Assets/MODULARlevel/floors/Big_Floor.uasset" 1470
"C:/Users/darcy/Documents/Unreal Projects/UnitB-Project/Content/Assets/MODULARlevel/floors/Big_Floor.uexp" 1471
"C:/Users/darcy/Documents/Unreal Projects/UnitB-Project/Content/Assets/BeetleOrnament/Textures/Beetle_Ornement_lambert1_OcclusionRoughnessMetallic.ubulk" 1472
"C:/Users/darcy/Documents/Unreal Projects/UnitB-Project/Content/Assets/BeetleOrnament/Textures/Beetle_Ornement_lambert1_OcclusionRoughnessMetallic.uasset" 1473
"C:/Users/darcy/Documents/Unreal Projects/UnitB-Project/Content/Assets/BeetleOrnament/Textures/Beetle_Ornement_lambert1_OcclusionRoughnessMetallic.uexp" 1474
"C:/Users/darcy/Documents/Unreal Projects/UnitB-Project/Content/Assets/BeetleOrnament/Textures/Beetle_Ornement_lambert1_Normal.ubulk" 1475
"C:/Users/darcy/Documents/Unreal Projects/UnitB-Project/Content/Assets/BeetleOrnament/Textures/Beetle_Ornement_lambert1_Normal.uasset" 1476
"C:/Users/darcy/Documents/Unreal Projects/UnitB-Project/Content/Assets/BeetleOrnament/Textures/Beetle_Ornement_lambert1_Normal.uexp" 1477
"C:/Users/darcy/Documents/Unreal Projects/UnitB-Project/Content/Assets/BeetleOrnament/Textures/Beetle_Ornement_lambert1_BaseColor.ubulk" 1478
"C:/Users/darcy/Documents/Unreal Projects/UnitB-Project/Content/Assets/BeetleOrnament/Textures/Beetle_Ornement_lambert1_BaseColor.uasset" 1479
"C:/Users/darcy/Documents/Unreal Projects/UnitB-Project/Content/Assets/BeetleOrnament/Textures/Beetle_Ornement_lambert1_BaseColor.uexp" 1480
"C:/Users/darcy/Documents/Unreal Projects/UnitB-Project/Content/Assets/BeetleOrnament/Materials/Dirty.uasset" 1481
"C:/Users/darcy/Documents/Unreal Projects/UnitB-Project/Content/Assets/BeetleOrnament/Materials/Dirty.uexp" 1482
"C:/Users/darcy/Documents/Unreal Projects/UnitB-Project/Content/Assets/BeetleOrnament/Meshes/Beetle_Ornament_Dirty.ubulk" 1483
"C:/Users/darcy/Documents/Unreal Projects/UnitB-Project/Content/Assets/BeetleOrnament/Meshes/Beetle_Ornament_Dirty.uasset" 1484
"C:/Users/darcy/Documents/Unreal Projects/UnitB-Project/Content/Assets/BeetleOrnament/Meshes/Beetle_Ornament_Dirty.uexp" 1485
"../../../Engine/Content/Functions/Engine_MaterialFunctions01/Shading/PowerToRoughness.uasset" 1486
"../../../Engine/Content/Functions/Engine_MaterialFunctions01/Shading/PowerToRoughness.uexp" 1487
"../../../Engine/Content/Functions/Engine_MaterialFunctions01/Shading/ConvertFromDiffSpec.uasset" 1488
"../../../Engine/Content/Functions/Engine_MaterialFunctions01/Shading/ConvertFromDiffSpec.uexp" 1489
"C:/Users/darcy/Documents/Unreal Projects/UnitB-Project/Content/Input/Blueprints/BI_Interface.uasset" 1490
"C:/Users/darcy/Documents/Unreal Projects/UnitB-Project/Content/Input/Blueprints/BI_Interface.uexp" 1491
"C:/Users/darcy/Documents/Unreal Projects/UnitB-Project/Content/Dev/Jamie/Upgrades/AC_UpgradeManager.uasset" 1492
"C:/Users/darcy/Documents/Unreal Projects/UnitB-Project/Content/Dev/Jamie/Upgrades/AC_UpgradeManager.uexp" 1493
"C:/Users/darcy/Documents/Unreal Projects/UnitB-Project/Content/Dev/Jamie/Events/Widgets/WB_Events.uasset" 1494
"C:/Users/darcy/Documents/Unreal Projects/UnitB-Project/Content/Dev/Jamie/Events/Widgets/WB_Events.uexp" 1495
"C:/Users/darcy/Documents/Unreal Projects/UnitB-Project/Content/Dev/Jamie/Events/Blueprints/AC_Events.uasset" 1496
"C:/Users/darcy/Documents/Unreal Projects/UnitB-Project/Content/Dev/Jamie/Events/Blueprints/AC_Events.uexp" 1497
"C:/Users/darcy/Documents/Unreal Projects/UnitB-Project/Content/Input/Actions/IA_MouseLook.uasset" 1498
"C:/Users/darcy/Documents/Unreal Projects/UnitB-Project/Content/Input/Actions/IA_MouseLook.uexp" 1499
"../../../Engine/Content/MobileResources/HUD/VirtualJoystick_Thumb.uasset" 1500
"../../../Engine/Content/MobileResources/HUD/VirtualJoystick_Thumb.uexp" 1501
"../../../Engine/Content/MobileResources/HUD/VirtualJoystick_Background.uasset" 1502
"../../../Engine/Content/MobileResources/HUD/VirtualJoystick_Background.uexp" 1503
"C:/Users/darcy/Documents/Unreal Projects/UnitB-Project/Content/Input/Touch/UI_Thumbstick.uasset" 1504
"C:/Users/darcy/Documents/Unreal Projects/UnitB-Project/Content/Input/Touch/UI_Thumbstick.uexp" 1505
"C:/Users/darcy/Documents/Unreal Projects/UnitB-Project/Content/Input/Touch/BPI_TouchInterface.uasset" 1506
"C:/Users/darcy/Documents/Unreal Projects/UnitB-Project/Content/Input/Touch/BPI_TouchInterface.uexp" 1507
"C:/Users/darcy/Documents/Unreal Projects/UnitB-Project/Content/Input/Touch/UI_TouchSimple.uasset" 1508
"C:/Users/darcy/Documents/Unreal Projects/UnitB-Project/Content/Input/Touch/UI_TouchSimple.uexp" 1509
"C:/Users/darcy/Documents/Unreal Projects/UnitB-Project/Content/Input/Actions/IA_Inventory.uasset" 1510
"C:/Users/darcy/Documents/Unreal Projects/UnitB-Project/Content/Input/Actions/IA_Inventory.uexp" 1511
"C:/Users/darcy/Documents/Unreal Projects/UnitB-Project/Content/Dev/Jamie/Inventory/Struct/F_Slot.uasset" 1512
"C:/Users/darcy/Documents/Unreal Projects/UnitB-Project/Content/Dev/Jamie/Inventory/Struct/F_Slot.uexp" 1513
"C:/Users/darcy/Documents/Unreal Projects/UnitB-Project/Content/Dev/Jamie/Inventory/Struct/F_Item.uasset" 1514
"C:/Users/darcy/Documents/Unreal Projects/UnitB-Project/Content/Dev/Jamie/Inventory/Struct/F_Item.uexp" 1515
"C:/Users/darcy/Documents/Unreal Projects/UnitB-Project/Content/Dev/Jamie/LevelPrototyping/Textures/T_GridChecker_A.ubulk" 1516
"C:/Users/darcy/Documents/Unreal Projects/UnitB-Project/Content/Dev/Jamie/LevelPrototyping/Textures/T_GridChecker_A.uasset" 1517
"C:/Users/darcy/Documents/Unreal Projects/UnitB-Project/Content/Dev/Jamie/LevelPrototyping/Textures/T_GridChecker_A.uexp" 1518
"C:/Users/darcy/Documents/Unreal Projects/UnitB-Project/Content/Dev/Darcy/Blueprints/ItemInfo/E_ItemType.uasset" 1519
"C:/Users/darcy/Documents/Unreal Projects/UnitB-Project/Content/Dev/Darcy/Blueprints/ItemInfo/E_ItemType.uexp" 1520
"C:/Users/darcy/Documents/Unreal Projects/UnitB-Project/Content/Dev/Darcy/Blueprints/ItemInfo/E_ItemRarity.uasset" 1521
"C:/Users/darcy/Documents/Unreal Projects/UnitB-Project/Content/Dev/Darcy/Blueprints/ItemInfo/E_ItemRarity.uexp" 1522
"C:/Users/darcy/Documents/Unreal Projects/UnitB-Project/Content/Dev/Darcy/Blueprints/ItemInfo/DataAssets/DA_ItemBase.uasset" 1523
"C:/Users/darcy/Documents/Unreal Projects/UnitB-Project/Content/Dev/Darcy/Blueprints/ItemInfo/DataAssets/DA_ItemBase.uexp" 1524
"C:/Users/darcy/Documents/Unreal Projects/UnitB-Project/Content/Assets/necklace/lambert1_Roughness.ubulk" 1525
"C:/Users/darcy/Documents/Unreal Projects/UnitB-Project/Content/Assets/necklace/lambert1_Roughness.uasset" 1526
"C:/Users/darcy/Documents/Unreal Projects/UnitB-Project/Content/Assets/necklace/lambert1_Roughness.uexp" 1527
"C:/Users/darcy/Documents/Unreal Projects/UnitB-Project/Content/Assets/necklace/lambert1_Normal.ubulk" 1528
"C:/Users/darcy/Documents/Unreal Projects/UnitB-Project/Content/Assets/necklace/lambert1_Normal.uasset" 1529
"C:/Users/darcy/Documents/Unreal Projects/UnitB-Project/Content/Assets/necklace/lambert1_Normal.uexp" 1530
"C:/Users/darcy/Documents/Unreal Projects/UnitB-Project/Content/Assets/necklace/lambert1_Mixed_AO.ubulk" 1531
"C:/Users/darcy/Documents/Unreal Projects/UnitB-Project/Content/Assets/necklace/lambert1_Mixed_AO.uasset" 1532
"C:/Users/darcy/Documents/Unreal Projects/UnitB-Project/Content/Assets/necklace/lambert1_Mixed_AO.uexp" 1533
"C:/Users/darcy/Documents/Unreal Projects/UnitB-Project/Content/Assets/necklace/lambert1_Metallic.ubulk" 1534
"C:/Users/darcy/Documents/Unreal Projects/UnitB-Project/Content/Assets/necklace/lambert1_Metallic.uasset" 1535
"C:/Users/darcy/Documents/Unreal Projects/UnitB-Project/Content/Assets/necklace/lambert1_Metallic.uexp" 1536
"C:/Users/darcy/Documents/Unreal Projects/UnitB-Project/Content/Assets/necklace/lambert1_Height.ubulk" 1537
"C:/Users/darcy/Documents/Unreal Projects/UnitB-Project/Content/Assets/necklace/lambert1_Height.uasset" 1538
"C:/Users/darcy/Documents/Unreal Projects/UnitB-Project/Content/Assets/necklace/lambert1_Height.uexp" 1539
"C:/Users/darcy/Documents/Unreal Projects/UnitB-Project/Content/Assets/necklace/lambert1_Base_color.ubulk" 1540
"C:/Users/darcy/Documents/Unreal Projects/UnitB-Project/Content/Assets/necklace/lambert1_Base_color.uasset" 1541
"C:/Users/darcy/Documents/Unreal Projects/UnitB-Project/Content/Assets/necklace/lambert1_Base_color.uexp" 1542
"C:/Users/darcy/Documents/Unreal Projects/UnitB-Project/Content/Assets/necklace/lambert1.uasset" 1543
"C:/Users/darcy/Documents/Unreal Projects/UnitB-Project/Content/Assets/necklace/lambert1.uexp" 1544
"C:/Users/darcy/Documents/Unreal Projects/UnitB-Project/Content/Assets/necklace/necklace.ubulk" 1545
"C:/Users/darcy/Documents/Unreal Projects/UnitB-Project/Content/Assets/necklace/necklace.uasset" 1546
"C:/Users/darcy/Documents/Unreal Projects/UnitB-Project/Content/Assets/necklace/necklace.uexp" 1547
"C:/Users/darcy/Documents/Unreal Projects/UnitB-Project/Content/Assets/necklace/dirtyNecklace/lambert1_Roughness.ubulk" 1548
"C:/Users/darcy/Documents/Unreal Projects/UnitB-Project/Content/Assets/necklace/dirtyNecklace/lambert1_Roughness.uasset" 1549
"C:/Users/darcy/Documents/Unreal Projects/UnitB-Project/Content/Assets/necklace/dirtyNecklace/lambert1_Roughness.uexp" 1550
"C:/Users/darcy/Documents/Unreal Projects/UnitB-Project/Content/Assets/necklace/dirtyNecklace/lambert1_Normal.ubulk" 1551
"C:/Users/darcy/Documents/Unreal Projects/UnitB-Project/Content/Assets/necklace/dirtyNecklace/lambert1_Normal.uasset" 1552
"C:/Users/darcy/Documents/Unreal Projects/UnitB-Project/Content/Assets/necklace/dirtyNecklace/lambert1_Normal.uexp" 1553
"C:/Users/darcy/Documents/Unreal Projects/UnitB-Project/Content/Assets/necklace/dirtyNecklace/lambert1_Mixed_AO.ubulk" 1554
"C:/Users/darcy/Documents/Unreal Projects/UnitB-Project/Content/Assets/necklace/dirtyNecklace/lambert1_Mixed_AO.uasset" 1555
"C:/Users/darcy/Documents/Unreal Projects/UnitB-Project/Content/Assets/necklace/dirtyNecklace/lambert1_Mixed_AO.uexp" 1556
"C:/Users/darcy/Documents/Unreal Projects/UnitB-Project/Content/Assets/necklace/dirtyNecklace/lambert1_Metallic.ubulk" 1557
"C:/Users/darcy/Documents/Unreal Projects/UnitB-Project/Content/Assets/necklace/dirtyNecklace/lambert1_Metallic.uasset" 1558
"C:/Users/darcy/Documents/Unreal Projects/UnitB-Project/Content/Assets/necklace/dirtyNecklace/lambert1_Metallic.uexp" 1559
"C:/Users/darcy/Documents/Unreal Projects/UnitB-Project/Content/Assets/necklace/dirtyNecklace/lambert1_Height.ubulk" 1560
"C:/Users/darcy/Documents/Unreal Projects/UnitB-Project/Content/Assets/necklace/dirtyNecklace/lambert1_Height.uasset" 1561
"C:/Users/darcy/Documents/Unreal Projects/UnitB-Project/Content/Assets/necklace/dirtyNecklace/lambert1_Height.uexp" 1562
"C:/Users/darcy/Documents/Unreal Projects/UnitB-Project/Content/Assets/necklace/dirtyNecklace/lambert1_Base_color.ubulk" 1563
"C:/Users/darcy/Documents/Unreal Projects/UnitB-Project/Content/Assets/necklace/dirtyNecklace/lambert1_Base_color.uasset" 1564
"C:/Users/darcy/Documents/Unreal Projects/UnitB-Project/Content/Assets/necklace/dirtyNecklace/lambert1_Base_color.uexp" 1565
"C:/Users/darcy/Documents/Unreal Projects/UnitB-Project/Content/Assets/necklace/dirtyNecklace/dirtynecklace.uasset" 1566
"C:/Users/darcy/Documents/Unreal Projects/UnitB-Project/Content/Assets/necklace/dirtyNecklace/dirtynecklace.uexp" 1567
"C:/Users/darcy/Documents/Unreal Projects/UnitB-Project/Content/Assets/necklace/dirtyNecklace/dirtyNecklaceMesh.ubulk" 1568
"C:/Users/darcy/Documents/Unreal Projects/UnitB-Project/Content/Assets/necklace/dirtyNecklace/dirtyNecklaceMesh.uasset" 1569
"C:/Users/darcy/Documents/Unreal Projects/UnitB-Project/Content/Assets/necklace/dirtyNecklace/dirtyNecklaceMesh.uexp" 1570
"C:/Users/darcy/Documents/Unreal Projects/UnitB-Project/Content/Dev/Darcy/Blueprints/ItemInfo/DataAssets/DA_Necklace.uasset" 1571
"C:/Users/darcy/Documents/Unreal Projects/UnitB-Project/Content/Dev/Darcy/Blueprints/ItemInfo/DataAssets/DA_Necklace.uexp" 1572
"C:/Users/darcy/Documents/Unreal Projects/UnitB-Project/Content/Dev/Jamie/Inventory/Blueprints/ItemDataComponent.uasset" 1573
"C:/Users/darcy/Documents/Unreal Projects/UnitB-Project/Content/Dev/Jamie/Inventory/Blueprints/ItemDataComponent.uexp" 1574
"C:/Users/darcy/Documents/Unreal Projects/UnitB-Project/Content/Dev/Jamie/Actors/Items/Blueprints/BP_ItemBase.uasset" 1575
"C:/Users/darcy/Documents/Unreal Projects/UnitB-Project/Content/Dev/Jamie/Actors/Items/Blueprints/BP_ItemBase.uexp" 1576
"C:/Users/darcy/Documents/Unreal Projects/UnitB-Project/Content/Dev/Darcy/Blueprints/ItemInfo/JamieItems/BP_Necklace.uasset" 1577
"C:/Users/darcy/Documents/Unreal Projects/UnitB-Project/Content/Dev/Darcy/Blueprints/ItemInfo/JamieItems/BP_Necklace.uexp" 1578
"C:/Users/darcy/Documents/Unreal Projects/UnitB-Project/Content/Assets/feather/dirty/standardSurface1_Roughness.ubulk" 1579
"C:/Users/darcy/Documents/Unreal Projects/UnitB-Project/Content/Assets/feather/dirty/standardSurface1_Roughness.uasset" 1580
"C:/Users/darcy/Documents/Unreal Projects/UnitB-Project/Content/Assets/feather/dirty/standardSurface1_Roughness.uexp" 1581
"C:/Users/darcy/Documents/Unreal Projects/UnitB-Project/Content/Assets/feather/dirty/standardSurface1_Normal.ubulk" 1582
"C:/Users/darcy/Documents/Unreal Projects/UnitB-Project/Content/Assets/feather/dirty/standardSurface1_Normal.uasset" 1583
"C:/Users/darcy/Documents/Unreal Projects/UnitB-Project/Content/Assets/feather/dirty/standardSurface1_Normal.uexp" 1584
"C:/Users/darcy/Documents/Unreal Projects/UnitB-Project/Content/Assets/feather/dirty/standardSurface1_Mixed_AO.ubulk" 1585
"C:/Users/darcy/Documents/Unreal Projects/UnitB-Project/Content/Assets/feather/dirty/standardSurface1_Mixed_AO.uasset" 1586
"C:/Users/darcy/Documents/Unreal Projects/UnitB-Project/Content/Assets/feather/dirty/standardSurface1_Mixed_AO.uexp" 1587
"C:/Users/darcy/Documents/Unreal Projects/UnitB-Project/Content/Assets/feather/dirty/standardSurface1_Metallic.ubulk" 1588
"C:/Users/darcy/Documents/Unreal Projects/UnitB-Project/Content/Assets/feather/dirty/standardSurface1_Metallic.uasset" 1589
"C:/Users/darcy/Documents/Unreal Projects/UnitB-Project/Content/Assets/feather/dirty/standardSurface1_Metallic.uexp" 1590
"C:/Users/darcy/Documents/Unreal Projects/UnitB-Project/Content/Assets/feather/dirty/standardSurface1_Height.ubulk" 1591
"C:/Users/darcy/Documents/Unreal Projects/UnitB-Project/Content/Assets/feather/dirty/standardSurface1_Height.uasset" 1592
"C:/Users/darcy/Documents/Unreal Projects/UnitB-Project/Content/Assets/feather/dirty/standardSurface1_Height.uexp" 1593
"C:/Users/darcy/Documents/Unreal Projects/UnitB-Project/Content/Assets/feather/dirty/standardSurface1_Base_color.ubulk" 1594
"C:/Users/darcy/Documents/Unreal Projects/UnitB-Project/Content/Assets/feather/dirty/standardSurface1_Base_color.uasset" 1595
"C:/Users/darcy/Documents/Unreal Projects/UnitB-Project/Content/Assets/feather/dirty/standardSurface1_Base_color.uexp" 1596
"C:/Users/darcy/Documents/Unreal Projects/UnitB-Project/Content/Assets/feather/dirty/standardSurface1.uasset" 1597
"C:/Users/darcy/Documents/Unreal Projects/UnitB-Project/Content/Assets/feather/dirty/standardSurface1.uexp" 1598
"C:/Users/darcy/Documents/Unreal Projects/UnitB-Project/Content/Assets/feather/dirty/featherstatue.ubulk" 1599
"C:/Users/darcy/Documents/Unreal Projects/UnitB-Project/Content/Assets/feather/dirty/featherstatue.uasset" 1600
"C:/Users/darcy/Documents/Unreal Projects/UnitB-Project/Content/Assets/feather/dirty/featherstatue.uexp" 1601
"C:/Users/darcy/Documents/Unreal Projects/UnitB-Project/Content/Assets/feather/clean/standardSurface1_Roughness.ubulk" 1602
"C:/Users/darcy/Documents/Unreal Projects/UnitB-Project/Content/Assets/feather/clean/standardSurface1_Roughness.uasset" 1603
"C:/Users/darcy/Documents/Unreal Projects/UnitB-Project/Content/Assets/feather/clean/standardSurface1_Roughness.uexp" 1604
"C:/Users/darcy/Documents/Unreal Projects/UnitB-Project/Content/Assets/feather/clean/standardSurface1_Normal.ubulk" 1605
"C:/Users/darcy/Documents/Unreal Projects/UnitB-Project/Content/Assets/feather/clean/standardSurface1_Normal.uasset" 1606
"C:/Users/darcy/Documents/Unreal Projects/UnitB-Project/Content/Assets/feather/clean/standardSurface1_Normal.uexp" 1607
"C:/Users/darcy/Documents/Unreal Projects/UnitB-Project/Content/Assets/feather/clean/standardSurface1_Mixed_AO.ubulk" 1608
"C:/Users/darcy/Documents/Unreal Projects/UnitB-Project/Content/Assets/feather/clean/standardSurface1_Mixed_AO.uasset" 1609
"C:/Users/darcy/Documents/Unreal Projects/UnitB-Project/Content/Assets/feather/clean/standardSurface1_Mixed_AO.uexp" 1610
"C:/Users/darcy/Documents/Unreal Projects/UnitB-Project/Content/Assets/feather/clean/standardSurface1_Metallic.ubulk" 1611
"C:/Users/darcy/Documents/Unreal Projects/UnitB-Project/Content/Assets/feather/clean/standardSurface1_Metallic.uasset" 1612
"C:/Users/darcy/Documents/Unreal Projects/UnitB-Project/Content/Assets/feather/clean/standardSurface1_Metallic.uexp" 1613
"C:/Users/darcy/Documents/Unreal Projects/UnitB-Project/Content/Assets/feather/clean/standardSurface1_Height.ubulk" 1614
"C:/Users/darcy/Documents/Unreal Projects/UnitB-Project/Content/Assets/feather/clean/standardSurface1_Height.uasset" 1615
"C:/Users/darcy/Documents/Unreal Projects/UnitB-Project/Content/Assets/feather/clean/standardSurface1_Height.uexp" 1616
"C:/Users/darcy/Documents/Unreal Projects/UnitB-Project/Content/Assets/feather/clean/standardSurface1_Base_color.ubulk" 1617
"C:/Users/darcy/Documents/Unreal Projects/UnitB-Project/Content/Assets/feather/clean/standardSurface1_Base_color.uasset" 1618
"C:/Users/darcy/Documents/Unreal Projects/UnitB-Project/Content/Assets/feather/clean/standardSurface1_Base_color.uexp" 1619
"C:/Users/darcy/Documents/Unreal Projects/UnitB-Project/Content/Assets/feather/clean/cleanfeather.uasset" 1620
"C:/Users/darcy/Documents/Unreal Projects/UnitB-Project/Content/Assets/feather/clean/cleanfeather.uexp" 1621
"C:/Users/darcy/Documents/Unreal Projects/UnitB-Project/Content/Assets/feather/clean/featherstatue.ubulk" 1622
"C:/Users/darcy/Documents/Unreal Projects/UnitB-Project/Content/Assets/feather/clean/featherstatue.uasset" 1623
"C:/Users/darcy/Documents/Unreal Projects/UnitB-Project/Content/Assets/feather/clean/featherstatue.uexp" 1624
"C:/Users/darcy/Documents/Unreal Projects/UnitB-Project/Content/Dev/Darcy/Blueprints/ItemInfo/DataAssets/DA_MaatStatue.uasset" 1625
"C:/Users/darcy/Documents/Unreal Projects/UnitB-Project/Content/Dev/Darcy/Blueprints/ItemInfo/DataAssets/DA_MaatStatue.uexp" 1626
"C:/Users/darcy/Documents/Unreal Projects/UnitB-Project/Content/Dev/Darcy/Blueprints/ItemInfo/JamieItems/BP_MaatStatue.uasset" 1627
"C:/Users/darcy/Documents/Unreal Projects/UnitB-Project/Content/Dev/Darcy/Blueprints/ItemInfo/JamieItems/BP_MaatStatue.uexp" 1628
"C:/Users/darcy/Documents/Unreal Projects/UnitB-Project/Content/Assets/BeetleOrnament/Textures/Beetle_Ornement_Clean_lambert1_OcclusionRoughnessMetallic.ubulk" 1629
"C:/Users/darcy/Documents/Unreal Projects/UnitB-Project/Content/Assets/BeetleOrnament/Textures/Beetle_Ornement_Clean_lambert1_OcclusionRoughnessMetallic.uasset" 1630
"C:/Users/darcy/Documents/Unreal Projects/UnitB-Project/Content/Assets/BeetleOrnament/Textures/Beetle_Ornement_Clean_lambert1_OcclusionRoughnessMetallic.uexp" 1631
"C:/Users/darcy/Documents/Unreal Projects/UnitB-Project/Content/Assets/BeetleOrnament/Textures/Beetle_Ornement_Clean_lambert1_Normal.ubulk" 1632
"C:/Users/darcy/Documents/Unreal Projects/UnitB-Project/Content/Assets/BeetleOrnament/Textures/Beetle_Ornement_Clean_lambert1_Normal.uasset" 1633
"C:/Users/darcy/Documents/Unreal Projects/UnitB-Project/Content/Assets/BeetleOrnament/Textures/Beetle_Ornement_Clean_lambert1_Normal.uexp" 1634
"C:/Users/darcy/Documents/Unreal Projects/UnitB-Project/Content/Assets/BeetleOrnament/Textures/Beetle_Ornement_Clean_lambert1_BaseColor.ubulk" 1635
"C:/Users/darcy/Documents/Unreal Projects/UnitB-Project/Content/Assets/BeetleOrnament/Textures/Beetle_Ornement_Clean_lambert1_BaseColor.uasset" 1636
"C:/Users/darcy/Documents/Unreal Projects/UnitB-Project/Content/Assets/BeetleOrnament/Textures/Beetle_Ornement_Clean_lambert1_BaseColor.uexp" 1637
"C:/Users/darcy/Documents/Unreal Projects/UnitB-Project/Content/Assets/BeetleOrnament/Materials/lambert1.uasset" 1638
"C:/Users/darcy/Documents/Unreal Projects/UnitB-Project/Content/Assets/BeetleOrnament/Materials/lambert1.uexp" 1639
"C:/Users/darcy/Documents/Unreal Projects/UnitB-Project/Content/Assets/BeetleOrnament/Meshes/Beetle_Ornement_Clean.ubulk" 1640
"C:/Users/darcy/Documents/Unreal Projects/UnitB-Project/Content/Assets/BeetleOrnament/Meshes/Beetle_Ornement_Clean.uasset" 1641
"C:/Users/darcy/Documents/Unreal Projects/UnitB-Project/Content/Assets/BeetleOrnament/Meshes/Beetle_Ornement_Clean.uexp" 1642
"C:/Users/darcy/Documents/Unreal Projects/UnitB-Project/Content/Dev/Darcy/Blueprints/ItemInfo/DataAssets/DA_ScarabBeetleJewel.uasset" 1643
"C:/Users/darcy/Documents/Unreal Projects/UnitB-Project/Content/Dev/Darcy/Blueprints/ItemInfo/DataAssets/DA_ScarabBeetleJewel.uexp" 1644
"C:/Users/darcy/Documents/Unreal Projects/UnitB-Project/Content/Dev/Darcy/Blueprints/ItemInfo/JamieItems/BP_BeetleJewel.uasset" 1645
"C:/Users/darcy/Documents/Unreal Projects/UnitB-Project/Content/Dev/Darcy/Blueprints/ItemInfo/JamieItems/BP_BeetleJewel.uexp" 1646
"C:/Users/darcy/Documents/Unreal Projects/UnitB-Project/Content/Dev/Jamie/Inventory/Datatable/DT_ItemData.uasset" 1647
"C:/Users/darcy/Documents/Unreal Projects/UnitB-Project/Content/Dev/Jamie/Inventory/Datatable/DT_ItemData.uexp" 1648
"C:/Users/darcy/Documents/Unreal Projects/UnitB-Project/Content/Dev/Jamie/Inventory/Blueprints/BP_InventoryManager.uasset" 1649
"C:/Users/darcy/Documents/Unreal Projects/UnitB-Project/Content/Dev/Jamie/Inventory/Blueprints/BP_InventoryManager.uexp" 1650
"C:/Users/darcy/Documents/Unreal Projects/UnitB-Project/Content/Dev/Jamie/Inventory/Widgets/WB_Drag.uasset" 1651
"C:/Users/darcy/Documents/Unreal Projects/UnitB-Project/Content/Dev/Jamie/Inventory/Widgets/WB_Drag.uexp" 1652
"C:/Users/darcy/Documents/Unreal Projects/UnitB-Project/Content/Input/IMC_MouseLook.uasset" 1653
"C:/Users/darcy/Documents/Unreal Projects/UnitB-Project/Content/Input/IMC_MouseLook.uexp" 1654
"../../../Engine/Content/VREditor/BasicMeshes/T_CleanFloorGrunge_01_D.ubulk" 1655
"../../../Engine/Content/VREditor/BasicMeshes/T_CleanFloorGrunge_01_D.uasset" 1656
"../../../Engine/Content/VREditor/BasicMeshes/T_CleanFloorGrunge_01_D.uexp" 1657
"../../../Engine/Content/VREditor/BasicMeshes/M_Floor_01.uasset" 1658
"../../../Engine/Content/VREditor/BasicMeshes/M_Floor_01.uexp" 1659
"../../../Engine/Content/VREditor/BasicMeshes/MI_Cube_01.uasset" 1660
"../../../Engine/Content/VREditor/BasicMeshes/MI_Cube_01.uexp" 1661
"../../../Engine/Content/VREditor/BasicMeshes/SM_Cube_01.ubulk" 1662
"../../../Engine/Content/VREditor/BasicMeshes/SM_Cube_01.uasset" 1663
"../../../Engine/Content/VREditor/BasicMeshes/SM_Cube_01.uexp" 1664
"../../../Engine/Content/VREditor/BasicMeshes/MI_Cube_02.uasset" 1665
"../../../Engine/Content/VREditor/BasicMeshes/MI_Cube_02.uexp" 1666
"../../../Engine/Content/VREditor/BasicMeshes/SM_Cube_02.ubulk" 1667
"../../../Engine/Content/VREditor/BasicMeshes/SM_Cube_02.uasset" 1668
"../../../Engine/Content/VREditor/BasicMeshes/SM_Cube_02.uexp" 1669
"C:/Users/darcy/Documents/Unreal Projects/UnitB-Project/Content/FirstPerson/Blueprints/BP_FirstPersonCameraManager.uasset" 1670
"C:/Users/darcy/Documents/Unreal Projects/UnitB-Project/Content/FirstPerson/Blueprints/BP_FirstPersonCameraManager.uexp" 1671
"C:/Users/darcy/Documents/Unreal Projects/UnitB-Project/Content/Input/Actions/IA_Move.uasset" 1672
"C:/Users/darcy/Documents/Unreal Projects/UnitB-Project/Content/Input/Actions/IA_Move.uexp" 1673
"C:/Users/darcy/Documents/Unreal Projects/UnitB-Project/Content/Input/Actions/IA_Look.uasset" 1674
"C:/Users/darcy/Documents/Unreal Projects/UnitB-Project/Content/Input/Actions/IA_Look.uexp" 1675
"C:/Users/darcy/Documents/Unreal Projects/UnitB-Project/Content/Input/Actions/IA_Jump.uasset" 1676
"C:/Users/darcy/Documents/Unreal Projects/UnitB-Project/Content/Input/Actions/IA_Jump.uexp" 1677
"C:/Users/darcy/Documents/Unreal Projects/UnitB-Project/Content/Dev/Darcy/Input/IA_Interact.uasset" 1678
"C:/Users/darcy/Documents/Unreal Projects/UnitB-Project/Content/Dev/Darcy/Input/IA_Interact.uexp" 1679
"C:/Users/darcy/Documents/Unreal Projects/UnitB-Project/Content/Dev/Darcy/Input/IA_Pause.uasset" 1680
"C:/Users/darcy/Documents/Unreal Projects/UnitB-Project/Content/Dev/Darcy/Input/IA_Pause.uexp" 1681
"C:/Users/darcy/Documents/Unreal Projects/UnitB-Project/Content/Dev/Darcy/Input/IMC_General.uasset" 1682
"C:/Users/darcy/Documents/Unreal Projects/UnitB-Project/Content/Dev/Darcy/Input/IMC_General.uexp" 1683
"C:/Users/darcy/Documents/Unreal Projects/UnitB-Project/Content/Dev/Elliot/inspect/IA_ExitInspect.uasset" 1684
"C:/Users/darcy/Documents/Unreal Projects/UnitB-Project/Content/Dev/Elliot/inspect/IA_ExitInspect.uexp" 1685
"C:/Users/darcy/Documents/Unreal Projects/UnitB-Project/Content/Dev/Elliot/inspect/IA_LeftMouseClick.uasset" 1686
"C:/Users/darcy/Documents/Unreal Projects/UnitB-Project/Content/Dev/Elliot/inspect/IA_LeftMouseClick.uexp" 1687
"C:/Users/darcy/Documents/Unreal Projects/UnitB-Project/Content/Dev/Elliot/inspect/IA_MouseMove.uasset" 1688
"C:/Users/darcy/Documents/Unreal Projects/UnitB-Project/Content/Dev/Elliot/inspect/IA_MouseMove.uexp" 1689
"C:/Users/darcy/Documents/Unreal Projects/UnitB-Project/Content/Dev/Elliot/inspect/IA_MouseScroll.uasset" 1690
"C:/Users/darcy/Documents/Unreal Projects/UnitB-Project/Content/Dev/Elliot/inspect/IA_MouseScroll.uexp" 1691
"C:/Users/darcy/Documents/Unreal Projects/UnitB-Project/Content/Dev/Elliot/inspect/IA_RightMouseClick.uasset" 1692
"C:/Users/darcy/Documents/Unreal Projects/UnitB-Project/Content/Dev/Elliot/inspect/IA_RightMouseClick.uexp" 1693
"C:/Users/darcy/Documents/Unreal Projects/UnitB-Project/Content/FirstPerson/Blueprints/BP_FirstPersonPlayerController.uasset" 1694
"C:/Users/darcy/Documents/Unreal Projects/UnitB-Project/Content/FirstPerson/Blueprints/BP_FirstPersonPlayerController.uexp" 1695
"C:/Users/darcy/Documents/Unreal Projects/UnitB-Project/Content/Dev/Darcy/Blueprints/Interfaces/BPI_Interaction.uasset" 1696
"C:/Users/darcy/Documents/Unreal Projects/UnitB-Project/Content/Dev/Darcy/Blueprints/Interfaces/BPI_Interaction.uexp" 1697
"C:/Users/darcy/Documents/Unreal Projects/UnitB-Project/Content/Dev/Elliot/inspectrendertarget.uasset" 1698
"C:/Users/darcy/Documents/Unreal Projects/UnitB-Project/Content/Dev/Elliot/inspectrendertarget.uexp" 1699
"C:/Users/darcy/Documents/Unreal Projects/UnitB-Project/Content/Dev/Elliot/inspectrendertarget_Mat.uasset" 1700
"C:/Users/darcy/Documents/Unreal Projects/UnitB-Project/Content/Dev/Elliot/inspectrendertarget_Mat.uexp" 1701
"C:/Users/darcy/Documents/Unreal Projects/UnitB-Project/Content/Dev/Elliot/UI_inspect.uasset" 1702
"C:/Users/darcy/Documents/Unreal Projects/UnitB-Project/Content/Dev/Elliot/UI_inspect.uexp" 1703
"C:/Users/darcy/Documents/Unreal Projects/UnitB-Project/Content/Dev/Elliot/BP_inspect_interact.uasset" 1704
"C:/Users/darcy/Documents/Unreal Projects/UnitB-Project/Content/Dev/Elliot/BP_inspect_interact.uexp" 1705
"C:/Users/darcy/Documents/Unreal Projects/UnitB-Project/Content/Dev/Elliot/Widgets/Fonts/DIOGENES.uexp" 1706
"C:/Users/darcy/Documents/Unreal Projects/UnitB-Project/Content/Dev/Elliot/Widgets/Fonts/DIOGENES.uasset" 1707
"C:/Users/darcy/Documents/Unreal Projects/UnitB-Project/Content/Dev/Elliot/Widgets/Fonts/DIOGENES.ufont" 1708
"C:/Users/darcy/Documents/Unreal Projects/UnitB-Project/Content/Dev/Elliot/Widgets/Fonts/DIOGENES_Font.uasset" 1709
"C:/Users/darcy/Documents/Unreal Projects/UnitB-Project/Content/Dev/Elliot/Widgets/Fonts/DIOGENES_Font.uexp" 1710
"C:/Users/darcy/Documents/Unreal Projects/UnitB-Project/Content/Dev/Elliot/Widgets/WBP_inspect.uasset" 1711
"C:/Users/darcy/Documents/Unreal Projects/UnitB-Project/Content/Dev/Elliot/Widgets/WBP_inspect.uexp" 1712
"C:/Users/darcy/Documents/Unreal Projects/UnitB-Project/Content/Dev/Elliot/inspect/IMC_inspect.uasset" 1713
"C:/Users/darcy/Documents/Unreal Projects/UnitB-Project/Content/Dev/Elliot/inspect/IMC_inspect.uexp" 1714
"C:/Users/darcy/Documents/Unreal Projects/UnitB-Project/Content/Dev/Elliot/BP_inspect_object.uasset" 1715
"C:/Users/darcy/Documents/Unreal Projects/UnitB-Project/Content/Dev/Elliot/BP_inspect_object.uexp" 1716
"C:/Users/darcy/Documents/Unreal Projects/UnitB-Project/Content/Dev/Elliot/VfX/DUST_TEXTURE.uasset" 1717
"C:/Users/darcy/Documents/Unreal Projects/UnitB-Project/Content/Dev/Elliot/VfX/DUST_TEXTURE.uexp" 1718
"C:/Users/darcy/Documents/Unreal Projects/UnitB-Project/Content/Dev/Jamie/Inventory/Widgets/WB_ActionMenu.uasset" 1719
"C:/Users/darcy/Documents/Unreal Projects/UnitB-Project/Content/Dev/Jamie/Inventory/Widgets/WB_ActionMenu.uexp" 1720
"C:/Users/darcy/Documents/Unreal Projects/UnitB-Project/Content/Dev/Jamie/Inventory/Blueprints/DD_InventorySlot.uasset" 1721
"C:/Users/darcy/Documents/Unreal Projects/UnitB-Project/Content/Dev/Jamie/Inventory/Blueprints/DD_InventorySlot.uexp" 1722
"C:/Users/darcy/Documents/Unreal Projects/UnitB-Project/Content/Characters/Mannequins/Textures/Shared/T_UE_Logo_M.uasset" 1723
"C:/Users/darcy/Documents/Unreal Projects/UnitB-Project/Content/Characters/Mannequins/Textures/Shared/T_UE_Logo_M.uexp" 1724
"C:/Users/darcy/Documents/Unreal Projects/UnitB-Project/Content/Dev/Jamie/Inventory/Widgets/WB_InventorySlot.uasset" 1725
"C:/Users/darcy/Documents/Unreal Projects/UnitB-Project/Content/Dev/Jamie/Inventory/Widgets/WB_InventorySlot.uexp" 1726
"C:/Users/darcy/Documents/Unreal Projects/UnitB-Project/Content/Dev/Jamie/Inventory/Widgets/WB_InventoryBase.uasset" 1727
"C:/Users/darcy/Documents/Unreal Projects/UnitB-Project/Content/Dev/Jamie/Inventory/Widgets/WB_InventoryBase.uexp" 1728
"C:/Users/darcy/Documents/Unreal Projects/UnitB-Project/Content/Dev/Jamie/Inventory/Widgets/WB_PlayerInventory.uasset" 1729
"C:/Users/darcy/Documents/Unreal Projects/UnitB-Project/Content/Dev/Jamie/Inventory/Widgets/WB_PlayerInventory.uexp" 1730
"C:/Users/darcy/Documents/Unreal Projects/UnitB-Project/Content/Input/Blueprints/AC_UserInterface.uasset" 1731
"C:/Users/darcy/Documents/Unreal Projects/UnitB-Project/Content/Input/Blueprints/AC_UserInterface.uexp" 1732
"C:/Users/darcy/Documents/Unreal Projects/UnitB-Project/Content/Characters/Mannequins/Meshes/SK_Mannequin.uasset" 1733
"C:/Users/darcy/Documents/Unreal Projects/UnitB-Project/Content/Characters/Mannequins/Meshes/SK_Mannequin.uexp" 1734
"../../../Engine/Plugins/Animation/ControlRig/Content/Controls/DefaultGizmoLibraryNormalized.uasset" 1735
"../../../Engine/Plugins/Animation/ControlRig/Content/Controls/DefaultGizmoLibraryNormalized.uexp" 1736
"C:/Users/darcy/Documents/Unreal Projects/UnitB-Project/Content/Characters/Mannequins/Rigs/CR_Mannequin_FootIK.uasset" 1737
"C:/Users/darcy/Documents/Unreal Projects/UnitB-Project/Content/Characters/Mannequins/Rigs/CR_Mannequin_FootIK.uexp" 1738
"../../../Engine/Content/Animation/DefaultAnimCurveCompressionSettings.uasset" 1739
"../../../Engine/Content/Animation/DefaultAnimCurveCompressionSettings.uexp" 1740
"../../../Engine/Content/Animation/DefaultAnimBoneCompressionSettings.uasset" 1741
"../../../Engine/Content/Animation/DefaultAnimBoneCompressionSettings.uexp" 1742
"C:/Users/darcy/Documents/Unreal Projects/UnitB-Project/Content/Characters/Mannequins/Anims/Unarmed/MM_Idle.uasset" 1743
"C:/Users/darcy/Documents/Unreal Projects/UnitB-Project/Content/Characters/Mannequins/Anims/Unarmed/MM_Idle.uexp" 1744
"C:/Users/darcy/Documents/Unreal Projects/UnitB-Project/Content/Characters/Mannequins/Anims/Unarmed/Walk/MF_Unarmed_Walk_Right.uasset" 1745
"C:/Users/darcy/Documents/Unreal Projects/UnitB-Project/Content/Characters/Mannequins/Anims/Unarmed/Walk/MF_Unarmed_Walk_Right.uexp" 1746
"C:/Users/darcy/Documents/Unreal Projects/UnitB-Project/Content/Characters/Mannequins/Anims/Unarmed/Walk/MF_Unarmed_Walk_Left.uasset" 1747
"C:/Users/darcy/Documents/Unreal Projects/UnitB-Project/Content/Characters/Mannequins/Anims/Unarmed/Walk/MF_Unarmed_Walk_Left.uexp" 1748
"../../../Engine/Content/Animation/DefaultRecorderBoneCompression.uasset" 1749
"../../../Engine/Content/Animation/DefaultRecorderBoneCompression.uexp" 1750
"C:/Users/darcy/Documents/Unreal Projects/UnitB-Project/Content/Characters/Mannequins/Anims/Unarmed/Walk/MF_Unarmed_Walk_Fwd_Right.uasset" 1751
"C:/Users/darcy/Documents/Unreal Projects/UnitB-Project/Content/Characters/Mannequins/Anims/Unarmed/Walk/MF_Unarmed_Walk_Fwd_Right.uexp" 1752
"C:/Users/darcy/Documents/Unreal Projects/UnitB-Project/Content/Characters/Mannequins/Anims/Unarmed/Walk/MF_Unarmed_Walk_Fwd_Left.uasset" 1753
"C:/Users/darcy/Documents/Unreal Projects/UnitB-Project/Content/Characters/Mannequins/Anims/Unarmed/Walk/MF_Unarmed_Walk_Fwd_Left.uexp" 1754
"C:/Users/darcy/Documents/Unreal Projects/UnitB-Project/Content/Characters/Mannequins/Anims/Unarmed/Walk/MF_Unarmed_Walk_Fwd.uasset" 1755
"C:/Users/darcy/Documents/Unreal Projects/UnitB-Project/Content/Characters/Mannequins/Anims/Unarmed/Walk/MF_Unarmed_Walk_Fwd.uexp" 1756
"C:/Users/darcy/Documents/Unreal Projects/UnitB-Project/Content/Characters/Mannequins/Anims/Unarmed/Walk/MF_Unarmed_Walk_Bwd_Right.uasset" 1757
"C:/Users/darcy/Documents/Unreal Projects/UnitB-Project/Content/Characters/Mannequins/Anims/Unarmed/Walk/MF_Unarmed_Walk_Bwd_Right.uexp" 1758
"C:/Users/darcy/Documents/Unreal Projects/UnitB-Project/Content/Characters/Mannequins/Anims/Unarmed/Walk/MF_Unarmed_Walk_Bwd_Left.uasset" 1759
"C:/Users/darcy/Documents/Unreal Projects/UnitB-Project/Content/Characters/Mannequins/Anims/Unarmed/Walk/MF_Unarmed_Walk_Bwd_Left.uexp" 1760
"C:/Users/darcy/Documents/Unreal Projects/UnitB-Project/Content/Characters/Mannequins/Anims/Unarmed/Walk/MF_Unarmed_Walk_Bwd.uasset" 1761
"C:/Users/darcy/Documents/Unreal Projects/UnitB-Project/Content/Characters/Mannequins/Anims/Unarmed/Walk/MF_Unarmed_Walk_Bwd.uexp" 1762
"C:/Users/darcy/Documents/Unreal Projects/UnitB-Project/Content/Characters/Mannequins/Anims/Unarmed/Jog/MF_Unarmed_Jog_Right.uasset" 1763
"C:/Users/darcy/Documents/Unreal Projects/UnitB-Project/Content/Characters/Mannequins/Anims/Unarmed/Jog/MF_Unarmed_Jog_Right.uexp" 1764
"C:/Users/darcy/Documents/Unreal Projects/UnitB-Project/Content/Characters/Mannequins/Anims/Unarmed/Jog/MF_Unarmed_Jog_Left.uasset" 1765
"C:/Users/darcy/Documents/Unreal Projects/UnitB-Project/Content/Characters/Mannequins/Anims/Unarmed/Jog/MF_Unarmed_Jog_Left.uexp" 1766
"C:/Users/darcy/Documents/Unreal Projects/UnitB-Project/Content/Characters/Mannequins/Anims/Unarmed/Jog/MF_Unarmed_Jog_Fwd_Right.uasset" 1767
"C:/Users/darcy/Documents/Unreal Projects/UnitB-Project/Content/Characters/Mannequins/Anims/Unarmed/Jog/MF_Unarmed_Jog_Fwd_Right.uexp" 1768
"C:/Users/darcy/Documents/Unreal Projects/UnitB-Project/Content/Characters/Mannequins/Anims/Unarmed/Jog/MF_Unarmed_Jog_Fwd_Left.uasset" 1769
"C:/Users/darcy/Documents/Unreal Projects/UnitB-Project/Content/Characters/Mannequins/Anims/Unarmed/Jog/MF_Unarmed_Jog_Fwd_Left.uexp" 1770
"C:/Users/darcy/Documents/Unreal Projects/UnitB-Project/Content/Characters/Mannequins/Anims/Unarmed/Jog/MF_Unarmed_Jog_Fwd.uasset" 1771
"C:/Users/darcy/Documents/Unreal Projects/UnitB-Project/Content/Characters/Mannequins/Anims/Unarmed/Jog/MF_Unarmed_Jog_Fwd.uexp" 1772
"C:/Users/darcy/Documents/Unreal Projects/UnitB-Project/Content/Characters/Mannequins/Anims/Unarmed/Jog/MF_Unarmed_Jog_Bwd_Right.uasset" 1773
"C:/Users/darcy/Documents/Unreal Projects/UnitB-Project/Content/Characters/Mannequins/Anims/Unarmed/Jog/MF_Unarmed_Jog_Bwd_Right.uexp" 1774
"C:/Users/darcy/Documents/Unreal Projects/UnitB-Project/Content/Characters/Mannequins/Anims/Unarmed/Jog/MF_Unarmed_Jog_Bwd_Left.uasset" 1775
"C:/Users/darcy/Documents/Unreal Projects/UnitB-Project/Content/Characters/Mannequins/Anims/Unarmed/Jog/MF_Unarmed_Jog_Bwd_Left.uexp" 1776
"C:/Users/darcy/Documents/Unreal Projects/UnitB-Project/Content/Characters/Mannequins/Anims/Unarmed/Jog/MF_Unarmed_Jog_Bwd.uasset" 1777
"C:/Users/darcy/Documents/Unreal Projects/UnitB-Project/Content/Characters/Mannequins/Anims/Unarmed/Jog/MF_Unarmed_Jog_Bwd.uexp" 1778
"C:/Users/darcy/Documents/Unreal Projects/UnitB-Project/Content/Characters/Mannequins/Anims/Unarmed/BS_Idle_Walk_Run.uasset" 1779
"C:/Users/darcy/Documents/Unreal Projects/UnitB-Project/Content/Characters/Mannequins/Anims/Unarmed/BS_Idle_Walk_Run.uexp" 1780
"C:/Users/darcy/Documents/Unreal Projects/UnitB-Project/Content/Characters/Mannequins/Anims/Unarmed/Jump/MM_Land.uasset" 1781
"C:/Users/darcy/Documents/Unreal Projects/UnitB-Project/Content/Characters/Mannequins/Anims/Unarmed/Jump/MM_Land.uexp" 1782
"C:/Users/darcy/Documents/Unreal Projects/UnitB-Project/Content/Characters/Mannequins/Anims/Unarmed/Jump/MM_Jump.uasset" 1783
"C:/Users/darcy/Documents/Unreal Projects/UnitB-Project/Content/Characters/Mannequins/Anims/Unarmed/Jump/MM_Jump.uexp" 1784
"C:/Users/darcy/Documents/Unreal Projects/UnitB-Project/Content/Characters/Mannequins/Anims/Unarmed/Jump/MM_Fall_Loop.uasset" 1785
"C:/Users/darcy/Documents/Unreal Projects/UnitB-Project/Content/Characters/Mannequins/Anims/Unarmed/Jump/MM_Fall_Loop.uexp" 1786
"C:/Users/darcy/Documents/Unreal Projects/UnitB-Project/Content/Characters/Mannequins/Anims/Unarmed/ABP_Unarmed.uasset" 1787
"C:/Users/darcy/Documents/Unreal Projects/UnitB-Project/Content/Characters/Mannequins/Anims/Unarmed/ABP_Unarmed.uexp" 1788
"C:/Users/darcy/Documents/Unreal Projects/UnitB-Project/Content/FirstPerson/Anims/CtrlRig_FPWarp.uasset" 1789
"C:/Users/darcy/Documents/Unreal Projects/UnitB-Project/Content/FirstPerson/Anims/CtrlRig_FPWarp.uexp" 1790
"C:/Users/darcy/Documents/Unreal Projects/UnitB-Project/Content/FirstPerson/Anims/ABP_FP_Copy.uasset" 1791
"C:/Users/darcy/Documents/Unreal Projects/UnitB-Project/Content/FirstPerson/Anims/ABP_FP_Copy.uexp" 1792
"C:/Users/darcy/Documents/Unreal Projects/UnitB-Project/Content/Dev/Jamie/Raycast/Blueprint/AC_Raycast.uasset" 1793
"C:/Users/darcy/Documents/Unreal Projects/UnitB-Project/Content/Dev/Jamie/Raycast/Blueprint/AC_Raycast.uexp" 1794
"C:/Users/darcy/Documents/Unreal Projects/UnitB-Project/Content/Dev/Darcy/Input/IA_Drag.uasset" 1795
"C:/Users/darcy/Documents/Unreal Projects/UnitB-Project/Content/Dev/Darcy/Input/IA_Drag.uexp" 1796
"C:/Users/darcy/Documents/Unreal Projects/UnitB-Project/Content/Dev/Darcy/Input/IA_Magnify.uasset" 1797
"C:/Users/darcy/Documents/Unreal Projects/UnitB-Project/Content/Dev/Darcy/Input/IA_Magnify.uexp" 1798
"C:/Users/darcy/Documents/Unreal Projects/UnitB-Project/Content/Dev/Darcy/Input/IA_ReleaseDrag.uasset" 1799
"C:/Users/darcy/Documents/Unreal Projects/UnitB-Project/Content/Dev/Darcy/Input/IA_ReleaseDrag.uexp" 1800
"C:/Users/darcy/Documents/Unreal Projects/UnitB-Project/Content/Dev/Darcy/Input/IA_Shake.uasset" 1801
"C:/Users/darcy/Documents/Unreal Projects/UnitB-Project/Content/Dev/Darcy/Input/IA_Shake.uexp" 1802
"C:/Users/darcy/Documents/Unreal Projects/UnitB-Project/Content/Dev/Darcy/Blueprints/Interfaces/BPI_PauseGame.uasset" 1803
"C:/Users/darcy/Documents/Unreal Projects/UnitB-Project/Content/Dev/Darcy/Blueprints/Interfaces/BPI_PauseGame.uexp" 1804
"C:/Users/darcy/Documents/Unreal Projects/UnitB-Project/Content/Dev/Darcy/Blueprints/ExcavationGame/E_MinigameStage.uasset" 1805
"C:/Users/darcy/Documents/Unreal Projects/UnitB-Project/Content/Dev/Darcy/Blueprints/ExcavationGame/E_MinigameStage.uexp" 1806
"C:/Users/darcy/Documents/Unreal Projects/UnitB-Project/Content/Dev/Darcy/Blueprints/Interfaces/BPI_Minigame.uasset" 1807
"C:/Users/darcy/Documents/Unreal Projects/UnitB-Project/Content/Dev/Darcy/Blueprints/Interfaces/BPI_Minigame.uexp" 1808
"C:/Users/darcy/Documents/Unreal Projects/UnitB-Project/Content/Dev/Darcy/Blueprints/AC_Poolable.uasset" 1809
"C:/Users/darcy/Documents/Unreal Projects/UnitB-Project/Content/Dev/Darcy/Blueprints/AC_Poolable.uexp" 1810
"C:/Users/darcy/Documents/Unreal Projects/UnitB-Project/Content/Dev/Darcy/Blueprints/ExcavationGame/Difficulties/E_Difficulties.uasset" 1811
"C:/Users/darcy/Documents/Unreal Projects/UnitB-Project/Content/Dev/Darcy/Blueprints/ExcavationGame/Difficulties/E_Difficulties.uexp" 1812
"C:/Users/darcy/Documents/Unreal Projects/UnitB-Project/Content/Dev/Darcy/Blueprints/ExcavationGame/Difficulties/DA_DifficultyBase.uasset" 1813
"C:/Users/darcy/Documents/Unreal Projects/UnitB-Project/Content/Dev/Darcy/Blueprints/ExcavationGame/Difficulties/DA_DifficultyBase.uexp" 1814
"C:/Users/darcy/Documents/Unreal Projects/UnitB-Project/Content/Concept/Madi/brush.uasset" 1815
"C:/Users/darcy/Documents/Unreal Projects/UnitB-Project/Content/Concept/Madi/brush.uexp" 1816
"C:/Users/darcy/Documents/Unreal Projects/UnitB-Project/Content/Dev/Darcy/Widgets/ExcavationMinigame/WBP_DustMouse.uasset" 1817
"C:/Users/darcy/Documents/Unreal Projects/UnitB-Project/Content/Dev/Darcy/Widgets/ExcavationMinigame/WBP_DustMouse.uexp" 1818
"C:/Users/darcy/Documents/Unreal Projects/UnitB-Project/Content/Dev/Darcy/Widgets/Art/magnify.uasset" 1819
"C:/Users/darcy/Documents/Unreal Projects/UnitB-Project/Content/Dev/Darcy/Widgets/Art/magnify.uexp" 1820
"C:/Users/darcy/Documents/Unreal Projects/UnitB-Project/Content/Dev/Darcy/Widgets/ExcavationMinigame/WBP_MagnifyMouse.uasset" 1821
"C:/Users/darcy/Documents/Unreal Projects/UnitB-Project/Content/Dev/Darcy/Widgets/ExcavationMinigame/WBP_MagnifyMouse.uexp" 1822
"C:/Users/darcy/Documents/Unreal Projects/UnitB-Project/Content/Dev/Elliot/Widgets/UI_backgrounds/mouse.uasset" 1823
"C:/Users/darcy/Documents/Unreal Projects/UnitB-Project/Content/Dev/Elliot/Widgets/UI_backgrounds/mouse.uexp" 1824
"C:/Users/darcy/Documents/Unreal Projects/UnitB-Project/Content/Dev/Elliot/Widgets/WBP_DIGMOUSE.uasset" 1825
"C:/Users/darcy/Documents/Unreal Projects/UnitB-Project/Content/Dev/Elliot/Widgets/WBP_DIGMOUSE.uexp" 1826
"C:/Users/darcy/Documents/Unreal Projects/UnitB-Project/Content/Dev/Darcy/Widgets/WBP_MinigameMouse.uasset" 1827
"C:/Users/darcy/Documents/Unreal Projects/UnitB-Project/Content/Dev/Darcy/Widgets/WBP_MinigameMouse.uexp" 1828
"C:/Users/darcy/Documents/Unreal Projects/UnitB-Project/Content/Dev/Darcy/E_ExcavationDirections.uasset" 1829
"C:/Users/darcy/Documents/Unreal Projects/UnitB-Project/Content/Dev/Darcy/E_ExcavationDirections.uexp" 1830
"C:/Users/darcy/Documents/Unreal Projects/UnitB-Project/Content/Dev/Elliot/Widgets/WBP_Transition.uasset" 1831
"C:/Users/darcy/Documents/Unreal Projects/UnitB-Project/Content/Dev/Elliot/Widgets/WBP_Transition.uexp" 1832
"C:/Users/darcy/Documents/Unreal Projects/UnitB-Project/Content/Concept/Lio/Back_glow_separate.uasset" 1833
"C:/Users/darcy/Documents/Unreal Projects/UnitB-Project/Content/Concept/Lio/Back_glow_separate.uexp" 1834
"C:/Users/darcy/Documents/Unreal Projects/UnitB-Project/Content/Dev/Elliot/Widgets/UI_backgrounds/UI_design_HOVER.uasset" 1835
"C:/Users/darcy/Documents/Unreal Projects/UnitB-Project/Content/Dev/Elliot/Widgets/UI_backgrounds/UI_design_HOVER.uexp" 1836
"C:/Users/darcy/Documents/Unreal Projects/UnitB-Project/Content/Dev/Elliot/Widgets/UI_backgrounds/UI_design_2.uasset" 1837
"C:/Users/darcy/Documents/Unreal Projects/UnitB-Project/Content/Dev/Elliot/Widgets/UI_backgrounds/UI_design_2.uexp" 1838
"C:/Users/darcy/Documents/Unreal Projects/UnitB-Project/Content/Dev/Darcy/Blueprints/Interfaces/BPI_BIndings.uasset" 1839
"C:/Users/darcy/Documents/Unreal Projects/UnitB-Project/Content/Dev/Darcy/Blueprints/Interfaces/BPI_BIndings.uexp" 1840
"C:/Users/darcy/Documents/Unreal Projects/UnitB-Project/Content/Dev/Darcy/Widgets/ExcavationMinigame/WBP_MinigameFailed.uasset" 1841
"C:/Users/darcy/Documents/Unreal Projects/UnitB-Project/Content/Dev/Darcy/Widgets/ExcavationMinigame/WBP_MinigameFailed.uexp" 1842
"C:/Users/darcy/Documents/Unreal Projects/UnitB-Project/Content/Concept/Madi/heartRed.uasset" 1843
"C:/Users/darcy/Documents/Unreal Projects/UnitB-Project/Content/Concept/Madi/heartRed.uexp" 1844
"C:/Users/darcy/Documents/Unreal Projects/UnitB-Project/Content/Concept/Madi/heartClear.uasset" 1845
"C:/Users/darcy/Documents/Unreal Projects/UnitB-Project/Content/Concept/Madi/heartClear.uexp" 1846
"C:/Users/darcy/Documents/Unreal Projects/UnitB-Project/Content/Dev/Darcy/Widgets/ExcavationMinigame/WBP_MinigameAttempts.uasset" 1847
"C:/Users/darcy/Documents/Unreal Projects/UnitB-Project/Content/Dev/Darcy/Widgets/ExcavationMinigame/WBP_MinigameAttempts.uexp" 1848
"C:/Users/darcy/Documents/Unreal Projects/UnitB-Project/Content/Concept/Madi/needleBackground.uasset" 1849
"C:/Users/darcy/Documents/Unreal Projects/UnitB-Project/Content/Concept/Madi/needleBackground.uexp" 1850
"C:/Users/darcy/Documents/Unreal Projects/UnitB-Project/Content/Dev/Darcy/Widgets/ExcavationMinigame/WBP_MagnifyBar.uasset" 1851
"C:/Users/darcy/Documents/Unreal Projects/UnitB-Project/Content/Dev/Darcy/Widgets/ExcavationMinigame/WBP_MagnifyBar.uexp" 1852
"C:/Users/darcy/Documents/Unreal Projects/UnitB-Project/Content/Dev/Darcy/Widgets/ExcavationMinigame/WBP_ItemDetails.uasset" 1853
"C:/Users/darcy/Documents/Unreal Projects/UnitB-Project/Content/Dev/Darcy/Widgets/ExcavationMinigame/WBP_ItemDetails.uexp" 1854
"C:/Users/darcy/Documents/Unreal Projects/UnitB-Project/Content/Dev/Darcy/Widgets/Art/hourglass.uasset" 1855
"C:/Users/darcy/Documents/Unreal Projects/UnitB-Project/Content/Dev/Darcy/Widgets/Art/hourglass.uexp" 1856
"C:/Users/darcy/Documents/Unreal Projects/UnitB-Project/Content/Dev/Darcy/Widgets/ExcavationMinigame/WBP_GameTimer.uasset" 1857
"C:/Users/darcy/Documents/Unreal Projects/UnitB-Project/Content/Dev/Darcy/Widgets/ExcavationMinigame/WBP_GameTimer.uexp" 1858
"C:/Users/darcy/Documents/Unreal Projects/UnitB-Project/Content/Dev/Darcy/Widgets/ExcavationMinigame/WBP_DustZone.uasset" 1859
"C:/Users/darcy/Documents/Unreal Projects/UnitB-Project/Content/Dev/Darcy/Widgets/ExcavationMinigame/WBP_DustZone.uexp" 1860
"C:/Users/darcy/Documents/Unreal Projects/UnitB-Project/Content/Dev/Darcy/Widgets/ExcavationMinigame/WBP_DustNeedle.uasset" 1861
"C:/Users/darcy/Documents/Unreal Projects/UnitB-Project/Content/Dev/Darcy/Widgets/ExcavationMinigame/WBP_DustNeedle.uexp" 1862
"C:/Users/darcy/Documents/Unreal Projects/UnitB-Project/Content/Dev/Darcy/Widgets/ExcavationMinigame/WBP_DustProgressBar.uasset" 1863
"C:/Users/darcy/Documents/Unreal Projects/UnitB-Project/Content/Dev/Darcy/Widgets/ExcavationMinigame/WBP_DustProgressBar.uexp" 1864
"C:/Users/darcy/Documents/Unreal Projects/UnitB-Project/Content/Dev/Darcy/Widgets/WBP_Back.uasset" 1865
"C:/Users/darcy/Documents/Unreal Projects/UnitB-Project/Content/Dev/Darcy/Widgets/WBP_Back.uexp" 1866
"C:/Users/darcy/Documents/Unreal Projects/UnitB-Project/Content/Dev/Darcy/Widgets/ExcavationMinigame/WBP_Dig.uasset" 1867
"C:/Users/darcy/Documents/Unreal Projects/UnitB-Project/Content/Dev/Darcy/Widgets/ExcavationMinigame/WBP_Dig.uexp" 1868
"C:/Users/darcy/Documents/Unreal Projects/UnitB-Project/Content/Dev/Darcy/Input/IMC_MiniGame.uasset" 1869
"C:/Users/darcy/Documents/Unreal Projects/UnitB-Project/Content/Dev/Darcy/Input/IMC_MiniGame.uexp" 1870
"C:/Users/darcy/Documents/Unreal Projects/UnitB-Project/Content/Dev/Darcy/Blueprints/Interfaces/BPI_Site.uasset" 1871
"C:/Users/darcy/Documents/Unreal Projects/UnitB-Project/Content/Dev/Darcy/Blueprints/Interfaces/BPI_Site.uexp" 1872
"C:/Users/darcy/Documents/Unreal Projects/UnitB-Project/Content/Dev/Darcy/Blueprints/Interfaces/BPI_Rock.uasset" 1873
"C:/Users/darcy/Documents/Unreal Projects/UnitB-Project/Content/Dev/Darcy/Blueprints/Interfaces/BPI_Rock.uexp" 1874
"C:/Users/darcy/Documents/Unreal Projects/UnitB-Project/Content/Dev/Darcy/Blueprints/Interfaces/BPI_DugItem.uasset" 1875
"C:/Users/darcy/Documents/Unreal Projects/UnitB-Project/Content/Dev/Darcy/Blueprints/Interfaces/BPI_DugItem.uexp" 1876
"C:/Users/darcy/Documents/Unreal Projects/UnitB-Project/Content/Dev/Darcy/Blueprints/Interfaces/BPI_Dirt.uasset" 1877
"C:/Users/darcy/Documents/Unreal Projects/UnitB-Project/Content/Dev/Darcy/Blueprints/Interfaces/BPI_Dirt.uexp" 1878
"C:/Users/darcy/Documents/Unreal Projects/UnitB-Project/Content/Dev/Darcy/Blueprints/Interfaces/BPI_DayManager.uasset" 1879
"C:/Users/darcy/Documents/Unreal Projects/UnitB-Project/Content/Dev/Darcy/Blueprints/Interfaces/BPI_DayManager.uexp" 1880
"C:/Users/darcy/Documents/Unreal Projects/UnitB-Project/Content/Dev/Darcy/Blueprints/Interfaces/BPI_Camera.uasset" 1881
"C:/Users/darcy/Documents/Unreal Projects/UnitB-Project/Content/Dev/Darcy/Blueprints/Interfaces/BPI_Camera.uexp" 1882
"C:/Users/darcy/Documents/Unreal Projects/UnitB-Project/Content/Dev/Darcy/Blueprints/ExcavationGame/BP_SiteManager.uasset" 1883
"C:/Users/darcy/Documents/Unreal Projects/UnitB-Project/Content/Dev/Darcy/Blueprints/ExcavationGame/BP_SiteManager.uexp" 1884
"C:/Users/darcy/Documents/Unreal Projects/UnitB-Project/Content/Concept/Lio/Centre_part_separate.uasset" 1885
"C:/Users/darcy/Documents/Unreal Projects/UnitB-Project/Content/Concept/Lio/Centre_part_separate.uexp" 1886
"C:/Users/darcy/Documents/Unreal Projects/UnitB-Project/Content/Concept/Lio/Background_Separate.uasset" 1887
"C:/Users/darcy/Documents/Unreal Projects/UnitB-Project/Content/Concept/Lio/Background_Separate.uexp" 1888
"C:/Users/darcy/Documents/Unreal Projects/UnitB-Project/Content/Dev/Darcy/Widgets/Menus/WBP_Options.uasset" 1889
"C:/Users/darcy/Documents/Unreal Projects/UnitB-Project/Content/Dev/Darcy/Widgets/Menus/WBP_Options.uexp" 1890
"C:/Users/darcy/Documents/Unreal Projects/UnitB-Project/Content/Dev/Darcy/Widgets/Menus/WBP_Pause.uasset" 1891
"C:/Users/darcy/Documents/Unreal Projects/UnitB-Project/Content/Dev/Darcy/Widgets/Menus/WBP_Pause.uexp" 1892
"C:/Users/darcy/Documents/Unreal Projects/UnitB-Project/Content/Dev/Elliot/sound_effects/walksounds/step_1.ubulk" 1893
"C:/Users/darcy/Documents/Unreal Projects/UnitB-Project/Content/Dev/Elliot/sound_effects/walksounds/step_1.uasset" 1894
"C:/Users/darcy/Documents/Unreal Projects/UnitB-Project/Content/Dev/Elliot/sound_effects/walksounds/step_1.uexp" 1895
"C:/Users/darcy/Documents/Unreal Projects/UnitB-Project/Content/Dev/Elliot/sound_effects/walksounds/step_2.ubulk" 1896
"C:/Users/darcy/Documents/Unreal Projects/UnitB-Project/Content/Dev/Elliot/sound_effects/walksounds/step_2.uasset" 1897
"C:/Users/darcy/Documents/Unreal Projects/UnitB-Project/Content/Dev/Elliot/sound_effects/walksounds/step_2.uexp" 1898
"C:/Users/darcy/Documents/Unreal Projects/UnitB-Project/Content/Dev/Elliot/sound_effects/walksounds/step_3.ubulk" 1899
"C:/Users/darcy/Documents/Unreal Projects/UnitB-Project/Content/Dev/Elliot/sound_effects/walksounds/step_3.uasset" 1900
"C:/Users/darcy/Documents/Unreal Projects/UnitB-Project/Content/Dev/Elliot/sound_effects/walksounds/step_3.uexp" 1901
"C:/Users/darcy/Documents/Unreal Projects/UnitB-Project/Content/Dev/Elliot/sound_effects/walksounds/steps.uasset" 1902
"C:/Users/darcy/Documents/Unreal Projects/UnitB-Project/Content/Dev/Elliot/sound_effects/walksounds/steps.uexp" 1903
"C:/Users/darcy/Documents/Unreal Projects/UnitB-Project/Content/Dev/Darcy/Blueprints/AC_Interactable.uasset" 1904
"C:/Users/darcy/Documents/Unreal Projects/UnitB-Project/Content/Dev/Darcy/Blueprints/AC_Interactable.uexp" 1905
"C:/Users/darcy/Documents/Unreal Projects/UnitB-Project/Content/Assets/MummyIdle/MummyIdle_Skeleton.uasset" 1906
"C:/Users/darcy/Documents/Unreal Projects/UnitB-Project/Content/Assets/MummyIdle/MummyIdle_Skeleton.uexp" 1907
"C:/Users/darcy/Documents/Unreal Projects/UnitB-Project/Content/Assets/MummyIdle/MummyIdle_PhysicsAsset.uasset" 1908
"C:/Users/darcy/Documents/Unreal Projects/UnitB-Project/Content/Assets/MummyIdle/MummyIdle_PhysicsAsset.uexp" 1909
"C:/Users/darcy/Documents/Unreal Projects/UnitB-Project/Content/Assets/MummyIdle/Material_001.uasset" 1910
"C:/Users/darcy/Documents/Unreal Projects/UnitB-Project/Content/Assets/MummyIdle/Material_001.uexp" 1911
"C:/Users/darcy/Documents/Unreal Projects/UnitB-Project/Content/Assets/MummyIdle/MummyIdle.uasset" 1912
"C:/Users/darcy/Documents/Unreal Projects/UnitB-Project/Content/Assets/MummyIdle/MummyIdle.uexp" 1913
"C:/Users/darcy/Documents/Unreal Projects/UnitB-Project/Content/Assets/MummyIdle/MummyIdle_Anim.uasset" 1914
"C:/Users/darcy/Documents/Unreal Projects/UnitB-Project/Content/Assets/MummyIdle/MummyIdle_Anim.uexp" 1915
"C:/Users/darcy/Documents/Unreal Projects/UnitB-Project/Content/FirstPerson/Blueprints/BP_FirstPersonCharacter.uasset" 1916
"C:/Users/darcy/Documents/Unreal Projects/UnitB-Project/Content/FirstPerson/Blueprints/BP_FirstPersonCharacter.uexp" 1917
"C:/Users/darcy/Documents/Unreal Projects/UnitB-Project/Content/Dev/Jamie/Dialogue/Widgets/WB_DialogueOptions.uasset" 1918
"C:/Users/darcy/Documents/Unreal Projects/UnitB-Project/Content/Dev/Jamie/Dialogue/Widgets/WB_DialogueOptions.uexp" 1919
"C:/Users/darcy/Documents/Unreal Projects/UnitB-Project/Content/Dev/Jamie/Dialogue/Widgets/WB_Dialogue.uasset" 1920
"C:/Users/darcy/Documents/Unreal Projects/UnitB-Project/Content/Dev/Jamie/Dialogue/Widgets/WB_Dialogue.uexp" 1921
"C:/Users/darcy/Documents/Unreal Projects/UnitB-Project/Content/Dev/Jamie/Dialogue/Blueprints/Enum_Dialogue.uasset" 1922
"C:/Users/darcy/Documents/Unreal Projects/UnitB-Project/Content/Dev/Jamie/Dialogue/Blueprints/Enum_Dialogue.uexp" 1923
"C:/Users/darcy/Documents/Unreal Projects/UnitB-Project/Content/Dev/Jamie/Dialogue/Blueprints/AC_DialogueBase.uasset" 1924
"C:/Users/darcy/Documents/Unreal Projects/UnitB-Project/Content/Dev/Jamie/Dialogue/Blueprints/AC_DialogueBase.uexp" 1925
"C:/Users/darcy/Documents/Unreal Projects/UnitB-Project/Content/Dev/Jamie/Dialogue/Blueprints/Characters/AC_AnubisDialogue.uasset" 1926
"C:/Users/darcy/Documents/Unreal Projects/UnitB-Project/Content/Dev/Jamie/Dialogue/Blueprints/Characters/AC_AnubisDialogue.uexp" 1927
"C:/Users/darcy/Documents/Unreal Projects/UnitB-Project/Content/Dev/Jamie/NPCs/NPC_Base.uasset" 1928
"C:/Users/darcy/Documents/Unreal Projects/UnitB-Project/Content/Dev/Jamie/NPCs/NPC_Base.uexp" 1929
"C:/Users/darcy/Documents/Unreal Projects/UnitB-Project/Content/Dev/Jamie/NPCs/NPC_Children/NPC_Anubis.uasset" 1930
"C:/Users/darcy/Documents/Unreal Projects/UnitB-Project/Content/Dev/Jamie/NPCs/NPC_Children/NPC_Anubis.uexp" 1931
"C:/Users/darcy/Documents/Unreal Projects/UnitB-Project/Content/Dev/Darcy/Blueprints/SaveGame/S_ExcavationSitesSave.uasset" 1932
"C:/Users/darcy/Documents/Unreal Projects/UnitB-Project/Content/Dev/Darcy/Blueprints/SaveGame/S_ExcavationSitesSave.uexp" 1933
"C:/Users/darcy/Documents/Unreal Projects/UnitB-Project/Content/Dev/Darcy/Blueprints/SaveGame/S_DayManagerSave.uasset" 1934
"C:/Users/darcy/Documents/Unreal Projects/UnitB-Project/Content/Dev/Darcy/Blueprints/SaveGame/S_DayManagerSave.uexp" 1935
"C:/Users/darcy/Documents/Unreal Projects/UnitB-Project/Content/Dev/Darcy/Blueprints/SaveGame/BP_SaveGame.uasset" 1936
"C:/Users/darcy/Documents/Unreal Projects/UnitB-Project/Content/Dev/Darcy/Blueprints/SaveGame/BP_SaveGame.uexp" 1937
"C:/Users/darcy/Documents/Unreal Projects/UnitB-Project/Content/Dev/Darcy/Blueprints/Interfaces/BPI_SaveGame.uasset" 1938
"C:/Users/darcy/Documents/Unreal Projects/UnitB-Project/Content/Dev/Darcy/Blueprints/Interfaces/BPI_SaveGame.uexp" 1939
"C:/Users/darcy/Documents/Unreal Projects/UnitB-Project/Content/Dev/Darcy/Blueprints/SaveGame/BP_GameInstance.uasset" 1940
"C:/Users/darcy/Documents/Unreal Projects/UnitB-Project/Content/Dev/Darcy/Blueprints/SaveGame/BP_GameInstance.uexp" 1941
"C:/Users/darcy/Documents/Unreal Projects/UnitB-Project/Content/Assets/rock/rock_assets_lambert2_Roughness.ubulk" 1942
"C:/Users/darcy/Documents/Unreal Projects/UnitB-Project/Content/Assets/rock/rock_assets_lambert2_Roughness.uasset" 1943
"C:/Users/darcy/Documents/Unreal Projects/UnitB-Project/Content/Assets/rock/rock_assets_lambert2_Roughness.uexp" 1944
"C:/Users/darcy/Documents/Unreal Projects/UnitB-Project/Content/Assets/rock/rock_assets_lambert2_Normal.ubulk" 1945
"C:/Users/darcy/Documents/Unreal Projects/UnitB-Project/Content/Assets/rock/rock_assets_lambert2_Normal.uasset" 1946
"C:/Users/darcy/Documents/Unreal Projects/UnitB-Project/Content/Assets/rock/rock_assets_lambert2_Normal.uexp" 1947
"C:/Users/darcy/Documents/Unreal Projects/UnitB-Project/Content/Assets/rock/rock_assets_lambert2_Metallic.ubulk" 1948
"C:/Users/darcy/Documents/Unreal Projects/UnitB-Project/Content/Assets/rock/rock_assets_lambert2_Metallic.uasset" 1949
"C:/Users/darcy/Documents/Unreal Projects/UnitB-Project/Content/Assets/rock/rock_assets_lambert2_Metallic.uexp" 1950
"C:/Users/darcy/Documents/Unreal Projects/UnitB-Project/Content/Assets/rock/rock_assets_lambert2_Height.ubulk" 1951
"C:/Users/darcy/Documents/Unreal Projects/UnitB-Project/Content/Assets/rock/rock_assets_lambert2_Height.uasset" 1952
"C:/Users/darcy/Documents/Unreal Projects/UnitB-Project/Content/Assets/rock/rock_assets_lambert2_Height.uexp" 1953
"C:/Users/darcy/Documents/Unreal Projects/UnitB-Project/Content/Assets/rock/rock_assets_lambert2_Base_color.ubulk" 1954
"C:/Users/darcy/Documents/Unreal Projects/UnitB-Project/Content/Assets/rock/rock_assets_lambert2_Base_color.uasset" 1955
"C:/Users/darcy/Documents/Unreal Projects/UnitB-Project/Content/Assets/rock/rock_assets_lambert2_Base_color.uexp" 1956
"C:/Users/darcy/Documents/Unreal Projects/UnitB-Project/Content/Assets/rock/lambert2.uasset" 1957
"C:/Users/darcy/Documents/Unreal Projects/UnitB-Project/Content/Assets/rock/lambert2.uexp" 1958
"C:/Users/darcy/Documents/Unreal Projects/UnitB-Project/Content/Assets/rock/rock.ubulk" 1959
"C:/Users/darcy/Documents/Unreal Projects/UnitB-Project/Content/Assets/rock/rock.uasset" 1960
"C:/Users/darcy/Documents/Unreal Projects/UnitB-Project/Content/Assets/rock/rock.uexp" 1961
"C:/Users/darcy/Documents/Unreal Projects/UnitB-Project/Content/Dev/Elliot/VfX/rock.uasset" 1962
"C:/Users/darcy/Documents/Unreal Projects/UnitB-Project/Content/Dev/Elliot/VfX/rock.uexp" 1963
"C:/Users/darcy/Documents/Unreal Projects/UnitB-Project/Content/Dev/Elliot/VfX/openPBR_shader1.uasset" 1964
"C:/Users/darcy/Documents/Unreal Projects/UnitB-Project/Content/Dev/Elliot/VfX/openPBR_shader1.uexp" 1965
"C:/Users/darcy/Documents/Unreal Projects/UnitB-Project/Content/Dev/Elliot/VfX/new_high_poly.ubulk" 1966
"C:/Users/darcy/Documents/Unreal Projects/UnitB-Project/Content/Dev/Elliot/VfX/new_high_poly.uasset" 1967
"C:/Users/darcy/Documents/Unreal Projects/UnitB-Project/Content/Dev/Elliot/VfX/new_high_poly.uexp" 1968
"C:/Users/darcy/Documents/Unreal Projects/UnitB-Project/Content/Dev/Elliot/VfX/rock_shatter.uasset" 1969
"C:/Users/darcy/Documents/Unreal Projects/UnitB-Project/Content/Dev/Elliot/VfX/rock_shatter.uexp" 1970
"C:/Users/darcy/Documents/Unreal Projects/UnitB-Project/Content/Dev/Darcy/Blueprints/ExcavationGame/BP_QTERock.uasset" 1971
"C:/Users/darcy/Documents/Unreal Projects/UnitB-Project/Content/Dev/Darcy/Blueprints/ExcavationGame/BP_QTERock.uexp" 1972
"C:/Users/darcy/Documents/Unreal Projects/UnitB-Project/Content/Dev/Darcy/Widgets/Art/threeZ.uasset" 1973
"C:/Users/darcy/Documents/Unreal Projects/UnitB-Project/Content/Dev/Darcy/Widgets/Art/threeZ.uexp" 1974
"C:/Users/darcy/Documents/Unreal Projects/UnitB-Project/Content/Dev/Darcy/Widgets/Art/darken.uasset" 1975
"C:/Users/darcy/Documents/Unreal Projects/UnitB-Project/Content/Dev/Darcy/Widgets/Art/darken.uexp" 1976
"C:/Users/darcy/Documents/Unreal Projects/UnitB-Project/Content/Dev/Darcy/Widgets/WBP_SleepTransition.uasset" 1977
"C:/Users/darcy/Documents/Unreal Projects/UnitB-Project/Content/Dev/Darcy/Widgets/WBP_SleepTransition.uexp" 1978
"C:/Users/darcy/Documents/Unreal Projects/UnitB-Project/Content/Concept/Madi/anubisHeadClear.uasset" 1979
"C:/Users/darcy/Documents/Unreal Projects/UnitB-Project/Content/Concept/Madi/anubisHeadClear.uexp" 1980
"C:/Users/darcy/Documents/Unreal Projects/UnitB-Project/Content/Concept/Madi/anubisHeadBlack.uasset" 1981
"C:/Users/darcy/Documents/Unreal Projects/UnitB-Project/Content/Concept/Madi/anubisHeadBlack.uexp" 1982
"C:/Users/darcy/Documents/Unreal Projects/UnitB-Project/Content/Dev/Darcy/Widgets/WBP_DayDetails.uasset" 1983
"C:/Users/darcy/Documents/Unreal Projects/UnitB-Project/Content/Dev/Darcy/Widgets/WBP_DayDetails.uexp" 1984
"C:/Users/darcy/Documents/Unreal Projects/UnitB-Project/Content/Dev/Darcy/Blueprints/DayCycles/BP_DayManager.uasset" 1985
"C:/Users/darcy/Documents/Unreal Projects/UnitB-Project/Content/Dev/Darcy/Blueprints/DayCycles/BP_DayManager.uexp" 1986
"../../../Engine/Plugins/FX/Niagara/Content/VectorFields/Assets/TilingCurl32.uasset" 1987
"../../../Engine/Plugins/FX/Niagara/Content/VectorFields/Assets/TilingCurl32.uexp" 1988
"C:/Users/darcy/Documents/Unreal Projects/UnitB-Project/Content/Dev/Elliot/VfX/DUST_TEXTURE_Mat.uasset" 1989
"C:/Users/darcy/Documents/Unreal Projects/UnitB-Project/Content/Dev/Elliot/VfX/DUST_TEXTURE_Mat.uexp" 1990
"C:/Users/darcy/Documents/Unreal Projects/UnitB-Project/Content/Dev/Elliot/VfX/dust_effect.uasset" 1991
"C:/Users/darcy/Documents/Unreal Projects/UnitB-Project/Content/Dev/Elliot/VfX/dust_effect.uexp" 1992
"C:/Users/darcy/Documents/Unreal Projects/UnitB-Project/Content/Dev/Elliot/sound_effects/DIG.ubulk" 1993
"C:/Users/darcy/Documents/Unreal Projects/UnitB-Project/Content/Dev/Elliot/sound_effects/DIG.uasset" 1994
"C:/Users/darcy/Documents/Unreal Projects/UnitB-Project/Content/Dev/Elliot/sound_effects/DIG.uexp" 1995
"C:/Users/darcy/Documents/Unreal Projects/UnitB-Project/Content/Dev/Elliot/sound_effects/DIG_SWEEP.uasset" 1996
"C:/Users/darcy/Documents/Unreal Projects/UnitB-Project/Content/Dev/Elliot/sound_effects/DIG_SWEEP.uexp" 1997
"C:/Users/darcy/Documents/Unreal Projects/UnitB-Project/Content/Assets/digSites/normal/sandpile3_DefaultMaterial_OcclusionRoughnessMetallic.ubulk" 1998
"C:/Users/darcy/Documents/Unreal Projects/UnitB-Project/Content/Assets/digSites/normal/sandpile3_DefaultMaterial_OcclusionRoughnessMetallic.uasset" 1999
"C:/Users/darcy/Documents/Unreal Projects/UnitB-Project/Content/Assets/digSites/normal/sandpile3_DefaultMaterial_OcclusionRoughnessMetallic.uexp" 2000
"C:/Users/darcy/Documents/Unreal Projects/UnitB-Project/Content/Assets/digSites/normal/sandpile3_DefaultMaterial_Normal.ubulk" 2001
"C:/Users/darcy/Documents/Unreal Projects/UnitB-Project/Content/Assets/digSites/normal/sandpile3_DefaultMaterial_Normal.uasset" 2002
"C:/Users/darcy/Documents/Unreal Projects/UnitB-Project/Content/Assets/digSites/normal/sandpile3_DefaultMaterial_Normal.uexp" 2003
"C:/Users/darcy/Documents/Unreal Projects/UnitB-Project/Content/Assets/digSites/normal/sandpile3_DefaultMaterial_BaseColor.ubulk" 2004
"C:/Users/darcy/Documents/Unreal Projects/UnitB-Project/Content/Assets/digSites/normal/sandpile3_DefaultMaterial_BaseColor.uasset" 2005
"C:/Users/darcy/Documents/Unreal Projects/UnitB-Project/Content/Assets/digSites/normal/sandpile3_DefaultMaterial_BaseColor.uexp" 2006
"C:/Users/darcy/Documents/Unreal Projects/UnitB-Project/Content/Assets/digSites/normal/sandpile3normal.uasset" 2007
"C:/Users/darcy/Documents/Unreal Projects/UnitB-Project/Content/Assets/digSites/normal/sandpile3normal.uexp" 2008
"C:/Users/darcy/Documents/Unreal Projects/UnitB-Project/Content/Assets/digSites/normal/sandpile3.ubulk" 2009
"C:/Users/darcy/Documents/Unreal Projects/UnitB-Project/Content/Assets/digSites/normal/sandpile3.uasset" 2010
"C:/Users/darcy/Documents/Unreal Projects/UnitB-Project/Content/Assets/digSites/normal/sandpile3.uexp" 2011
"C:/Users/darcy/Documents/Unreal Projects/UnitB-Project/Content/Dev/Darcy/Blueprints/ExcavationGame/Difficulties/DA_Easy.uasset" 2012
"C:/Users/darcy/Documents/Unreal Projects/UnitB-Project/Content/Dev/Darcy/Blueprints/ExcavationGame/Difficulties/DA_Easy.uexp" 2013
"C:/Users/darcy/Documents/Unreal Projects/UnitB-Project/Content/Dev/Darcy/Blueprints/ExcavationGame/BP_ExcavationSite.uasset" 2014
"C:/Users/darcy/Documents/Unreal Projects/UnitB-Project/Content/Dev/Darcy/Blueprints/ExcavationGame/BP_ExcavationSite.uexp" 2015
"C:/Users/darcy/Documents/Unreal Projects/UnitB-Project/Content/Assets/sandPileMINIGAME/sandpile_testing_openPBR_shader1_Opacity.ubulk" 2016
"C:/Users/darcy/Documents/Unreal Projects/UnitB-Project/Content/Assets/sandPileMINIGAME/sandpile_testing_openPBR_shader1_Opacity.uasset" 2017
"C:/Users/darcy/Documents/Unreal Projects/UnitB-Project/Content/Assets/sandPileMINIGAME/sandpile_testing_openPBR_shader1_Opacity.uexp" 2018
"C:/Users/darcy/Documents/Unreal Projects/UnitB-Project/Content/Assets/sandPileMINIGAME/sandpile_testing_openPBR_shader1_OcclusionRoughnessMetallic.ubulk" 2019
"C:/Users/darcy/Documents/Unreal Projects/UnitB-Project/Content/Assets/sandPileMINIGAME/sandpile_testing_openPBR_shader1_OcclusionRoughnessMetallic.uasset" 2020
"C:/Users/darcy/Documents/Unreal Projects/UnitB-Project/Content/Assets/sandPileMINIGAME/sandpile_testing_openPBR_shader1_OcclusionRoughnessMetallic.uexp" 2021
"C:/Users/darcy/Documents/Unreal Projects/UnitB-Project/Content/Assets/sandPileMINIGAME/sandpile_testing_openPBR_shader1_Normal.ubulk" 2022
"C:/Users/darcy/Documents/Unreal Projects/UnitB-Project/Content/Assets/sandPileMINIGAME/sandpile_testing_openPBR_shader1_Normal.uasset" 2023
"C:/Users/darcy/Documents/Unreal Projects/UnitB-Project/Content/Assets/sandPileMINIGAME/sandpile_testing_openPBR_shader1_Normal.uexp" 2024
"C:/Users/darcy/Documents/Unreal Projects/UnitB-Project/Content/Assets/sandPileMINIGAME/sandpile_testing_openPBR_shader1_BaseColor.ubulk" 2025
"C:/Users/darcy/Documents/Unreal Projects/UnitB-Project/Content/Assets/sandPileMINIGAME/sandpile_testing_openPBR_shader1_BaseColor.uasset" 2026
"C:/Users/darcy/Documents/Unreal Projects/UnitB-Project/Content/Assets/sandPileMINIGAME/sandpile_testing_openPBR_shader1_BaseColor.uexp" 2027
"C:/Users/darcy/Documents/Unreal Projects/UnitB-Project/Content/Assets/sandPileMINIGAME/minigamesandpilemat.uasset" 2028
"C:/Users/darcy/Documents/Unreal Projects/UnitB-Project/Content/Assets/sandPileMINIGAME/minigamesandpilemat.uexp" 2029
"C:/Users/darcy/Documents/Unreal Projects/UnitB-Project/Content/Assets/sandPileMINIGAME/Sand_Pile_Mini-game1.ubulk" 2030
"C:/Users/darcy/Documents/Unreal Projects/UnitB-Project/Content/Assets/sandPileMINIGAME/Sand_Pile_Mini-game1.uasset" 2031
"C:/Users/darcy/Documents/Unreal Projects/UnitB-Project/Content/Assets/sandPileMINIGAME/Sand_Pile_Mini-game1.uexp" 2032
"C:/Users/darcy/Documents/Unreal Projects/UnitB-Project/Content/Dev/Darcy/Blueprints/ExcavationGame/BP_ExcavationDirt.uasset" 2033
"C:/Users/darcy/Documents/Unreal Projects/UnitB-Project/Content/Dev/Darcy/Blueprints/ExcavationGame/BP_ExcavationDirt.uexp" 2034
"C:/Users/darcy/Documents/Unreal Projects/UnitB-Project/Content/Dev/Darcy/Blueprints/ExcavationGame/BP_DugItem.uasset" 2035
"C:/Users/darcy/Documents/Unreal Projects/UnitB-Project/Content/Dev/Darcy/Blueprints/ExcavationGame/BP_DugItem.uexp" 2036
"C:/Users/darcy/Documents/Unreal Projects/UnitB-Project/Content/Dev/Darcy/Blueprints/ExcavationGame/BP_ExcavationCamera.uasset" 2037
"C:/Users/darcy/Documents/Unreal Projects/UnitB-Project/Content/Dev/Darcy/Blueprints/ExcavationGame/BP_ExcavationCamera.uexp" 2038
"C:/Users/darcy/Documents/Unreal Projects/UnitB-Project/Content/Assets/sarcophagus/lambert1_Roughness.ubulk" 2039
"C:/Users/darcy/Documents/Unreal Projects/UnitB-Project/Content/Assets/sarcophagus/lambert1_Roughness.uasset" 2040
"C:/Users/darcy/Documents/Unreal Projects/UnitB-Project/Content/Assets/sarcophagus/lambert1_Roughness.uexp" 2041
"C:/Users/darcy/Documents/Unreal Projects/UnitB-Project/Content/Assets/sarcophagus/lambert1_Normal.ubulk" 2042
"C:/Users/darcy/Documents/Unreal Projects/UnitB-Project/Content/Assets/sarcophagus/lambert1_Normal.uasset" 2043
"C:/Users/darcy/Documents/Unreal Projects/UnitB-Project/Content/Assets/sarcophagus/lambert1_Normal.uexp" 2044
"C:/Users/darcy/Documents/Unreal Projects/UnitB-Project/Content/Assets/sarcophagus/lambert1_Mixed_AO.ubulk" 2045
"C:/Users/darcy/Documents/Unreal Projects/UnitB-Project/Content/Assets/sarcophagus/lambert1_Mixed_AO.uasset" 2046
"C:/Users/darcy/Documents/Unreal Projects/UnitB-Project/Content/Assets/sarcophagus/lambert1_Mixed_AO.uexp" 2047
"C:/Users/darcy/Documents/Unreal Projects/UnitB-Project/Content/Assets/sarcophagus/lambert1_Metallic.ubulk" 2048
"C:/Users/darcy/Documents/Unreal Projects/UnitB-Project/Content/Assets/sarcophagus/lambert1_Metallic.uasset" 2049
"C:/Users/darcy/Documents/Unreal Projects/UnitB-Project/Content/Assets/sarcophagus/lambert1_Metallic.uexp" 2050
"C:/Users/darcy/Documents/Unreal Projects/UnitB-Project/Content/Assets/sarcophagus/lambert1_Height.ubulk" 2051
"C:/Users/darcy/Documents/Unreal Projects/UnitB-Project/Content/Assets/sarcophagus/lambert1_Height.uasset" 2052
"C:/Users/darcy/Documents/Unreal Projects/UnitB-Project/Content/Assets/sarcophagus/lambert1_Height.uexp" 2053
"C:/Users/darcy/Documents/Unreal Projects/UnitB-Project/Content/Assets/sarcophagus/lambert1_Base_color.ubulk" 2054
"C:/Users/darcy/Documents/Unreal Projects/UnitB-Project/Content/Assets/sarcophagus/lambert1_Base_color.uasset" 2055
"C:/Users/darcy/Documents/Unreal Projects/UnitB-Project/Content/Assets/sarcophagus/lambert1_Base_color.uexp" 2056
"C:/Users/darcy/Documents/Unreal Projects/UnitB-Project/Content/Assets/sarcophagus/lambert1.uasset" 2057
"C:/Users/darcy/Documents/Unreal Projects/UnitB-Project/Content/Assets/sarcophagus/lambert1.uexp" 2058
"C:/Users/darcy/Documents/Unreal Projects/UnitB-Project/Content/Assets/sarcophagus/sarcophagus_lowpoly.ubulk" 2059
"C:/Users/darcy/Documents/Unreal Projects/UnitB-Project/Content/Assets/sarcophagus/sarcophagus_lowpoly.uasset" 2060
"C:/Users/darcy/Documents/Unreal Projects/UnitB-Project/Content/Assets/sarcophagus/sarcophagus_lowpoly.uexp" 2061
"C:/Users/darcy/Documents/Unreal Projects/UnitB-Project/Content/Dev/Darcy/Widgets/WBP_EndDay.uasset" 2062
"C:/Users/darcy/Documents/Unreal Projects/UnitB-Project/Content/Dev/Darcy/Widgets/WBP_EndDay.uexp" 2063
"C:/Users/darcy/Documents/Unreal Projects/UnitB-Project/Content/Dev/Darcy/Blueprints/DayCycles/BP_Tomb.uasset" 2064
"C:/Users/darcy/Documents/Unreal Projects/UnitB-Project/Content/Dev/Darcy/Blueprints/DayCycles/BP_Tomb.uexp" 2065
"C:/Users/darcy/Documents/Unreal Projects/UnitB-Project/Content/Dev/Jamie/Actors/Sarcophagus/Widgets/WB_SarcophagusInventory.uasset" 2066
"C:/Users/darcy/Documents/Unreal Projects/UnitB-Project/Content/Dev/Jamie/Actors/Sarcophagus/Widgets/WB_SarcophagusInventory.uexp" 2067
"C:/Users/darcy/Documents/Unreal Projects/UnitB-Project/Content/Dev/Jamie/Actors/Sarcophagus/Blueprints/BP_Sarcophagus.uasset" 2068
"C:/Users/darcy/Documents/Unreal Projects/UnitB-Project/Content/Dev/Jamie/Actors/Sarcophagus/Blueprints/BP_Sarcophagus.uexp" 2069
"C:/Users/darcy/Documents/Unreal Projects/UnitB-Project/Content/Dev/Jamie/Actors/PersonalCoffin/Widgets/WB_PersonalCoffin.uasset" 2070
"C:/Users/darcy/Documents/Unreal Projects/UnitB-Project/Content/Dev/Jamie/Actors/PersonalCoffin/Widgets/WB_PersonalCoffin.uexp" 2071
"C:/Users/darcy/Documents/Unreal Projects/UnitB-Project/Content/Dev/Jamie/Actors/PersonalCoffin/Blueprints/BP_PersonalCoffin.uasset" 2072
"C:/Users/darcy/Documents/Unreal Projects/UnitB-Project/Content/Dev/Jamie/Actors/PersonalCoffin/Blueprints/BP_PersonalCoffin.uexp" 2073
"C:/Users/darcy/Documents/Unreal Projects/UnitB-Project/Content/Assets/heartbeetle/Heart_blinn1_OcclusionRoughnessMetallic.ubulk" 2074
"C:/Users/darcy/Documents/Unreal Projects/UnitB-Project/Content/Assets/heartbeetle/Heart_blinn1_OcclusionRoughnessMetallic.uasset" 2075
"C:/Users/darcy/Documents/Unreal Projects/UnitB-Project/Content/Assets/heartbeetle/Heart_blinn1_OcclusionRoughnessMetallic.uexp" 2076
"C:/Users/darcy/Documents/Unreal Projects/UnitB-Project/Content/Assets/heartbeetle/Heart_blinn1_Normal.ubulk" 2077
"C:/Users/darcy/Documents/Unreal Projects/UnitB-Project/Content/Assets/heartbeetle/Heart_blinn1_Normal.uasset" 2078
"C:/Users/darcy/Documents/Unreal Projects/UnitB-Project/Content/Assets/heartbeetle/Heart_blinn1_Normal.uexp" 2079
"C:/Users/darcy/Documents/Unreal Projects/UnitB-Project/Content/Assets/heartbeetle/Heart_blinn1_BaseColor.ubulk" 2080
"C:/Users/darcy/Documents/Unreal Projects/UnitB-Project/Content/Assets/heartbeetle/Heart_blinn1_BaseColor.uasset" 2081
"C:/Users/darcy/Documents/Unreal Projects/UnitB-Project/Content/Assets/heartbeetle/Heart_blinn1_BaseColor.uexp" 2082
"C:/Users/darcy/Documents/Unreal Projects/UnitB-Project/Content/Assets/heartbeetle/blinn1.uasset" 2083
"C:/Users/darcy/Documents/Unreal Projects/UnitB-Project/Content/Assets/heartbeetle/blinn1.uexp" 2084
"C:/Users/darcy/Documents/Unreal Projects/UnitB-Project/Content/Assets/heartbeetle/HeartClean.ubulk" 2085
"C:/Users/darcy/Documents/Unreal Projects/UnitB-Project/Content/Assets/heartbeetle/HeartClean.uasset" 2086
"C:/Users/darcy/Documents/Unreal Projects/UnitB-Project/Content/Assets/heartbeetle/HeartClean.uexp" 2087
"C:/Users/darcy/Documents/Unreal Projects/UnitB-Project/Content/Assets/heartbeetle/Heart_Drity_blinn1_OcclusionRoughnessMetallic.ubulk" 2088
"C:/Users/darcy/Documents/Unreal Projects/UnitB-Project/Content/Assets/heartbeetle/Heart_Drity_blinn1_OcclusionRoughnessMetallic.uasset" 2089
"C:/Users/darcy/Documents/Unreal Projects/UnitB-Project/Content/Assets/heartbeetle/Heart_Drity_blinn1_OcclusionRoughnessMetallic.uexp" 2090
"C:/Users/darcy/Documents/Unreal Projects/UnitB-Project/Content/Assets/heartbeetle/Heart_Drity_blinn1_Normal.ubulk" 2091
"C:/Users/darcy/Documents/Unreal Projects/UnitB-Project/Content/Assets/heartbeetle/Heart_Drity_blinn1_Normal.uasset" 2092
"C:/Users/darcy/Documents/Unreal Projects/UnitB-Project/Content/Assets/heartbeetle/Heart_Drity_blinn1_Normal.uexp" 2093
"C:/Users/darcy/Documents/Unreal Projects/UnitB-Project/Content/Assets/heartbeetle/Heart_Dirty_blinn1_BaseColor.ubulk" 2094
"C:/Users/darcy/Documents/Unreal Projects/UnitB-Project/Content/Assets/heartbeetle/Heart_Dirty_blinn1_BaseColor.uasset" 2095
"C:/Users/darcy/Documents/Unreal Projects/UnitB-Project/Content/Assets/heartbeetle/Heart_Dirty_blinn1_BaseColor.uexp" 2096
"C:/Users/darcy/Documents/Unreal Projects/UnitB-Project/Content/Assets/heartbeetle/blinndirty.uasset" 2097
"C:/Users/darcy/Documents/Unreal Projects/UnitB-Project/Content/Assets/heartbeetle/blinndirty.uexp" 2098
"C:/Users/darcy/Documents/Unreal Projects/UnitB-Project/Content/Assets/heartbeetle/HeartDirty.ubulk" 2099
"C:/Users/darcy/Documents/Unreal Projects/UnitB-Project/Content/Assets/heartbeetle/HeartDirty.uasset" 2100
"C:/Users/darcy/Documents/Unreal Projects/UnitB-Project/Content/Assets/heartbeetle/HeartDirty.uexp" 2101
"C:/Users/darcy/Documents/Unreal Projects/UnitB-Project/Content/Dev/Darcy/Blueprints/ItemInfo/DataAssets/DA_HeartBeetleJewel.uasset" 2102
"C:/Users/darcy/Documents/Unreal Projects/UnitB-Project/Content/Dev/Darcy/Blueprints/ItemInfo/DataAssets/DA_HeartBeetleJewel.uexp" 2103
"C:/Users/darcy/Documents/Unreal Projects/UnitB-Project/Content/Concept/Lio/anubisHead.uasset" 2104
"C:/Users/darcy/Documents/Unreal Projects/UnitB-Project/Content/Concept/Lio/anubisHead.uexp" 2105
"C:/Users/darcy/Documents/Unreal Projects/UnitB-Project/Content/Dev/Darcy/Widgets/ExcavationMinigame/Tutorial/DT_RichText.uasset" 2106
"C:/Users/darcy/Documents/Unreal Projects/UnitB-Project/Content/Dev/Darcy/Widgets/ExcavationMinigame/Tutorial/DT_RichText.uexp" 2107
"C:/Users/darcy/Documents/Unreal Projects/UnitB-Project/Content/Dev/Darcy/Widgets/ExcavationMinigame/Tutorial/WBP_TutorialText.uasset" 2108
"C:/Users/darcy/Documents/Unreal Projects/UnitB-Project/Content/Dev/Darcy/Widgets/ExcavationMinigame/Tutorial/WBP_TutorialText.uexp" 2109
"C:/Users/darcy/Documents/Unreal Projects/UnitB-Project/Content/Dev/Darcy/Blueprints/ExcavationGame/Tutorial/F_MinigameText.uasset" 2110
"C:/Users/darcy/Documents/Unreal Projects/UnitB-Project/Content/Dev/Darcy/Blueprints/ExcavationGame/Tutorial/F_MinigameText.uexp" 2111
"C:/Users/darcy/Documents/Unreal Projects/UnitB-Project/Content/Dev/Darcy/Blueprints/ExcavationGame/Tutorial/DT_Tutorial.uasset" 2112
"C:/Users/darcy/Documents/Unreal Projects/UnitB-Project/Content/Dev/Darcy/Blueprints/ExcavationGame/Tutorial/DT_Tutorial.uexp" 2113
"C:/Users/darcy/Documents/Unreal Projects/UnitB-Project/Content/Dev/Darcy/Blueprints/ExcavationGame/Tutorial/BP_MinigameTutorial.uasset" 2114
"C:/Users/darcy/Documents/Unreal Projects/UnitB-Project/Content/Dev/Darcy/Blueprints/ExcavationGame/Tutorial/BP_MinigameTutorial.uexp" 2115
"C:/Users/darcy/Documents/Unreal Projects/UnitB-Project/Content/Assets/chisel/chisel_DefaultMaterial_OcclusionRoughnessMetallic.ubulk" 2116
"C:/Users/darcy/Documents/Unreal Projects/UnitB-Project/Content/Assets/chisel/chisel_DefaultMaterial_OcclusionRoughnessMetallic.uasset" 2117
"C:/Users/darcy/Documents/Unreal Projects/UnitB-Project/Content/Assets/chisel/chisel_DefaultMaterial_OcclusionRoughnessMetallic.uexp" 2118
"C:/Users/darcy/Documents/Unreal Projects/UnitB-Project/Content/Assets/chisel/chisel_DefaultMaterial_Normal.ubulk" 2119
"C:/Users/darcy/Documents/Unreal Projects/UnitB-Project/Content/Assets/chisel/chisel_DefaultMaterial_Normal.uasset" 2120
"C:/Users/darcy/Documents/Unreal Projects/UnitB-Project/Content/Assets/chisel/chisel_DefaultMaterial_Normal.uexp" 2121
"C:/Users/darcy/Documents/Unreal Projects/UnitB-Project/Content/Assets/chisel/chisel_DefaultMaterial_BaseColor.ubulk" 2122
"C:/Users/darcy/Documents/Unreal Projects/UnitB-Project/Content/Assets/chisel/chisel_DefaultMaterial_BaseColor.uasset" 2123
"C:/Users/darcy/Documents/Unreal Projects/UnitB-Project/Content/Assets/chisel/chisel_DefaultMaterial_BaseColor.uexp" 2124
"C:/Users/darcy/Documents/Unreal Projects/UnitB-Project/Content/Assets/chisel/chiselmat.uasset" 2125
"C:/Users/darcy/Documents/Unreal Projects/UnitB-Project/Content/Assets/chisel/chiselmat.uexp" 2126
"C:/Users/darcy/Documents/Unreal Projects/UnitB-Project/Content/Assets/chisel/chisel.ubulk" 2127
"C:/Users/darcy/Documents/Unreal Projects/UnitB-Project/Content/Assets/chisel/chisel.uasset" 2128
"C:/Users/darcy/Documents/Unreal Projects/UnitB-Project/Content/Assets/chisel/chisel.uexp" 2129
"C:/Users/darcy/Documents/Unreal Projects/UnitB-Project/Content/Dev/Darcy/Blueprints/ItemInfo/DataAssets/DA_TutorialItem.uasset" 2130
"C:/Users/darcy/Documents/Unreal Projects/UnitB-Project/Content/Dev/Darcy/Blueprints/ItemInfo/DataAssets/DA_TutorialItem.uexp" 2131
"C:/Users/darcy/Documents/Unreal Projects/UnitB-Project/Content/Assets/digSites/bronze/sandpile1_DefaultMaterial_OcclusionRoughnessMetallic.ubulk" 2132
"C:/Users/darcy/Documents/Unreal Projects/UnitB-Project/Content/Assets/digSites/bronze/sandpile1_DefaultMaterial_OcclusionRoughnessMetallic.uasset" 2133
"C:/Users/darcy/Documents/Unreal Projects/UnitB-Project/Content/Assets/digSites/bronze/sandpile1_DefaultMaterial_OcclusionRoughnessMetallic.uexp" 2134
"C:/Users/darcy/Documents/Unreal Projects/UnitB-Project/Content/Assets/digSites/bronze/sandpile1_DefaultMaterial_BaseColor.ubulk" 2135
"C:/Users/darcy/Documents/Unreal Projects/UnitB-Project/Content/Assets/digSites/bronze/sandpile1_DefaultMaterial_BaseColor.uasset" 2136
"C:/Users/darcy/Documents/Unreal Projects/UnitB-Project/Content/Assets/digSites/bronze/sandpile1_DefaultMaterial_BaseColor.uexp" 2137
"C:/Users/darcy/Documents/Unreal Projects/UnitB-Project/Content/Assets/digSites/bronze/sandpile1bronze.uasset" 2138
"C:/Users/darcy/Documents/Unreal Projects/UnitB-Project/Content/Assets/digSites/bronze/sandpile1bronze.uexp" 2139
"C:/Users/darcy/Documents/Unreal Projects/UnitB-Project/Content/Assets/digSites/bronze/sandpile1.ubulk" 2140
"C:/Users/darcy/Documents/Unreal Projects/UnitB-Project/Content/Assets/digSites/bronze/sandpile1.uasset" 2141
"C:/Users/darcy/Documents/Unreal Projects/UnitB-Project/Content/Assets/digSites/bronze/sandpile1.uexp" 2142
"C:/Users/darcy/Documents/Unreal Projects/UnitB-Project/Content/Dev/Darcy/Blueprints/ExcavationGame/Difficulties/DA_Hard.uasset" 2143
"C:/Users/darcy/Documents/Unreal Projects/UnitB-Project/Content/Dev/Darcy/Blueprints/ExcavationGame/Difficulties/DA_Hard.uexp" 2144
"C:/Users/darcy/Documents/Unreal Projects/UnitB-Project/Content/Assets/digSites/gold/sandpile2_DefaultMaterial_OcclusionRoughnessMetallic.ubulk" 2145
"C:/Users/darcy/Documents/Unreal Projects/UnitB-Project/Content/Assets/digSites/gold/sandpile2_DefaultMaterial_OcclusionRoughnessMetallic.uasset" 2146
"C:/Users/darcy/Documents/Unreal Projects/UnitB-Project/Content/Assets/digSites/gold/sandpile2_DefaultMaterial_OcclusionRoughnessMetallic.uexp" 2147
"C:/Users/darcy/Documents/Unreal Projects/UnitB-Project/Content/Assets/digSites/gold/sandpile2_DefaultMaterial_Normal.ubulk" 2148
"C:/Users/darcy/Documents/Unreal Projects/UnitB-Project/Content/Assets/digSites/gold/sandpile2_DefaultMaterial_Normal.uasset" 2149
"C:/Users/darcy/Documents/Unreal Projects/UnitB-Project/Content/Assets/digSites/gold/sandpile2_DefaultMaterial_Normal.uexp" 2150
"C:/Users/darcy/Documents/Unreal Projects/UnitB-Project/Content/Assets/digSites/gold/sandpile2_DefaultMaterial_BaseColor.ubulk" 2151
"C:/Users/darcy/Documents/Unreal Projects/UnitB-Project/Content/Assets/digSites/gold/sandpile2_DefaultMaterial_BaseColor.uasset" 2152
"C:/Users/darcy/Documents/Unreal Projects/UnitB-Project/Content/Assets/digSites/gold/sandpile2_DefaultMaterial_BaseColor.uexp" 2153
"C:/Users/darcy/Documents/Unreal Projects/UnitB-Project/Content/Assets/digSites/gold/sandpile2gold.uasset" 2154
"C:/Users/darcy/Documents/Unreal Projects/UnitB-Project/Content/Assets/digSites/gold/sandpile2gold.uexp" 2155
"C:/Users/darcy/Documents/Unreal Projects/UnitB-Project/Content/Assets/digSites/gold/sandpile2.ubulk" 2156
"C:/Users/darcy/Documents/Unreal Projects/UnitB-Project/Content/Assets/digSites/gold/sandpile2.uasset" 2157
"C:/Users/darcy/Documents/Unreal Projects/UnitB-Project/Content/Assets/digSites/gold/sandpile2.uexp" 2158
"C:/Users/darcy/Documents/Unreal Projects/UnitB-Project/Content/Dev/Darcy/Blueprints/ExcavationGame/Difficulties/DA_Medium.uasset" 2159
"C:/Users/darcy/Documents/Unreal Projects/UnitB-Project/Content/Dev/Darcy/Blueprints/ExcavationGame/Difficulties/DA_Medium.uexp" 2160
"../../../Engine/Content/VREditor/TransformGizmo/TranslucentTransformGizmoMaterial_Inst.uasset" 2161
"../../../Engine/Content/VREditor/TransformGizmo/TranslucentTransformGizmoMaterial_Inst.uexp" 2162
"../../../Engine/Content/VREditor/TransformGizmo/TransformGizmoMaterial_Inst.uasset" 2163
"../../../Engine/Content/VREditor/TransformGizmo/TransformGizmoMaterial_Inst.uexp" 2164
"../../../Engine/Content/VREditor/Sounds/UI/Drop_Item_From_ContentBrowser.ubulk" 2165
"../../../Engine/Content/VREditor/Sounds/UI/Drop_Item_From_ContentBrowser.uasset" 2166
"../../../Engine/Content/VREditor/Sounds/UI/Drop_Item_From_ContentBrowser.uexp" 2167
"../../../Engine/Content/VREditor/TransformGizmo/UniformScaleHandle.ubulk" 2168
"../../../Engine/Content/VREditor/TransformGizmo/UniformScaleHandle.uasset" 2169
"../../../Engine/Content/VREditor/TransformGizmo/UniformScaleHandle.uexp" 2170
"../../../Engine/Content/VREditor/TransformGizmo/TranslateArrowHandle.ubulk" 2171
"../../../Engine/Content/VREditor/TransformGizmo/TranslateArrowHandle.uasset" 2172
"../../../Engine/Content/VREditor/TransformGizmo/TranslateArrowHandle.uexp" 2173
"../../../Engine/Content/VREditor/TransformGizmo/TransformGizmoFreeRotation.ubulk" 2174
"../../../Engine/Content/VREditor/TransformGizmo/TransformGizmoFreeRotation.uasset" 2175
"../../../Engine/Content/VREditor/TransformGizmo/TransformGizmoFreeRotation.uexp" 2176
"../../../Engine/Content/VREditor/TransformGizmo/StartRotationHandleIndicator.ubulk" 2177
"../../../Engine/Content/VREditor/TransformGizmo/StartRotationHandleIndicator.uasset" 2178
"../../../Engine/Content/VREditor/TransformGizmo/StartRotationHandleIndicator.uexp" 2179
"../../../Engine/Content/VREditor/TransformGizmo/RotationHandleQuarter.ubulk" 2180
"../../../Engine/Content/VREditor/TransformGizmo/RotationHandleQuarter.uasset" 2181
"../../../Engine/Content/VREditor/TransformGizmo/RotationHandleQuarter.uexp" 2182
"../../../Engine/Content/VREditor/TransformGizmo/RotationHandleIndicator.ubulk" 2183
"../../../Engine/Content/VREditor/TransformGizmo/RotationHandleIndicator.uasset" 2184
"../../../Engine/Content/VREditor/TransformGizmo/RotationHandleIndicator.uexp" 2185
"../../../Engine/Content/VREditor/TransformGizmo/RotationHandleFull.ubulk" 2186
"../../../Engine/Content/VREditor/TransformGizmo/RotationHandleFull.uasset" 2187
"../../../Engine/Content/VREditor/TransformGizmo/RotationHandleFull.uexp" 2188
"../../../Engine/Content/VREditor/TransformGizmo/PlaneTranslationHandle.ubulk" 2189
"../../../Engine/Content/VREditor/TransformGizmo/PlaneTranslationHandle.uasset" 2190
"../../../Engine/Content/VREditor/TransformGizmo/PlaneTranslationHandle.uexp" 2191
"../../../Engine/Content/Functions/Engine_MaterialFunctions02/SplitComponents.uasset" 2192
"../../../Engine/Content/Functions/Engine_MaterialFunctions02/SplitComponents.uexp" 2193
"../../../Engine/Content/VREditor/SnapGrid/SnapGridMaterial.uasset" 2194
"../../../Engine/Content/VREditor/SnapGrid/SnapGridMaterial.uexp" 2195
"../../../Engine/Content/VREditor/SnapGrid/SnapGridPlaneMesh.ubulk" 2196
"../../../Engine/Content/VREditor/SnapGrid/SnapGridPlaneMesh.uasset" 2197
"../../../Engine/Content/VREditor/SnapGrid/SnapGridPlaneMesh.uexp" 2198
"../../../Engine/Content/VREditor/Sounds/UI/Gizmo_Handle_Clicked.ubulk" 2199
"../../../Engine/Content/VREditor/Sounds/UI/Gizmo_Handle_Clicked.uasset" 2200
"../../../Engine/Content/VREditor/Sounds/UI/Gizmo_Handle_Clicked.uexp" 2201
"../../../Engine/Content/VREditor/Sounds/UI/Object_PickUp.ubulk" 2202
"../../../Engine/Content/VREditor/Sounds/UI/Object_PickUp.uasset" 2203
"../../../Engine/Content/VREditor/Sounds/UI/Object_PickUp.uexp" 2204
"../../../Engine/Content/VREditor/Sounds/UI/Object_Snaps_To_Another_Actor.ubulk" 2205
"../../../Engine/Content/VREditor/Sounds/UI/Object_Snaps_To_Another_Actor.uasset" 2206
"../../../Engine/Content/VREditor/Sounds/UI/Object_Snaps_To_Another_Actor.uexp" 2207
"../../../Engine/Content/VREditor/Sounds/UI/Object_Snaps_To_Grid.ubulk" 2208
"../../../Engine/Content/VREditor/Sounds/UI/Object_Snaps_To_Grid.uasset" 2209
"../../../Engine/Content/VREditor/Sounds/UI/Object_Snaps_To_Grid.uexp" 2210
"../../../Engine/Content/VREditor/Sounds/UI/Scaling_Down.ubulk" 2211
"../../../Engine/Content/VREditor/Sounds/UI/Scaling_Down.uasset" 2212
"../../../Engine/Content/VREditor/Sounds/UI/Scaling_Down.uexp" 2213
"../../../Engine/Content/VREditor/Sounds/UI/Scaling_Up.ubulk" 2214
"../../../Engine/Content/VREditor/Sounds/UI/Scaling_Up.uasset" 2215
"../../../Engine/Content/VREditor/Sounds/UI/Scaling_Up.uexp" 2216
"../../../Engine/Content/VREditor/Sounds/UI/Selection_Changes.ubulk" 2217
"../../../Engine/Content/VREditor/Sounds/UI/Selection_Changes.uasset" 2218
"../../../Engine/Content/VREditor/Sounds/UI/Selection_Changes.uexp" 2219
"../../../Engine/Content/EngineResources/LandscapeVisibilityLayerInfo.uasset" 2220
"../../../Engine/Content/EngineResources/LandscapeVisibilityLayerInfo.uexp" 2221
"../../../Engine/Plugins/Animation/DeformerGraph/Content/DeformerFunctions/DG_Function_LinearBlendSkin_Morph_Cloth.uasset" 2222
"../../../Engine/Plugins/Animation/DeformerGraph/Content/DeformerFunctions/DG_Function_LinearBlendSkin_Morph_Cloth.uexp" 2223
"../../../Engine/Plugins/Animation/DeformerGraph/Content/Deformers/DG_LinearBlendSkin_Morph_Cloth.uasset" 2224
"../../../Engine/Plugins/Animation/DeformerGraph/Content/Deformers/DG_LinearBlendSkin_Morph_Cloth.uexp" 2225
"../../../Engine/Plugins/Animation/DeformerGraph/Content/DeformerFunctions/DG_Function_LinearBlendSkin_Morph_Cloth_PositionOnly.uasset" 2226
"../../../Engine/Plugins/Animation/DeformerGraph/Content/DeformerFunctions/DG_Function_LinearBlendSkin_Morph_Cloth_PositionOnly.uexp" 2227
"../../../Engine/Plugins/Animation/DeformerGraph/Content/DeformerFunctions/DG_Function_ComputeNormalsTangents.uasset" 2228
"../../../Engine/Plugins/Animation/DeformerGraph/Content/DeformerFunctions/DG_Function_ComputeNormalsTangents.uexp" 2229
"../../../Engine/Plugins/Animation/DeformerGraph/Content/Deformers/DG_LinearBlendSkin_Morph_Cloth_RecomputeNormals.uasset" 2230
"../../../Engine/Plugins/Animation/DeformerGraph/Content/Deformers/DG_LinearBlendSkin_Morph_Cloth_RecomputeNormals.uexp" 2231
"../../../Engine/Plugins/NNE/NNEDenoiser/Content/NNEDT_Oidn2-3_Balanced.uasset" 2232
"../../../Engine/Plugins/NNE/NNEDenoiser/Content/NNEDT_Oidn2-3_Balanced.uexp" 2233
"../../../Engine/Plugins/NNE/NNEDenoiser/Content/NNEDT_Oidn2-3_Balanced_Alpha.uasset" 2234
"../../../Engine/Plugins/NNE/NNEDenoiser/Content/NNEDT_Oidn2-3_Balanced_Alpha.uexp" 2235
"../../../Engine/Plugins/NNE/NNEDenoiser/Content/NNED_Oidn2-3_Balanced.uasset" 2236
"../../../Engine/Plugins/NNE/NNEDenoiser/Content/NNED_Oidn2-3_Balanced.uexp" 2237
"../../../Engine/Plugins/NNE/NNEDenoiser/Content/NNED_Oidn2-3_Balanced_Alpha.uasset" 2238
"../../../Engine/Plugins/NNE/NNEDenoiser/Content/NNED_Oidn2-3_Balanced_Alpha.uexp" 2239
"../../../Engine/Plugins/NNE/NNEDenoiser/Content/NNED_Oidn2-3_Fast.uasset" 2240
"../../../Engine/Plugins/NNE/NNEDenoiser/Content/NNED_Oidn2-3_Fast.uexp" 2241
"../../../Engine/Plugins/NNE/NNEDenoiser/Content/NNED_Oidn2-3_Fast_Alpha.uasset" 2242
"../../../Engine/Plugins/NNE/NNEDenoiser/Content/NNED_Oidn2-3_Fast_Alpha.uexp" 2243
"../../../Engine/Plugins/NNE/NNEDenoiser/Content/NNED_Oidn2-3_HighQuality.uasset" 2244
"../../../Engine/Plugins/NNE/NNEDenoiser/Content/NNED_Oidn2-3_HighQuality.uexp" 2245
"../../../Engine/Plugins/NNE/NNEDenoiser/Content/NNED_Oidn2-3_HighQuality_Alpha.uasset" 2246
"../../../Engine/Plugins/NNE/NNEDenoiser/Content/NNED_Oidn2-3_HighQuality_Alpha.uexp" 2247
"../../../Engine/Content/Maps/Entry_BuiltData.uasset" 2248
"../../../Engine/Content/Maps/Entry_BuiltData.uexp" 2249
"../../../Engine/Content/Maps/Entry.uexp" 2250
"../../../Engine/Content/Maps/Entry.umap" 2251
"C:/Users/darcy/Documents/Unreal Projects/UnitB-Project/Content/FirstPerson/Blueprints/BP_FirstPersonGameMode.uasset" 2252
"C:/Users/darcy/Documents/Unreal Projects/UnitB-Project/Content/FirstPerson/Blueprints/BP_FirstPersonGameMode.uexp" 2253
"C:/Users/darcy/Documents/Unreal Projects/UnitB-Project/Content/FirstPerson/Lvl_FirstPerson.uexp" 2254
"C:/Users/darcy/Documents/Unreal Projects/UnitB-Project/Content/FirstPerson/Lvl_FirstPerson.umap" 2255
"C:/Users/darcy/Documents/Unreal Projects/UnitB-Project/Content/Concept/Lio/Title.uasset" 2256
"C:/Users/darcy/Documents/Unreal Projects/UnitB-Project/Content/Concept/Lio/Title.uexp" 2257
"C:/Users/darcy/Documents/Unreal Projects/UnitB-Project/Content/Concept/Lio/Background.uasset" 2258
"C:/Users/darcy/Documents/Unreal Projects/UnitB-Project/Content/Concept/Lio/Background.uexp" 2259
"C:/Users/darcy/Documents/Unreal Projects/UnitB-Project/Content/Dev/Darcy/Widgets/Menus/WBP_MainMenu.uasset" 2260
"C:/Users/darcy/Documents/Unreal Projects/UnitB-Project/Content/Dev/Darcy/Widgets/Menus/WBP_MainMenu.uexp" 2261
"C:/Users/darcy/Documents/Unreal Projects/UnitB-Project/Content/Dev/Darcy/Widgets/Menus/WBP_TitleScreen.uasset" 2262
"C:/Users/darcy/Documents/Unreal Projects/UnitB-Project/Content/Dev/Darcy/Widgets/Menus/WBP_TitleScreen.uexp" 2263
"C:/Users/darcy/Documents/Unreal Projects/UnitB-Project/Content/Dev/Darcy/Blueprints/BP_MenuGameMode.uasset" 2264
"C:/Users/darcy/Documents/Unreal Projects/UnitB-Project/Content/Dev/Darcy/Blueprints/BP_MenuGameMode.uexp" 2265
"C:/Users/darcy/Documents/Unreal Projects/UnitB-Project/Content/Dev/Darcy/Menus.uexp" 2266
"C:/Users/darcy/Documents/Unreal Projects/UnitB-Project/Content/Dev/Darcy/Menus.umap" 2267
