"C:/Users/darcy/Documents/Unreal Projects/UnitB-Project/UnitB.uproject" 1
"../../../Engine/Plugins/AudioGameplay/AudioGameplay.uplugin" 2
"../../../Engine/Plugins/AudioGameplayVolume/AudioGameplayVolume.uplugin" 3
"../../../Engine/Plugins/BlueprintFileUtils/BlueprintFileUtils.uplugin" 4
"../../../Engine/Plugins/AudioInsights/AudioInsights.uplugin" 5
"../../../Engine/Plugins/Bridge/Bridge.uplugin" 6
"../../../Engine/Plugins/ChaosCloth/ChaosCloth.uplugin" 7
"../../../Engine/Plugins/ChaosClothAssetEditor/ChaosClothAssetEditor.uplugin" 8
"../../../Engine/Plugins/ChaosInsights/ChaosInsights.uplugin" 9
"../../../Engine/Plugins/ChaosClothAsset/ChaosClothAsset.uplugin" 10
"../../../Engine/Plugins/Chooser/Chooser.uplugin" 11
"../../../Engine/Plugins/ChaosVD/ChaosVD.uplugin" 12
"../../../Engine/Plugins/CmdLinkServer/CmdLinkServer.uplugin" 13
"../../../Engine/Plugins/DiscoveryBeaconReceiver/DiscoveryBeaconReceiver.uplugin" 14
"../../../Engine/Plugins/EnhancedInput/EnhancedInput.uplugin" 15
"../../../Engine/Plugins/Fab/Fab.uplugin" 16
"../../../Engine/Plugins/LightWeightInstancesEditor/LightWeightInstancesEditor.uplugin" 17
"../../../Engine/Plugins/FastBuildController/FastBuildController.uplugin" 18
"../../../Engine/Plugins/JsonBlueprintUtilities/JsonBlueprintUtilities.uplugin" 19
"../../../Engine/Plugins/MemoryUsageQueries/MemoryUsageQueries.uplugin" 20
"../../../Engine/Plugins/MeshPainting/MeshPainting.uplugin" 21
"../../../Engine/Plugins/Mutable/Mutable.uplugin" 22
"../../../Engine/Plugins/PCG/PCG.uplugin" 23
"../../../Engine/Plugins/MassInsights/MassInsights.uplugin" 24
"../../../Engine/Plugins/RenderGraphInsights/RenderGraphInsights.uplugin" 25
"../../../Engine/Plugins/ScriptPlugin/ScriptPlugin.uplugin" 26
"../../../Engine/Plugins/IoStoreInsights/IoStoreInsights.uplugin" 27
"../../../Engine/Plugins/TraceUtilities/TraceUtilities.uplugin" 28
"../../../Engine/Plugins/TextureGraph/TextureGraph.uplugin" 29
"../../../Engine/Plugins/XGEController/XGEController.uplugin" 30
"../../../Engine/Plugins/UbaController/UbaController.uplugin" 31
"../../../Engine/Plugins/Compositing/Composure/Composure.uplugin" 32
"../../../Engine/Plugins/Compositing/LensDistortion/LensDistortion.uplugin" 33
"../../../Engine/Plugins/Enterprise/AxFImporter/AxFImporter.uplugin" 34
"../../../Engine/Plugins/Compositing/OpenColorIO/OpenColorIO.uplugin" 35
"../../../Engine/Plugins/Enterprise/DataprepEditor/DataprepEditor.uplugin" 36
"../../../Engine/Plugins/Enterprise/DatasmithContent/DatasmithContent.uplugin" 37
"../../../Engine/Plugins/WorldMetrics/WorldMetrics.uplugin" 38
"../../../Engine/Plugins/Enterprise/DatasmithImporter/DatasmithImporter.uplugin" 39
"../../../Engine/Plugins/Enterprise/GLTFExporter/GLTFExporter.uplugin" 40
"../../../Engine/Plugins/Enterprise/LidarPointCloud/LidarPointCloud.uplugin" 41
"../../../Engine/Plugins/Compositing/OpenCVLensDistortion/OpenCVLensDistortion.uplugin" 42
"../../../Engine/Plugins/Enterprise/VariantManagerContent/VariantManagerContent.uplugin" 43
"../../../Engine/Plugins/Enterprise/DatasmithC4DImporter/DatasmithC4DImporter.uplugin" 44
"../../../Engine/Plugins/Enterprise/DatasmithFBXImporter/DatasmithFBXImporter.uplugin" 45
"../../../Engine/Plugins/FX/Cascade/Cascade.uplugin" 46
"../../../Engine/Plugins/Enterprise/DatasmithCADImporter/DatasmithCADImporter.uplugin" 47
"../../../Engine/Plugins/FX/Niagara/Niagara.uplugin" 48
"../../../Engine/Plugins/Enterprise/MDLImporter/MDLImporter.uplugin" 49
"../../../Engine/Plugins/FX/NiagaraFluids/NiagaraFluids.uplugin" 50
"../../../Engine/Plugins/FX/ExampleCustomDataInterface/ExampleCustomDataInterface.uplugin" 51
"../../../Engine/Plugins/Enterprise/VariantManager/VariantManager.uplugin" 52
"../../../Engine/Plugins/Importers/AlembicImporter/AlembicImporter.uplugin" 53
"../../../Engine/Plugins/Importers/USDImporter/USDImporter.uplugin" 54
"../../../Engine/Plugins/FX/CascadeToNiagaraConverter/CascadeToNiagaraConverter.uplugin" 55
"../../../Engine/Plugins/Importers/USDImporterMDL/USDImporterMDL.uplugin" 56
"../../../Engine/Plugins/FX/NiagaraSimCaching/NiagaraSimCaching.uplugin" 57
"../../../Engine/Plugins/Messaging/MessagingDebugger/MessagingDebugger.uplugin" 58
"../../../Engine/Plugins/Importers/USDMultiUser/USDMultiUser.uplugin" 59
"../../../Engine/Plugins/Messaging/UdpMessaging/UdpMessaging.uplugin" 60
"../../../Engine/Plugins/FX/NiagaraMRQ/NiagaraMRQ.uplugin" 61
"../../../Engine/Plugins/NNE/NNERuntimeORT/NNERuntimeORT.uplugin" 62
"../../../Engine/Plugins/Marketplace/ProjectC9f3263f8f1b0V8/ProjectCleaner.uplugin" 63
"../../../Engine/Plugins/Importers/AlembicHairImporter/AlembicHairImporter.uplugin" 64
"../../../Engine/Plugins/PCGInterops/PCGGeometryScriptInterop/PCGGeometryScriptInterop.uplugin" 65
"../../../Engine/Plugins/Portal/LauncherChunkInstaller/LauncherChunkInstaller.uplugin" 66
"../../../Engine/Plugins/Runtime/AndroidDeviceProfileSelector/AndroidDeviceProfileSelector.uplugin" 67
"../../../Engine/Plugins/Messaging/TcpMessaging/TcpMessaging.uplugin" 68
"../../../Engine/Plugins/Runtime/ADM/ADM.uplugin" 69
"../../../Engine/Plugins/Runtime/ActorLayerUtilities/ActorLayerUtilities.uplugin" 70
"../../../Engine/Plugins/NNE/NNEDenoiser/NNEDenoiser.uplugin" 71
"../../../Engine/Plugins/Runtime/AndroidMoviePlayer/AndroidMoviePlayer.uplugin" 72
"../../../Engine/Plugins/Runtime/AndroidPermission/AndroidPermission.uplugin" 73
"../../../Engine/Plugins/PCGInterops/PCGExternalDataInterop/PCGExternalDataInterop.uplugin" 74
"../../../Engine/Plugins/Runtime/AppleImageUtils/AppleImageUtils.uplugin" 75
"../../../Engine/Plugins/Runtime/ApexDestruction/ApexDestruction.uplugin" 76
"../../../Engine/Plugins/Runtime/AndroidBackgroundService/AndroidBackgroundService.uplugin" 77
"../../../Engine/Plugins/Runtime/AssetTags/AssetTags.uplugin" 78
"../../../Engine/Plugins/Runtime/AnimationBudgetAllocator/AnimationBudgetAllocator.uplugin" 79
"../../../Engine/Plugins/Runtime/AppleMoviePlayer/AppleMoviePlayer.uplugin" 80
"../../../Engine/Plugins/Runtime/ArchVisCharacter/ArchVisCharacter.uplugin" 81
"../../../Engine/Plugins/Runtime/AndroidFileServer/AndroidFileServer.uplugin" 82
"../../../Engine/Plugins/Runtime/AudioMotorSim/AudioMotorSim.uplugin" 83
"../../../Engine/Plugins/Runtime/AudioModulation/AudioModulation.uplugin" 84
"../../../Engine/Plugins/Runtime/ChunkDownloader/ChunkDownloader.uplugin" 85
"../../../Engine/Plugins/Runtime/AudioWidgets/AudioWidgets.uplugin" 86
"../../../Engine/Plugins/Runtime/CableComponent/CableComponent.uplugin" 87
"../../../Engine/Plugins/Runtime/Firebase/Firebase.uplugin" 88
"../../../Engine/Plugins/Runtime/ComputeFramework/ComputeFramework.uplugin" 89
"../../../Engine/Plugins/Runtime/CommonUI/CommonUI.uplugin" 90
"../../../Engine/Plugins/Runtime/DataRegistry/DataRegistry.uplugin" 91
"../../../Engine/Plugins/Runtime/GameFeatures/GameFeatures.uplugin" 92
"../../../Engine/Plugins/Runtime/AudioSynesthesia/AudioSynesthesia.uplugin" 93
"../../../Engine/Plugins/Runtime/GameplayAbilities/GameplayAbilities.uplugin" 94
"../../../Engine/Plugins/Runtime/AudioCapture/AudioCapture.uplugin" 95
"../../../Engine/Plugins/Runtime/GameInput/GameInput.uplugin" 96
"../../../Engine/Plugins/Runtime/GameplayStateTree/GameplayStateTree.uplugin" 97
"../../../Engine/Plugins/Runtime/CustomMeshComponent/CustomMeshComponent.uplugin" 98
"../../../Engine/Plugins/Runtime/GeometryCache/GeometryCache.uplugin" 99
"../../../Engine/Plugins/Runtime/GameplayInteractions/GameplayInteractions.uplugin" 100
"../../../Engine/Plugins/Runtime/GeometryProcessing/GeometryProcessing.uplugin" 101
"../../../Engine/Plugins/Runtime/GeoReferencing/GeoReferencing.uplugin" 102
"../../../Engine/Plugins/Runtime/GameplayBehaviorSmartObjects/GameplayBehaviorSmartObjects.uplugin" 103
"../../../Engine/Plugins/Runtime/GoogleCloudMessaging/GoogleCloudMessaging.uplugin" 104
"../../../Engine/Plugins/Runtime/GeometryScripting/GeometryScripting.uplugin" 105
"../../../Engine/Plugins/Runtime/GooglePAD/GooglePAD.uplugin" 106
"../../../Engine/Plugins/Runtime/HairStrands/HairStrands.uplugin" 107
"../../../Engine/Plugins/Runtime/ExampleDeviceProfileSelector/ExampleDeviceProfileSelector.uplugin" 108
"../../../Engine/Plugins/Runtime/Harmonix/Harmonix.uplugin" 109
"../../../Engine/Plugins/Runtime/HTTPChunkInstaller/HTTPChunkInstaller.uplugin" 110
"../../../Engine/Plugins/Runtime/InstancedActors/InstancedActors.uplugin" 111
"../../../Engine/Plugins/Runtime/LinuxDeviceProfileSelector/LinuxDeviceProfileSelector.uplugin" 112
"../../../Engine/Plugins/Runtime/LiveLinkOvernDisplay/LiveLinkOverNDisplay.uplugin" 113
"../../../Engine/Plugins/Runtime/LevelStreamingPersistence/LevelStreamingPersistence.uplugin" 114
"../../../Engine/Plugins/Runtime/IOSDeviceProfileSelector/IOSDeviceProfileSelector.uplugin" 115
"../../../Engine/Plugins/Runtime/HPMotionController/HPMotionController.uplugin" 116
"../../../Engine/Plugins/Runtime/LocationServicesIOSImpl/LocationServicesIOSImpl.uplugin" 117
"../../../Engine/Plugins/Runtime/HDRIBackdrop/HDRIBackdrop.uplugin" 118
"../../../Engine/Plugins/Runtime/Metasound/Metasound.uplugin" 119
"../../../Engine/Plugins/Runtime/LocationServicesBPLibrary/LocationServicesBPLibrary.uplugin" 120
"../../../Engine/Plugins/Runtime/MassEntity/MassEntity.uplugin" 121
"../../../Engine/Plugins/Runtime/MicrosoftSpatialAudio/MicroSoftSpatialSound.uplugin" 122
"../../../Engine/Plugins/Runtime/IOSReplayKit/IOSReplayKit.uplugin" 123
"../../../Engine/Plugins/Runtime/LocationServicesAndroidImpl/LocationServicesAndroidImpl.uplugin" 124
"../../../Engine/Plugins/Runtime/ModelViewViewModel/ModelViewViewModel.uplugin" 125
"../../../Engine/Plugins/Runtime/InputDebugging/InputDebugging.uplugin" 126
"../../../Engine/Plugins/Runtime/ModularGameplay/ModularGameplay.uplugin" 127
"../../../Engine/Plugins/Runtime/MobilePatchingUtils/MobilePatchingUtils.uplugin" 128
"../../../Engine/Plugins/Runtime/MassGameplay/MassGameplay.uplugin" 129
"../../../Engine/Plugins/Runtime/MsQuic/MsQuic.uplugin" 130
"../../../Engine/Plugins/Runtime/MIDIDevice/MIDIDevice.uplugin" 131
"../../../Engine/Plugins/Runtime/NetworkPredictionExtras/NetworkPredictionExtras.uplugin" 132
"../../../Engine/Plugins/Runtime/MobileFSR/MobileFSR.uplugin" 133
"../../../Engine/Plugins/Runtime/OpenCV/OpenCV.uplugin" 134
"../../../Engine/Plugins/Runtime/MultiServerReplication/MultiServerReplication.uplugin" 135
"../../../Engine/Plugins/Runtime/NetworkPredictionInsights/NetworkPredictionInsights.uplugin" 136
"../../../Engine/Plugins/Runtime/nDisplay/nDisplay.uplugin" 137
"../../../Engine/Plugins/Runtime/MixedRealityCaptureFramework/MixedRealityCaptureFramework.uplugin" 138
"../../../Engine/Plugins/Runtime/OpenXR/OpenXR.uplugin" 139
"../../../Engine/Plugins/Runtime/OpenXRViveTracker/OpenXRViveTracker.uplugin" 140
"../../../Engine/Plugins/Runtime/NetworkPrediction/NetworkPrediction.uplugin" 141
"../../../Engine/Plugins/Runtime/NavCorridor/NavCorridor.uplugin" 142
"../../../Engine/Plugins/Runtime/OptionalMobileFeaturesBPLibrary/OptionalMobileFeaturesBPLibrary.uplugin" 143
"../../../Engine/Plugins/Runtime/MusicEnvironment/MusicEnvironment.uplugin" 144
"../../../Engine/Plugins/Runtime/OSC/OSC.uplugin" 145
"../../../Engine/Plugins/Runtime/nDisplayModularFeatures/nDisplayModularFeatures.uplugin" 146
"../../../Engine/Plugins/Runtime/PreLoadScreenMoviePlayer/PreLoadScreenMoviePlayer.uplugin" 147
"../../../Engine/Plugins/Runtime/ProceduralMeshComponent/ProceduralMeshComponent.uplugin" 148
"../../../Engine/Plugins/Runtime/PropertyAccess/PropertyAccessEditor.uplugin" 149
"../../../Engine/Plugins/Runtime/OpenXRHandTracking/OpenXRHandTracking.uplugin" 150
"../../../Engine/Plugins/Runtime/ReplicationGraph/ReplicationGraph.uplugin" 151
"../../../Engine/Plugins/Runtime/RenderTrace/RenderTrace.uplugin" 152
"../../../Engine/Plugins/Runtime/OpenXRMsftHandInteraction/OpenXRMsftHandInteraction.uplugin" 153
"../../../Engine/Plugins/Runtime/PropertyBindingUtils/PropertyBindingUtils.uplugin" 154
"../../../Engine/Plugins/Runtime/ResonanceAudio/ResonanceAudio.uplugin" 155
"../../../Engine/Plugins/Runtime/ScriptableToolsFramework/ScriptableToolsFramework.uplugin" 156
"../../../Engine/Plugins/Runtime/SignificanceManager/SignificanceManager.uplugin" 157
"../../../Engine/Plugins/Runtime/MeshModelingToolset/MeshModelingToolset.uplugin" 158
"../../../Engine/Plugins/Runtime/SoundFields/SoundFields.uplugin" 159
"../../../Engine/Plugins/Runtime/SoundCueTemplates/SoundCueTemplates.uplugin" 160
"../../../Engine/Plugins/Runtime/ReplicationSystemTestPlugin/ReplicationSystemTestPlugin.uplugin" 161
"../../../Engine/Plugins/Runtime/SmartObjects/SmartObjects.uplugin" 162
"../../../Engine/Plugins/Runtime/SkeletalMerging/SkeletalMerging.uplugin" 163
"../../../Engine/Plugins/Runtime/SoundUtilities/SoundUtilities.uplugin" 164
"../../../Engine/Plugins/Runtime/StateTree/StateTree.uplugin" 165
"../../../Engine/Plugins/Runtime/Soundscape/Soundscape.uplugin" 166
"../../../Engine/Plugins/Runtime/RigVM/RigVM.uplugin" 167
"../../../Engine/Plugins/Runtime/Synthesis/Synthesis.uplugin" 168
"../../../Engine/Plugins/Runtime/WarpUtils/WarpUtils.uplugin" 169
"../../../Engine/Plugins/Runtime/WaveTable/WaveTable.uplugin" 170
"../../../Engine/Plugins/Runtime/USDCore/USDCore.uplugin" 171
"../../../Engine/Plugins/Runtime/OpenXREyeTracker/OpenXREyeTracker.uplugin" 172
"../../../Engine/Plugins/Runtime/WebBrowserNativeProxy/WebBrowserNativeProxy.uplugin" 173
"../../../Engine/Plugins/Runtime/WebBrowserWidget/WebBrowserWidget.uplugin" 174
"../../../Engine/Plugins/Runtime/SoundMod/SoundMod.uplugin" 175
"../../../Engine/Plugins/Runtime/WorldConditions/WorldConditions.uplugin" 176
"../../../Engine/Plugins/Runtime/WebMMoviePlayer/WebMMoviePlayer.uplugin" 177
"../../../Engine/Plugins/Runtime/SunPosition/SunPosition.uplugin" 178
"../../../Engine/Plugins/Media/AndroidMedia/AndroidMedia.uplugin" 179
"../../../Engine/Plugins/Runtime/WindowsMoviePlayer/WindowsMoviePlayer.uplugin" 180
"../../../Engine/Plugins/Runtime/XRBase/XRBase.uplugin" 181
"../../../Engine/Plugins/Runtime/Spatialization/Spatialization.uplugin" 182
"../../../Engine/Plugins/Media/AppleProResMedia/AppleProResMedia.uplugin" 183
"../../../Engine/Plugins/Media/AndroidCamera/AndroidCamera.uplugin" 184
"../../../Engine/Plugins/Media/AjaMedia/AjaMedia.uplugin" 185
"../../../Engine/Plugins/Runtime/ZoneGraph/ZoneGraph.uplugin" 186
"../../../Engine/Plugins/Media/AvidDNxHDDecoderElectra/AvidDNxHDDecoderElectra.uplugin" 187
"../../../Engine/Plugins/Media/AvidDNxMedia/AvidDNxMedia.uplugin" 188
"../../../Engine/Plugins/Media/BinkMedia/BinkMedia.uplugin" 189
"../../../Engine/Plugins/Media/D3D12VideoDecodersElectra/D3D12VideoDecodersElectra.uplugin" 190
"../../../Engine/Plugins/Media/BlackmagicMedia/BlackmagicMedia.uplugin" 191
"../../../Engine/Plugins/Media/ElectraCDM/ElectraCDM.uplugin" 192
"../../../Engine/Plugins/Media/AudioCaptureTimecodeProvider/AudioCaptureTimecodeProvider.uplugin" 193
"../../../Engine/Plugins/Runtime/WindowsDeviceProfileSelector/WindowsDeviceProfileSelector.uplugin" 194
"../../../Engine/Plugins/Media/ElectraUtil/ElectraUtil.uplugin" 195
"../../../Engine/Plugins/Media/ElectraSubtitles/ElectraSubtitles.uplugin" 196
"../../../Engine/Plugins/Media/AvfMedia/AvfMedia.uplugin" 197
"../../../Engine/Plugins/Media/HardwareEncoders/HardwareEncoders.uplugin" 198
"../../../Engine/Plugins/Media/ElectraCodecs/ElectraCodecs.uplugin" 199
"../../../Engine/Plugins/Runtime/ZoneGraphAnnotations/ZoneGraphAnnotations.uplugin" 200
"../../../Engine/Plugins/Media/AppleProResDecoderElectra/AppleProResDecoderElectra.uplugin" 201
"../../../Engine/Plugins/Media/ElectraPlayer/ElectraPlayer.uplugin" 202
"../../../Engine/Plugins/Media/MediaCompositing/MediaCompositing.uplugin" 203
"../../../Engine/Plugins/Media/FlacDecoderElectra/FlacDecoderElectra.uplugin" 204
"../../../Engine/Plugins/Media/MediaFrameworkUtilities/MediaFrameworkUtilities.uplugin" 205
"../../../Engine/Plugins/Media/MediaPlate/MediaPlate.uplugin" 206
"../../../Engine/Plugins/Media/NDIMedia/NDIMedia.uplugin" 207
"../../../Engine/Plugins/Media/LinearTimecode/LinearTimecode.uplugin" 208
"../../../Engine/Plugins/Media/OpusDecoderElectra/OpusDecoderElectra.uplugin" 209
"../../../Engine/Plugins/Media/MfMedia/MfMedia.uplugin" 210
"../../../Engine/Plugins/Media/PixelCapture/PixelCapture.uplugin" 211
"../../../Engine/Plugins/Media/MediaPlayerEditor/MediaPlayerEditor.uplugin" 212
"../../../Engine/Plugins/Media/HAPDecoderElectra/HAPDecoderElectra.uplugin" 213
"../../../Engine/Plugins/Media/PixelStreaming2/PixelStreaming2.uplugin" 214
"../../../Engine/Plugins/Media/PixelStreaming/PixelStreaming.uplugin" 215
"../../../Engine/Plugins/MovieScene/ActorSequence/ActorSequence.uplugin" 216
"../../../Engine/Plugins/Media/WmfMedia/WmfMedia.uplugin" 217
"../../../Engine/Plugins/Media/MediaIOFramework/MediaIOFramework.uplugin" 218
"../../../Engine/Plugins/MovieScene/MovieRenderPipeline/MovieRenderPipeline.uplugin" 219
"../../../Engine/Plugins/Media/WebMMedia/WebMMedia.uplugin" 220
"../../../Engine/Plugins/Media/TimecodeSynchronizer/TimecodeSynchronizer.uplugin" 221
"../../../Engine/Plugins/MovieScene/CustomizableSequencerTracks/CustomizableSequencerTracks.uplugin" 222
"../../../Engine/Plugins/MovieScene/SequencerScripting/SequencerScripting.uplugin" 223
"../../../Engine/Plugins/Media/HAPMedia/HAPMedia.uplugin" 224
"../../../Engine/Plugins/MovieScene/MoviePipelineMaskRenderPass/MoviePipelineMaskRenderPass.uplugin" 225
"../../../Engine/Plugins/MovieScene/TemplateSequence/TemplateSequence.uplugin" 226
"../../../Engine/Plugins/Online/EOSOverlayInputProvider/EOSOverlayInputProvider.uplugin" 227
"../../../Engine/Plugins/Online/OnlineBase/OnlineBase.uplugin" 228
"../../../Engine/Plugins/Online/OnlineFramework/OnlineFramework.uplugin" 229
"../../../Engine/Plugins/Online/EOSShared/EOSShared.uplugin" 230
"../../../Engine/Plugins/Media/MediaMovieStreamer/MediaMovieStreamer.uplugin" 231
"../../../Engine/Plugins/Online/OnlineServicesEOS/OnlineServicesEOS.uplugin" 232
"../../../Engine/Plugins/Online/OnlineServicesOSSAdapter/OnlineServicesOSSAdapter.uplugin" 233
"../../../Engine/Plugins/MovieScene/MovieSceneTextTrack/MovieSceneTextTrack.uplugin" 234
"../../../Engine/Plugins/Online/OnlineSubsystem/OnlineSubsystem.uplugin" 235
"../../../Engine/Plugins/Online/OnlineServicesEOSGS/OnlineServicesEOSGS.uplugin" 236
"../../../Engine/Plugins/Media/ImgMedia/ImgMedia.uplugin" 237
"../../../Engine/Plugins/MovieScene/LevelSequenceEditor/LevelSequenceEditor.uplugin" 238
"../../../Engine/Plugins/Online/OnlineSubsystemNull/OnlineSubsystemNull.uplugin" 239
"../../../Engine/Plugins/Online/OnlineSubsystemApple/OnlineSubsystemApple.uplugin" 240
"../../../Engine/Plugins/Online/OnlineSubsystemSteam/OnlineSubsystemSteam.uplugin" 241
"../../../Engine/Plugins/Online/OnlineSubsystemAmazon/OnlineSubsystemAmazon.uplugin" 242
"../../../Engine/Plugins/Slate/SlateScripting/SlateScripting.uplugin" 243
"../../../Engine/Plugins/Protocols/MQTT/MQTT.uplugin" 244
"../../../Engine/Plugins/Online/OnlineSubsystemUtils/OnlineSubsystemUtils.uplugin" 245
"../../../Engine/Plugins/Online/WebAuth/WebAuth.uplugin" 246
"../../../Engine/Plugins/Slate/SlateInsights/SlateInsights.uplugin" 247
"../../../Engine/Plugins/Online/OnlineSubsystemFacebook/OnlineSubsystemFacebook.uplugin" 248
"../../../Engine/Plugins/VirtualProduction/ActorModifierCore/ActorModifierCore.uplugin" 249
"../../../Engine/Plugins/VirtualProduction/ActorModifier/ActorModifier.uplugin" 250
"../../../Engine/Plugins/Online/OnlineSubsystemGoogle/OnlineSubsystemGoogle.uplugin" 251
"../../../Engine/Plugins/VirtualProduction/CameraCalibration/CameraCalibration.uplugin" 252
"../../../Engine/Plugins/Media/VPxDecoderElectra/VPxDecoderElectra.uplugin" 253
"../../../Engine/Plugins/VirtualProduction/Avalanche/Avalanche.uplugin" 254
"../../../Engine/Plugins/MovieScene/ReplayTracks/ReplayTracks.uplugin" 255
"../../../Engine/Plugins/VirtualProduction/CameraCalibrationML/CameraCalibrationML.uplugin" 256
"../../../Engine/Plugins/Online/OnlineServicesEpicCommon/OnlineServicesEpicCommon.uplugin" 257
"../../../Engine/Plugins/VirtualProduction/CameraCalibrationCore/CameraCalibrationCore.uplugin" 258
"../../../Engine/Plugins/VirtualProduction/CompositePlane/CompositePlane.uplugin" 259
"../../../Engine/Plugins/VirtualProduction/ClonerEffector/ClonerEffector.uplugin" 260
"../../../Engine/Plugins/Online/SocketSubsystemSteamIP/SocketSubsystemSteamIP.uplugin" 261
"../../../Engine/Plugins/VirtualProduction/EpicStageApp/EpicStageApp.uplugin" 262
"../../../Engine/Plugins/Online/SocketSubsystemEOS/SocketSubsystemEOS.uplugin" 263
"../../../Engine/Plugins/Online/OnlineSubsystemEOS/OnlineSubsystemEOS.uplugin" 264
"../../../Engine/Plugins/VirtualProduction/LensComponent/LensComponent.uplugin" 265
"../../../Engine/Plugins/Online/OnlineSubsystemTencent/OnlineSubsystemTencent.uplugin" 266
"../../../Engine/Plugins/VirtualProduction/LevelSnapshots/LevelSnapshots.uplugin" 267
"../../../Engine/Plugins/VirtualProduction/DynamicMaterial/DynamicMaterial.uplugin" 268
"../../../Engine/Plugins/VirtualProduction/LiveLinkCamera/LiveLinkCamera.uplugin" 269
"../../../Engine/Plugins/VirtualProduction/CinematicAssemblyTools/CinematicAssemblyTools.uplugin" 270
"../../../Engine/Plugins/VirtualProduction/DataCharts/DataCharts.uplugin" 271
"../../../Engine/Plugins/VirtualProduction/LiveLinkFreeD/LiveLinkFreeD.uplugin" 272
"../../../Engine/Plugins/VirtualProduction/CustomDetailsView/CustomDetailsView.uplugin" 273
"../../../Engine/Plugins/VirtualProduction/LiveLinkInputDevice/LiveLinkInputDevice.uplugin" 274
"../../../Engine/Plugins/VirtualProduction/LiveLinkMasterLockit/LiveLinkMasterLockit.uplugin" 275
"../../../Engine/Plugins/VirtualProduction/LiveLinkOpenTrackIO/LiveLinkOpenTrackIO.uplugin" 276
"../../../Engine/Plugins/VirtualProduction/LiveLinkPrestonMDR/LiveLinkPrestonMDR.uplugin" 277
"../../../Engine/Plugins/VirtualProduction/LiveLinkXR/LiveLinkXR.uplugin" 278
"../../../Engine/Plugins/Online/OnlineServicesNull/OnlineServicesNull.uplugin" 279
"../../../Engine/Plugins/VirtualProduction/MultiUserTakes/MultiUserTakes.uplugin" 280
"../../../Engine/Plugins/VirtualProduction/OperatorStack/OperatorStack.uplugin" 281
"../../../Engine/Plugins/VirtualProduction/CaptureData/CaptureData.uplugin" 282
"../../../Engine/Plugins/VirtualProduction/RemoteControl/RemoteControl.uplugin" 283
"../../../Engine/Plugins/VirtualProduction/GeometryMask/GeometryMask.uplugin" 284
"../../../Engine/Plugins/VirtualProduction/PropertyAnimator/PropertyAnimator.uplugin" 285
"../../../Engine/Plugins/VirtualProduction/LiveLinkVRPN/LiveLinkVRPN.uplugin" 286
"../../../Engine/Plugins/VirtualProduction/StormSync/StormSync.uplugin" 287
"../../../Engine/Plugins/VirtualProduction/StormSyncAvalancheBridge/StormSyncAvalancheBridge.uplugin" 288
"../../../Engine/Plugins/VirtualProduction/SequencerPlaylists/SequencerPlaylists.uplugin" 289
"../../../Engine/Plugins/VirtualProduction/ICVFX/ICVFX.uplugin" 290
"../../../Engine/Plugins/VirtualProduction/PropertyAnimatorCore/PropertyAnimatorCore.uplugin" 291
"../../../Engine/Plugins/VirtualProduction/Takes/Takes.uplugin" 292
"../../../Engine/Plugins/VirtualProduction/PerformanceCaptureWorkflow/PerformanceCaptureWorkflow.uplugin" 293
"../../../Engine/Plugins/VirtualProduction/RemoteControlProtocolDMX/RemoteControlProtocolDMX.uplugin" 294
"../../../Engine/Plugins/VirtualProduction/TimedDataMonitor/TimedDataMonitor.uplugin" 295
"../../../Engine/Plugins/VirtualProduction/Switchboard/Switchboard.uplugin" 296
"../../../Engine/Plugins/VirtualProduction/RemoteControlProtocolMIDI/RemoteControlProtocolMIDI.uplugin" 297
"../../../Engine/Plugins/VirtualProduction/VirtualCameraCore/VirtualCameraCore.uplugin" 298
"../../../Engine/Plugins/VirtualProduction/StageMonitoring/StageMonitoring.uplugin" 299
"../../../Engine/Plugins/AI/AISupport/AISupport.uplugin" 300
"../../../Engine/Plugins/VirtualProduction/LiveLinkLens/LiveLinkLens.uplugin" 301
"../../../Engine/Plugins/AI/EnvironmentQueryEditor/EnvironmentQueryEditor.uplugin" 302
"../../../Engine/Plugins/VirtualProduction/RemoteControlProtocolOSC/RemoteControlProtocolOSC.uplugin" 303
"../../../Engine/Plugins/VirtualProduction/RemoteControlInterception/RemoteControlInterception.uplugin" 304
"../../../Engine/Plugins/VirtualProduction/RemoteControlWebInterface/RemoteControlWebInterface.uplugin" 305
"../../../Engine/Plugins/AI/HTNPlanner/HTNPlanner.uplugin" 306
"../../../Engine/Plugins/AI/MassAI/MassAI.uplugin" 307
"../../../Engine/Plugins/VirtualProduction/VirtualCamera/VirtualCamera.uplugin" 308
"../../../Engine/Plugins/AI/MLAdapter/MLAdapter.uplugin" 309
"../../../Engine/Plugins/Animation/ACLPlugin/ACLPlugin.uplugin" 310
"../../../Engine/Plugins/Animation/AnimatorKit/AnimatorKit.uplugin" 311
"../../../Engine/Plugins/VirtualProduction/VirtualScouting/VirtualScouting.uplugin" 312
"../../../Engine/Plugins/Animation/AnimationWarping/AnimationWarping.uplugin" 313
"../../../Engine/Plugins/Animation/ControlRig/ControlRig.uplugin" 314
"../../../Engine/Plugins/Animation/AnimationLocomotionLibrary/AnimationLocomotionLibrary.uplugin" 315
"../../../Engine/Plugins/Animation/AnimationModifierLibrary/AnimationModifierLibrary.uplugin" 316
"../../../Engine/Plugins/Animation/ControlRigSpline/ControlRigSpline.uplugin" 317
"../../../Engine/Plugins/AI/MassCrowd/MassCrowd.uplugin" 318
"../../../Engine/Plugins/Animation/GeneSplicer/GeneSplicer.uplugin" 319
"../../../Engine/Plugins/2D/Paper2D/Paper2D.uplugin" 320
"../../../Engine/Plugins/Online/OnlineServices/OnlineServices.uplugin" 321
"../../../Engine/Plugins/Animation/DNACalib/DNACalib.uplugin" 322
"../../../Engine/Plugins/Animation/LiveLink/LiveLink.uplugin" 323
"../../../Engine/Plugins/Animation/LiveLinkDevice/LiveLinkDevice.uplugin" 324
"../../../Engine/Plugins/VirtualProduction/TextureShare/TextureShare.uplugin" 325
"../../../Engine/Plugins/Animation/LiveLinkHub/LiveLinkHub.uplugin" 326
"../../../Engine/Plugins/Animation/IKRig/IKRig.uplugin" 327
"../../../Engine/Plugins/Animation/PerformanceCaptureCore/PerformanceCaptureCore.uplugin" 328
"../../../Engine/Plugins/Animation/AnimationData/AnimationData.uplugin" 329
"../../../Engine/Plugins/Animation/RigLogic/RigLogic.uplugin" 330
"../../../Engine/Plugins/Animation/DeformerGraph/DeformerGraph.uplugin" 331
"../../../Engine/Plugins/Animation/TweeningUtils/TweeningUtils.uplugin" 332
"../../../Engine/Plugins/VirtualProduction/ICVFXTesting/ICVFXTesting.uplugin" 333
"../../../Engine/Plugins/Animation/PoseSearch/PoseSearch.uplugin" 334
"../../../Engine/Plugins/Cameras/CameraShakePreviewer/CameraShakePreviewer.uplugin" 335
"../../../Engine/Plugins/Developer/BlankPlugin/BlankPlugin.uplugin" 336
"../../../Engine/Plugins/Developer/CLionSourceCodeAccess/CLionSourceCodeAccess.uplugin" 337
"../../../Engine/Plugins/Animation/ControlRigModules/ControlRigModules.uplugin" 338
"../../../Engine/Plugins/Developer/AnimationSharing/AnimationSharing.uplugin" 339
"../../../Engine/Plugins/Compression/OodleNetwork/OodleNetwork.uplugin" 340
"../../../Engine/Plugins/Developer/CodeLiteSourceCodeAccess/CodeLiteSourceCodeAccess.uplugin" 341
"../../../Engine/Plugins/Animation/GameplayInsights/GameplayInsights.uplugin" 342
"../../../Engine/Plugins/Animation/LiveLinkCurveDebugUI/LiveLinkCurveDebugUI.uplugin" 343
"../../../Engine/Plugins/Developer/OneSkyLocalizationService/OneSkyLocalizationService.uplugin" 344
"../../../Engine/Plugins/Developer/NullSourceCodeAccess/NullSourceCodeAccess.uplugin" 345
"../../../Engine/Plugins/Animation/BlendSpaceMotionAnalysis/BlendSpaceMotionAnalysis.uplugin" 346
"../../../Engine/Plugins/Developer/GitSourceControl/GitSourceControl.uplugin" 347
"../../../Engine/Plugins/Animation/SkeletalMeshModelingTools/SkeletalMeshModelingTools.uplugin" 348
"../../../Engine/Plugins/Developer/PixWinPlugin/PixWinPlugin.uplugin" 349
"../../../Engine/Plugins/Developer/FieldNotificationTrace/FieldNotificationTrace.uplugin" 350
"../../../Engine/Plugins/Cameras/EngineCameras/EngineCameras.uplugin" 351
"../../../Engine/Plugins/Animation/LiveLinkExampleDevice/LiveLinkExampleDevice.uplugin" 352
"../../../Engine/Plugins/Developer/KDevelopSourceCodeAccess/KDevelopSourceCodeAccess.uplugin" 353
"../../../Engine/Plugins/Developer/PlasticSourceControl/PlasticSourceControl.uplugin" 354
"../../../Engine/Plugins/Developer/DirectoryPlaceholder/DirectoryPlaceholder.uplugin" 355
"../../../Engine/Plugins/Developer/RenderDocPlugin/RenderDocPlugin.uplugin" 356
"../../../Engine/Plugins/Developer/N10XSourceCodeAccess/N10XSourceCodeAccess.uplugin" 357
"../../../Engine/Plugins/Developer/PluginUtils/PluginUtils.uplugin" 358
"../../../Engine/Plugins/Developer/ProjectLauncher/ProjectLauncher.uplugin" 359
"../../../Engine/Plugins/Developer/RiderSourceCodeAccess/RiderSourceCodeAccess.uplugin" 360
"../../../Engine/Plugins/Cameras/GameplayCameras/GameplayCameras.uplugin" 361
"../../../Engine/Plugins/Developer/VisualStudioSourceCodeAccess/VisualStudioSourceCodeAccess.uplugin" 362
"../../../Engine/Plugins/Developer/UObjectPlugin/UObjectPlugin.uplugin" 363
"../../../Engine/Plugins/Developer/XCodeSourceCodeAccess/XCodeSourceCodeAccess.uplugin" 364
"../../../Engine/Plugins/Developer/DumpGPUServices/DumpGPUServices.uplugin" 365
"../../../Engine/Plugins/Developer/SubversionSourceControl/SubversionSourceControl.uplugin" 366
"../../../Engine/Plugins/Developer/VisualStudioCodeSourceCodeAccess/VisualStudioCodeSourceCodeAccess.uplugin" 367
"../../../Engine/Plugins/Editor/AssetRegistryExport/AssetRegistryExport.uplugin" 368
"../../../Engine/Plugins/Editor/AssetReferenceRestrictions/AssetReferenceRestrictions.uplugin" 369
"../../../Engine/Plugins/Developer/TraceSourceFiltering/TraceSourceFilters.uplugin" 370
"../../../Engine/Plugins/Editor/BlueprintMaterialTextureNodes/BlueprintMaterialTextureNodes.uplugin" 371
"../../../Engine/Plugins/Developer/XcodeGPUDebuggerPlugin/XcodeGPUDebuggerPlugin.uplugin" 372
"../../../Engine/Plugins/Editor/ChangelistReview/ChangelistReview.uplugin" 373
"../../../Engine/Plugins/Editor/AssetSearch/AssetSearch.uplugin" 374
"../../../Engine/Plugins/Editor/BlueprintHeaderView/BlueprintHeaderView.uplugin" 375
"../../../Engine/Plugins/Developer/NamingTokens/NamingTokens.uplugin" 376
"../../../Engine/Plugins/Editor/DataValidation/DataValidation.uplugin" 377
"../../../Engine/Plugins/Developer/PerforceSourceControl/PerforceSourceControl.uplugin" 378
"../../../Engine/Plugins/Editor/DisplayClusterLaunch/DisplayClusterLaunch.uplugin" 379
"../../../Engine/Plugins/Developer/TextureFormatOodle/TextureFormatOodle.uplugin" 380
"../../../Engine/Plugins/Editor/GameplayTagsEditor/GameplayTagsEditor.uplugin" 381
"../../../Engine/Plugins/Editor/AssetManagerEditor/AssetManagerEditor.uplugin" 382
"../../../Engine/Plugins/Editor/FacialAnimation/FacialAnimation.uplugin" 383
"../../../Engine/Plugins/Editor/CryptoKeys/CryptoKeys.uplugin" 384
"../../../Engine/Plugins/Developer/TraceDataFiltering/TraceDataFilters.uplugin" 385
"../../../Engine/Plugins/Editor/MacGraphicsSwitching/MacGraphicsSwitching.uplugin" 386
"../../../Engine/Plugins/Editor/ConsoleVariablesEditor/ConsoleVariables.uplugin" 387
"../../../Engine/Plugins/Editor/GuidedTutorials/GuidedTutorials.uplugin" 388
"../../../Engine/Plugins/Editor/EditorDebugTools/EditorDebugTools.uplugin" 389
"../../../Engine/Plugins/Editor/MaterialAnalyzer/MaterialAnalyzer.uplugin" 390
"../../../Engine/Plugins/Animation/BlendStack/BlendStack.uplugin" 391
"../../../Engine/Plugins/Editor/MeshLODToolset/MeshLODToolset.uplugin" 392
"../../../Engine/Plugins/Editor/CurveEditorTools/CurveEditorTools.uplugin" 393
"../../../Engine/Plugins/Editor/LiveUpdateForSlate/LiveUpdateForSlate.uplugin" 394
"../../../Engine/Plugins/Editor/MakeCookedEditorAsDLC/MakeCookedEditorAsDLC.uplugin" 395
"../../../Engine/Plugins/Editor/MobileLauncherProfileWizard/MobileLauncherProfileWizard.uplugin" 396
"../../../Engine/Plugins/Editor/EditorScriptingUtilities/EditorScriptingUtilities.uplugin" 397
"../../../Engine/Plugins/Editor/SequencerAnimTools/SequencerAnimTools.uplugin" 398
"../../../Engine/Plugins/Animation/MotionWarping/MotionWarping.uplugin" 399
"../../../Engine/Plugins/Editor/ScriptableToolsEditorMode/ScriptableToolsEditorMode.uplugin" 400
"../../../Engine/Plugins/Editor/StylusInput/StylusInput.uplugin" 401
"../../../Engine/Plugins/Editor/GeometryMode/GeometryMode.uplugin" 402
"../../../Engine/Plugins/Editor/ColorGrading/ColorGrading.uplugin" 403
"../../../Engine/Plugins/Editor/PluginBrowser/PluginBrowser.uplugin" 404
"../../../Engine/Plugins/Editor/UMGWidgetPreview/UMGWidgetPreview.uplugin" 405
"../../../Engine/Plugins/Editor/UVEditor/UVEditor.uplugin" 406
"../../../Engine/Plugins/Editor/ProxyLODPlugin/ProxyLODPlugin.uplugin" 407
"../../../Engine/Plugins/Experimental/AbilitySystemGameFeatureActions/AbilitySystemGameFeatureActions.uplugin" 408
"../../../Engine/Plugins/Editor/EditorSysConfigAssistant/EditorSysConfigAssistant.uplugin" 409
"../../../Engine/Plugins/Editor/WorldPartitionHLODUtilities/WorldPartitionHLODUtilities.uplugin" 410
"../../../Engine/Plugins/Editor/WaveformEditor/WaveformEditor.uplugin" 411
"../../../Engine/Plugins/Experimental/AnimNextChooser/AnimNextChooser.uplugin" 412
"../../../Engine/Plugins/Editor/SpeedTreeImporter/SpeedTreeImporter.uplugin" 413
"../../../Engine/Plugins/Experimental/AnimToTexture/AnimToTexture.uplugin" 414
"../../../Engine/Plugins/Experimental/AnimNextStateTree/AnimNextStateTree.uplugin" 415
"../../../Engine/Plugins/Experimental/AnimNext/AnimNext.uplugin" 416
"../../../Engine/Plugins/Experimental/AvalancheDataLink/AvalancheDataLink.uplugin" 417
"../../../Engine/Plugins/Experimental/AvalancheSequenceNavigator/AvalancheSequenceNavigator.uplugin" 418
"../../../Engine/Plugins/Developer/PropertyAccessNode/PropertyAccessNode.uplugin" 419
"../../../Engine/Plugins/Experimental/AutomationUtils/AutomationUtils.uplugin" 420
"../../../Engine/Plugins/Editor/SampleToolsEditorMode/SampleToolsEditorMode.uplugin" 421
"../../../Engine/Plugins/Experimental/AvalancheDisplayCluster/AvalancheDisplayCluster.uplugin" 422
"../../../Engine/Plugins/Editor/StaticMeshEditorModeling/StaticMeshEditorModeling.uplugin" 423
"../../../Engine/Plugins/Experimental/BlueprintStats/BlueprintStats.uplugin" 424
"../../../Engine/Plugins/Experimental/Buoyancy/Buoyancy.uplugin" 425
"../../../Engine/Plugins/Experimental/ActorPalette/ActorPalette.uplugin" 426
"../../../Engine/Plugins/Experimental/CelestialVault/CelestialVault.uplugin" 427
"../../../Engine/Plugins/Editor/EngineAssetDefinitions/EngineAssetDefinitions.uplugin" 428
"../../../Engine/Plugins/Experimental/ChaosFlesh/ChaosFlesh.uplugin" 429
"../../../Engine/Plugins/Experimental/AsyncMessageSystem/AsyncMessageSystem.uplugin" 430
"../../../Engine/Plugins/Experimental/ChaosModularVehicle/ChaosModularVehicle.uplugin" 431
"../../../Engine/Plugins/Experimental/ChaosClothEditor/ChaosClothEditor.uplugin" 432
"../../../Engine/Plugins/Editor/ModelViewViewModelPreview/ModelViewViewModelPreview.uplugin" 433
"../../../Engine/Plugins/Experimental/ChaosNiagara/ChaosNiagara.uplugin" 434
"../../../Engine/Plugins/Experimental/ChaosOutfitAsset/ChaosOutfitAsset.uplugin" 435
"../../../Engine/Plugins/Experimental/AdvancedRenamer/AdvancedRenamer.uplugin" 436
"../../../Engine/Plugins/Experimental/ChaosCachingUSD/ChaosCachingUSD.uplugin" 437
"../../../Engine/Plugins/Experimental/ChaosCaching/ChaosCaching.uplugin" 438
"../../../Engine/Plugins/Experimental/ChaosModularVehicleExamples/ChaosModularVehicleExamples.uplugin" 439
"../../../Engine/Plugins/Experimental/AnimNextControlRig/AnimNextControlRig.uplugin" 440
"../../../Engine/Plugins/Experimental/ChaosEditor/ChaosEditor.uplugin" 441
"../../../Engine/Plugins/Experimental/AsyncMessageSystemTests/AsyncMessageSystemTests.uplugin" 442
"../../../Engine/Plugins/Experimental/CharacterAI/CharacterAI.uplugin" 443
"../../../Engine/Plugins/Experimental/CodeEditor/CodeEditor.uplugin" 444
"../../../Engine/Plugins/Experimental/ChaosUserDataPT/ChaosUserDataPT.uplugin" 445
"../../../Engine/Plugins/Experimental/CinematicPrestreaming/CinematicPrestreaming.uplugin" 446
"../../../Engine/Plugins/Experimental/AnimNextWarping/AnimNextWarping.uplugin" 447
"../../../Engine/Plugins/Experimental/CommonConversation/CommonConversation.uplugin" 448
"../../../Engine/Plugins/Experimental/ColorCorrectRegions/ColorCorrectRegions.uplugin" 449
"../../../Engine/Plugins/Experimental/AnimNextAnimGraph/AnimNextAnimGraph.uplugin" 450
"../../../Engine/Plugins/Experimental/ControlFlows/ControlFlows.uplugin" 451
"../../../Engine/Plugins/Experimental/AvalancheSceneState/AvalancheSceneState.uplugin" 452
"../../../Engine/Plugins/Experimental/BlueprintSnapNodes/BlueprintSnapNodes.uplugin" 453
"../../../Engine/Plugins/Experimental/DataLink/DataLink.uplugin" 454
"../../../Engine/Plugins/Experimental/CineCameraRigs/CineCameraRigs.uplugin" 455
"../../../Engine/Plugins/Experimental/DaySequence/DaySequence.uplugin" 456
"../../../Engine/Plugins/Experimental/DefaultInstallBundleManager/DefaultInstallBundleManager.uplugin" 457
"../../../Engine/Plugins/Experimental/DynamicMaterialMediaStreamBridge/DynamicMaterialMediaStreamBridge.uplugin" 458
"../../../Engine/Plugins/Experimental/CineCameraSceneCapture/CineCameraSceneCapture.uplugin" 459
"../../../Engine/Plugins/Experimental/AnimNextPoseSearch/AnimNextPoseSearch.uplugin" 460
"../../../Engine/Plugins/Experimental/EditorPerformance/EditorPerformance.uplugin" 461
"../../../Engine/Plugins/Experimental/CodeView/CodeView.uplugin" 462
"../../../Engine/Plugins/Experimental/FloatingProperties/FloatingProperties.uplugin" 463
"../../../Engine/Plugins/Experimental/FastGeoStreaming/FastGeoStreaming.uplugin" 464
"../../../Engine/Plugins/Experimental/ChaosMover/ChaosMover.uplugin" 465
"../../../Engine/Plugins/Experimental/GameInputWindows/GameInputWindows.uplugin" 466
"../../../Engine/Plugins/Experimental/EvaluationNotifies/EvaluationNotifies.uplugin" 467
"../../../Engine/Plugins/Experimental/GameplayTargetingSystem/TargetingSystem.uplugin" 468
"../../../Engine/Plugins/Experimental/FieldSystemPlugin/FieldSystemPlugin.uplugin" 469
"../../../Engine/Plugins/Experimental/DataLinkOAuth/DataLinkOAuth.uplugin" 470
"../../../Engine/Plugins/Experimental/GameplayGraph/GameplayGraph.uplugin" 471
"../../../Engine/Plugins/Experimental/EditorTelemetry/EditorTelemetry.uplugin" 472
"../../../Engine/Plugins/Experimental/Gauntlet/Gauntlet.uplugin" 473
"../../../Engine/Plugins/Experimental/GeometryDataflow/GeometryDataflow.uplugin" 474
"../../../Engine/Plugins/Experimental/GeometryCacheAbcFile/GeometryCacheAbcFile.uplugin" 475
"../../../Engine/Plugins/Experimental/GeometryFlow/GeometryFlow.uplugin" 476
"../../../Engine/Plugins/Experimental/GeometryCollectionPlugin/GeometryCollectionPlugin.uplugin" 477
"../../../Engine/Plugins/Experimental/EditorDataStorage/EditorDataStorage.uplugin" 478
"../../../Engine/Plugins/Experimental/GizmoFramework/GizmoFramework.uplugin" 479
"../../../Engine/Plugins/Experimental/GeometryCacheLevelSequenceBaker/GeometryCacheLevelSequenceBaker.uplugin" 480
"../../../Engine/Plugins/Experimental/Dataflow/Dataflow.uplugin" 481
"../../../Engine/Plugins/Experimental/InlineMaterialInstance/InlineMaterialInstance.uplugin" 482
"../../../Engine/Plugins/Experimental/HairCardGenerator/HairCardGenerator.uplugin" 483
"../../../Engine/Plugins/Experimental/ImageWidgets/ImageWidgets.uplugin" 484
"../../../Engine/Plugins/Experimental/InstanceDataObjectFixupTool/InstanceDataObjectFixupTool.uplugin" 485
"../../../Engine/Plugins/Experimental/HairStrandsMutable/HairStrandsMutable.uplugin" 486
"../../../Engine/Plugins/Experimental/HairModelingToolset/HairModelingToolset.uplugin" 487
"../../../Engine/Plugins/Experimental/ImagePlate/ImagePlate.uplugin" 488
"../../../Engine/Plugins/Experimental/InteractionInterface/InteractionInterface.uplugin" 489
"../../../Engine/Plugins/Experimental/ImpostorBaker/ImpostorBaker.uplugin" 490
"../../../Engine/Plugins/Experimental/Landmass/Landmass.uplugin" 491
"../../../Engine/Plugins/Experimental/LandscapePatch/LandscapePatch.uplugin" 492
"../../../Engine/Plugins/Experimental/JWT/JWT.uplugin" 493
"../../../Engine/Plugins/Experimental/ChaosSolverPlugin/ChaosSolverPlugin.uplugin" 494
"../../../Engine/Plugins/Experimental/LevelSequenceNavigatorBridge/LevelSequenceNavigatorBridge.uplugin" 495
"../../../Engine/Plugins/Experimental/LearningAgents/LearningAgents.uplugin" 496
"../../../Engine/Plugins/Experimental/GPULightmass/GPULightmass.uplugin" 497
"../../../Engine/Plugins/Editor/ModelingToolsEditorMode/ModelingToolsEditorMode.uplugin" 498
"../../../Engine/Plugins/Experimental/Mover/Mover.uplugin" 499
"../../../Engine/Plugins/Experimental/ChaosVehiclesPlugin/ChaosVehiclesPlugin.uplugin" 500
"../../../Engine/Plugins/Experimental/GizmoEdMode/GizmoEdMode.uplugin" 501
"../../../Engine/Plugins/Experimental/MoverExamples/MoverExamples.uplugin" 502
"../../../Engine/Plugins/Experimental/FullBodyIK/FullBodyIK.uplugin" 503
"../../../Engine/Plugins/Experimental/MoverIntegrations/MoverIntegrations.uplugin" 504
"../../../Engine/Plugins/Experimental/MoverTests/MoverTests.uplugin" 505
"../../../Engine/Plugins/Experimental/GameplayBehaviors/GameplayBehaviors.uplugin" 506
"../../../Engine/Plugins/Experimental/LiveLinkControlRig/LiveLinkControlRig.uplugin" 507
"../../../Engine/Plugins/Experimental/NeuralRendering/NeuralRendering.uplugin" 508
"../../../Engine/Plugins/Experimental/MoverAnimNext/MoverAnimNext.uplugin" 509
"../../../Engine/Plugins/Experimental/MutablePopulation/MutablePopulation.uplugin" 510
"../../../Engine/Plugins/Experimental/Fracture/Fracture.uplugin" 511
"../../../Engine/Plugins/Experimental/NNERuntimeCoreML/NNERuntimeCoreML.uplugin" 512
"../../../Engine/Plugins/Experimental/NNERuntimeBasicCpu/NNERuntimeBasicCpu.uplugin" 513
"../../../Engine/Plugins/Experimental/MutableClothing/MutableClothing.uplugin" 514
"../../../Engine/Plugins/Experimental/MovieScenePoseSearchTracks/MovieScenePoseSearchTracks.uplugin" 515
"../../../Engine/Plugins/Experimental/EditorDataStorageFeatures/EditorDataStorageFeatures.uplugin" 516
"../../../Engine/Plugins/Experimental/OpenImageDenoise/OpenImageDenoise.uplugin" 517
"../../../Engine/Plugins/Experimental/BackChannel/BackChannel.uplugin" 518
"../../../Engine/Plugins/Experimental/OptiXDenoise/OptiXDenoise.uplugin" 519
"../../../Engine/Plugins/Experimental/PCGBiomeCore/PCGBiomeCore.uplugin" 520
"../../../Engine/Plugins/Experimental/LowLevelNetTrace/LowLevelNetTrace.uplugin" 521
"../../../Engine/Plugins/Experimental/PlainProps/PlainProps.uplugin" 522
"../../../Engine/Plugins/Experimental/LiveLinkOpenVR/LiveLinkOpenVR.uplugin" 523
"../../../Engine/Plugins/Experimental/PixelStreamingPlayer/PixelStreamingPlayer.uplugin" 524
"../../../Engine/Plugins/Experimental/PCGBiomeSample/PCGBiomeSample.uplugin" 525
"../../../Engine/Plugins/Experimental/NNERuntimeIREE/NNERuntimeIREE.uplugin" 526
"../../../Engine/Plugins/Experimental/PlainPropsUObject/PlainPropsUObject.uplugin" 527
"../../../Engine/Plugins/Experimental/PanoramicCapture/PanoramicCapture.uplugin" 528
"../../../Engine/Plugins/Experimental/PlatformCrypto/PlatformCrypto.uplugin" 529
"../../../Engine/Plugins/Experimental/PluginAudit/PluginAudit.uplugin" 530
"../../../Engine/Plugins/Experimental/PhysicsControl/PhysicsControl.uplugin" 531
"../../../Engine/Plugins/Experimental/PluginTemplateTool/PluginTemplateTool.uplugin" 532
"../../../Engine/Plugins/Experimental/MediaStream/MediaStream.uplugin" 533
"../../../Engine/Plugins/Experimental/PSDImporter/PSDImporter.uplugin" 534
"../../../Engine/Plugins/Experimental/MeshModelingToolsetExp/MeshModelingToolsetExp.uplugin" 535
"../../../Engine/Plugins/Experimental/MotorSimOutputMotoSynth/MotorSimOutputMotoSynth.uplugin" 536
"../../../Engine/Plugins/Experimental/RemoteSession/RemoteSession.uplugin" 537
"../../../Engine/Plugins/Experimental/LiveLinkFaceImporter/LiveLinkFaceImporter.uplugin" 538
"../../../Engine/Plugins/Experimental/MetasoundExperimental/MetasoundExperimental.uplugin" 539
"../../../Engine/Plugins/Experimental/MediaViewer/MediaViewer.uplugin" 540
"../../../Engine/Plugins/Experimental/PythonScriptPlugin/PythonScriptPlugin.uplugin" 541
"../../../Engine/Plugins/Experimental/PSDImporterMaterialDesignerBridge/PSDImporterMaterialDesignerBridge.uplugin" 542
"../../../Engine/Plugins/Experimental/PostProcessMaterialChainGraph/PostProcessMaterialChainGraph.uplugin" 543
"../../../Engine/Plugins/Experimental/LocalizableMessage/LocalizableMessage.uplugin" 544
"../../../Engine/Plugins/Experimental/SceneState/SceneState.uplugin" 545
"../../../Engine/Plugins/Experimental/MotoSynth/MotoSynth.uplugin" 546
"../../../Engine/Plugins/Experimental/RigLogicMutable/RigLogicMutable.uplugin" 547
"../../../Engine/Plugins/Experimental/RuntimeTelemetry/RuntimeTelemetry.uplugin" 548
"../../../Engine/Plugins/Experimental/MovieSceneAnimMixer/MovieSceneAnimMixer.uplugin" 549
"../../../Engine/Plugins/Experimental/ScreenReader/ScreenReader.uplugin" 550
"../../../Engine/Plugins/Experimental/NaniteDisplacedMesh/NaniteDisplacedMesh.uplugin" 551
"../../../Engine/Plugins/Experimental/Iris/Iris.uplugin" 552
"../../../Engine/Plugins/Experimental/SequenceNavigator/SequenceNavigator.uplugin" 553
"../../../Engine/Plugins/Experimental/NFORDenoise/NFORDenoise.uplugin" 554
"../../../Engine/Plugins/Experimental/RenderGrid/RenderGrid.uplugin" 555
"../../../Engine/Plugins/Experimental/SecuritySandbox/SecuritySandbox.uplugin" 556
"../../../Engine/Plugins/Experimental/SimpleHMD/SimpleHMD.uplugin" 557
"../../../Engine/Plugins/Experimental/PlanarCutPlugin/PlanarCut.uplugin" 558
"../../../Engine/Plugins/Experimental/QuicMessaging/QuicMessaging.uplugin" 559
"../../../Engine/Plugins/Experimental/Shotgrid/Shotgrid.uplugin" 560
"../../../Engine/Plugins/Experimental/SlateModelViewViewModel/SlateModelViewViewModel.uplugin" 561
"../../../Engine/Plugins/Experimental/SlateIM/SlateIM.uplugin" 562
"../../../Engine/Plugins/Experimental/MLflow/MLflow.uplugin" 563
"../../../Engine/Plugins/Experimental/StateGraph/StateGraph.uplugin" 564
"../../../Engine/Plugins/Experimental/PluginReferenceViewer/PluginReferenceViewer.uplugin" 565
"../../../Engine/Plugins/Experimental/SVGImporter/SVGImporter.uplugin" 566
"../../../Engine/Plugins/Experimental/SubtitlesAndClosedCaptions/SubtitlesAndClosedCaptions.uplugin" 567
"../../../Engine/Plugins/Experimental/TargetDeviceServicesScripting/TargetDeviceServicesScripting.uplugin" 568
"../../../Engine/Plugins/Experimental/TetMeshing/TetMeshing.uplugin" 569
"../../../Engine/Plugins/Experimental/SubmitToolEditor/SubmitToolEditor.uplugin" 570
"../../../Engine/Plugins/Experimental/TextureMediaPlayer/TextureMediaPlayer.uplugin" 571
"../../../Engine/Plugins/Experimental/StructUtils/StructUtils.uplugin" 572
"../../../Engine/Plugins/Experimental/SkeletalReduction/SkeletalReduction.uplugin" 573
"../../../Engine/Plugins/Experimental/TechAudioTools/TechAudioTools.uplugin" 574
"../../../Engine/Plugins/Experimental/UserToolBoxCore/UserToolBoxCore.uplugin" 575
"../../../Engine/Plugins/Experimental/UserToolBoxBasicCommand/UserToolBoxBasicCommand.uplugin" 576
"../../../Engine/Plugins/Experimental/VirtualHeightfieldMesh/VirtualHeightfieldMesh.uplugin" 577
"../../../Engine/Plugins/Experimental/UIFramework/UIFramework.uplugin" 578
"../../../Engine/Plugins/Experimental/SurfaceEffects/SurfaceEffects.uplugin" 579
"../../../Engine/Plugins/Experimental/SerializationUtils/SerializationUtils.uplugin" 580
"../../../Engine/Plugins/Experimental/WebSocketMessaging/WebSocketMessaging.uplugin" 581
"../../../Engine/Plugins/Experimental/Water/Water.uplugin" 582
"../../../Engine/Plugins/Experimental/RawInput/RawInput.uplugin" 583
"../../../Engine/Plugins/Experimental/WaterAdvanced/WaterAdvanced.uplugin" 584
"../../../Engine/Plugins/Experimental/VirtualProductionUtilities/VirtualProductionUtilities.uplugin" 585
"../../../Engine/Plugins/Experimental/WaterExtras/WaterExtras.uplugin" 586
"../../../Engine/Plugins/Experimental/Workspace/Workspace.uplugin" 587
"../../../Engine/Plugins/MetaHuman/MetaHumanCalibrationProcessing/MetaHumanCalibrationProcessing.uplugin" 588
"../../../Engine/Plugins/Interchange/Runtime/Interchange.uplugin" 589
"../../../Engine/Plugins/Experimental/Volumetrics/Volumetrics.uplugin" 590
"../../../Engine/Plugins/Experimental/WidgetEditorToolPalette/WidgetEditorToolPalette.uplugin" 591
"../../../Engine/Plugins/MetaHuman/MetaHumanCharacter/MetaHumanCharacter.uplugin" 592
"../../../Engine/Plugins/Experimental/Tensorboard/Tensorboard.uplugin" 593
"../../../Engine/Plugins/MetaHuman/MetaHumanLiveLink/MetaHumanLiveLink.uplugin" 594
"../../../Engine/Plugins/Interchange/Editor/InterchangeEditor.uplugin" 595
"../../../Engine/Plugins/Experimental/SpatialReadiness/SpatialReadiness.uplugin" 596
"../../../Engine/Plugins/Interchange/Assets/InterchangeAssets.uplugin" 597
"../../../Engine/Plugins/Experimental/RemoteControlComponents/RemoteControlComponents.uplugin" 598
"../../../Engine/Plugins/Performance/PerformanceMonitor/PerformanceMonitor.uplugin" 599
"../../../Engine/Plugins/Experimental/TextToSpeech/TextToSpeech.uplugin" 600
"../../../Engine/Plugins/Experimental/RigLogicAnimNext/RigLogicAnimNext.uplugin" 601
"../../../Engine/Plugins/Tests/CQTestEnhancedInput/CQTestEnhancedInput.uplugin" 602
"../../../Engine/Plugins/NetcodeUnitTest/NetcodeUnitTest/NetcodeUnitTest.uplugin" 603
"../../../Engine/Plugins/MetaHuman/MetaHumanSDK/MetaHumanSDK.uplugin" 604
"../../../Engine/Plugins/Tests/CQTest/CQTest.uplugin" 605
"../../../Engine/Plugins/Tests/AutomationDriverTests/AutomationDriverTests.uplugin" 606
"../../../Engine/Plugins/Performance/AutomatedPerfTesting/AutomatedPerfTesting.uplugin" 607
"../../../Engine/Plugins/Experimental/NNERuntimeRDG/NNERuntimeRDG.uplugin" 608
"../../../Engine/Plugins/Experimental/MeshResizing/MeshResizing.uplugin" 609
"../../../Engine/Plugins/Experimental/WebSocketNetworking/WebSocketNetworking.uplugin" 610
"../../../Engine/Plugins/Experimental/WaveFunctionCollapse/WaveFunctionCollapse.uplugin" 611
"../../../Engine/Plugins/NetcodeUnitTest/NUTUnrealEngine/NUTUnrealEngine.uplugin" 612
"../../../Engine/Plugins/MetaHuman/MetaHumanCoreTechLib/MetaHumanCoreTech.uplugin" 613
"../../../Engine/Plugins/Tests/InterchangeTests/InterchangeTests.uplugin" 614
"../../../Engine/Plugins/Tests/EditorTests/EditorTests.uplugin" 615
"../../../Engine/Plugins/MetaHuman/MetaHumanAnimator/MetaHuman.uplugin" 616
"../../../Engine/Plugins/Tests/TestSamples/TestSamples.uplugin" 617
"../../../Engine/Plugins/Tests/TestFramework/TestFramework.uplugin" 618
"../../../Engine/Plugins/Web/HttpBlueprint/HttpBlueprint.uplugin" 619
"../../../Engine/Plugins/Runtime/AR/ARUtilities/ARUtilities.uplugin" 620
"../../../Engine/Plugins/Experimental/Text3D/Text3D.uplugin" 621
"../../../Engine/Plugins/Tests/PythonAutomationTest/PythonAutomationTest.uplugin" 622
"../../../Engine/Plugins/Runtime/Steam/SteamAudio/SteamAudio.uplugin" 623
"../../../Engine/Plugins/Editor/ContentBrowser/ContentBrowserAliasDataSource/ContentBrowserAliasDataSource.uplugin" 624
"../../../Engine/Plugins/Runtime/Steam/SteamController/SteamController.uplugin" 625
"../../../Engine/Plugins/Runtime/Windows/WinDualShock/WinDualShock.uplugin" 626
"../../../Engine/Plugins/Runtime/Steam/SteamShared/SteamShared.uplugin" 627
"../../../Engine/Plugins/Tests/FunctionalTestingEditor/FunctionalTestingEditor.uplugin" 628
"../../../Engine/Plugins/Editor/ContentBrowser/ContentBrowserAssetDataSource/ContentBrowserAssetDataSource.uplugin" 629
"../../../Engine/Plugins/Experimental/ToolPresets/ToolPresets.uplugin" 630
"../../../Engine/Plugins/Experimental/PythonFoundationPackages/PythonFoundationPackages.uplugin" 631
"../../../Engine/Plugins/Experimental/XRCreativeFramework/XRCreativeFramework.uplugin" 632
"../../../Engine/Plugins/Online/VoiceChat/VoiceChat/VoiceChat.uplugin" 633
"../../../Engine/Plugins/VirtualProduction/CaptureManager/CaptureManagerCore/CaptureManagerCore.uplugin" 634
"../../../Engine/Plugins/Tests/WidgetAutomationTests/WidgetAutomationTests.uplugin" 635
"../../../Engine/Plugins/VirtualProduction/Rivermax/RivermaxCore/RivermaxCore.uplugin" 636
"../../../Engine/Plugins/Online/VoiceChat/EOSVoiceChat/EOSVoiceChat.uplugin" 637
"../../../Engine/Plugins/VirtualProduction/CaptureManager/CaptureManagerApp/CaptureManagerApp.uplugin" 638
"../../../Engine/Plugins/Tests/RHITests/RHITests.uplugin" 639
"../../../Engine/Plugins/Experimental/AVCodecs/AMFCodecs/AMFCodecs.uplugin" 640
"../../../Engine/Plugins/Experimental/AVCodecs/AVCodecsCore/AVCodecsCore.uplugin" 641
"../../../Engine/Plugins/VirtualProduction/Rivermax/RivermaxMedia/RivermaxMedia.uplugin" 642
"../../../Engine/Plugins/VirtualProduction/CaptureManager/CaptureManagerDevices/CaptureManagerDevices.uplugin" 643
"../../../Engine/Plugins/Experimental/AVCodecs/LibVpxCodecs/LibVpxCodecs.uplugin" 644
"../../../Engine/Plugins/VirtualProduction/Rivermax/RivermaxSync/RivermaxSync.uplugin" 645
"../../../Engine/Plugins/Experimental/AVCodecs/WMFCodecs/WMFCodecs.uplugin" 646
"../../../Engine/Plugins/Tests/FbxAutomationTestBuilder/FbxAutomationTestBuilder.uplugin" 647
"../../../Engine/Plugins/Experimental/SlateScreenReader/SlateScreenReader.uplugin" 648
"../../../Engine/Plugins/Runtime/Steam/SteamSockets/SteamSockets.uplugin" 649
"../../../Engine/Plugins/Experimental/CharacterFXEditor/ExampleCharacterFXEditor/ExampleCharacterFXEditor.uplugin" 650
"../../../Engine/Plugins/Runtime/Analytics/AnalyticsMulticast/AnalyticsMulticast.uplugin" 651
"../../../Engine/Plugins/Runtime/Analytics/FileLogging/FileLogging.uplugin" 652
"../../../Engine/Plugins/Editor/ContentBrowser/ContentBrowserClassDataSource/ContentBrowserClassDataSource.uplugin" 653
"../../../Engine/Plugins/VirtualProduction/DMX/DMXControlConsole/DMXControlConsole.uplugin" 654
"../../../Engine/Plugins/VirtualProduction/DMX/DatasmithMVR/DatasmithMVR.uplugin" 655
"../../../Engine/Plugins/VirtualProduction/DMX/DMXGDTF/DMXGDTF.uplugin" 656
"../../../Engine/Plugins/Experimental/CharacterFXEditor/BaseCharacterFXEditor/BaseCharacterFXEditor.uplugin" 657
"../../../Engine/Plugins/Editor/ContentBrowser/ContentBrowserFileDataSource/ContentBrowserFileDataSource.uplugin" 658
"../../../Engine/Plugins/VirtualProduction/DMX/DMXEngine/DMXEngine.uplugin" 659
"../../../Engine/Plugins/Online/IOS/OnlineSubsystemIOS/OnlineSubsystemIOS.uplugin" 660
"../../../Engine/Plugins/Animation/MLDeformer/NeuralMorphModel/NeuralMorphModel.uplugin" 661
"../../../Engine/Plugins/Runtime/MeshReconstruction/DummyMeshReconstructor/DummyMeshReconstructor.uplugin" 662
"../../../Engine/Plugins/Experimental/PCGInterops/PCGWaterInterop/PCGWaterInterop.uplugin" 663
"../../../Engine/Plugins/Experimental/PCGInterops/PCGNiagaraInterop/PCGNiagaraInterop.uplugin" 664
"../../../Engine/Plugins/Animation/MLDeformer/MLDeformerFramework/MLDeformerFramework.uplugin" 665
"../../../Engine/Plugins/VirtualProduction/DMX/DMXFixtures/DMXFixtures.uplugin" 666
"../../../Engine/Plugins/VirtualProduction/DMX/DMXPixelMapping/DMXPixelMapping.uplugin" 667
"../../../Engine/Plugins/Experimental/RazerChromaDevices/RazerChromaDevices.uplugin" 668
"../../../Engine/Plugins/Experimental/PCGInterops/PCGInstancedActorsInterop/PCGInstancedActorsInterop.uplugin" 669
"../../../Engine/Plugins/Runtime/Windows/XInputDevice/XInputDevice.uplugin" 670
"../../../Engine/Plugins/Experimental/AVCodecs/VTCodecs/VTCodecs.uplugin" 671
"../../../Engine/Plugins/Runtime/Database/DatabaseSupport/DatabaseSupport.uplugin" 672
"../../../Engine/Plugins/Runtime/Database/SQLiteSupport/SQLiteSupport.uplugin" 673
"../../../Engine/Plugins/Online/Android/AndroidFetchBackgroundDownload/AndroidFetchBackgroundDownload.uplugin" 674
"../../../Engine/Plugins/Runtime/Database/RemoteDatabaseSupport/RemoteDatabaseSupport.uplugin" 675
"../../../Engine/Plugins/Experimental/MetaHuman/MetaHumanRuntime/MetaHumanRuntime.uplugin" 676
"../../../Engine/Plugins/VirtualProduction/DMX/DMXProtocol/DMXProtocol.uplugin" 677
"../../../Engine/Plugins/Tests/RuntimeTests/RuntimeTests.uplugin" 678
"../../../Engine/Plugins/Online/Android/OnlineSubsystemGooglePlay/OnlineSubsystemGooglePlay.uplugin" 679
"../../../Engine/Plugins/Experimental/AVCodecs/NVCodecs/NVCodecs.uplugin" 680
"../../../Engine/Plugins/Runtime/Nvidia/Reflex/Reflex.uplugin" 681
"../../../Engine/Plugins/Experimental/Web/WebAPI/WebAPI.uplugin" 682
"../../../Engine/Plugins/VirtualProduction/DMX/DMXDisplayCluster/DMXDisplayCluster.uplugin" 683
"../../../Engine/Plugins/Editor/ObjectMixer/ObjectMixer/ObjectMixer.uplugin" 684
"../../../Engine/Plugins/Runtime/PacketHandlers/DTLSHandlerComponent/DTLSHandlerComponent.uplugin" 685
"../../../Engine/Plugins/Experimental/Enterprise/DatasmithInterchange/DatasmithInterchange.uplugin" 686
"../../../Engine/Plugins/Editor/ObjectMixer/LightMixer/LightMixer.uplugin" 687
"../../../Engine/Plugins/Experimental/Animation/HierarchyTableAnimation/HierarchyTableAnimation.uplugin" 688
"../../../Engine/Plugins/Runtime/Analytics/AnalyticsBlueprintLibrary/AnalyticsBlueprintLibrary.uplugin" 689
"../../../Engine/Plugins/VirtualProduction/DMX/DMXModularFeatures/DMXModularFeatures.uplugin" 690
"../../../Engine/Plugins/Experimental/Enterprise/DatasmithRuntime/DatasmithRuntime.uplugin" 691
"../../../Engine/Plugins/Runtime/XR/XRVisualization/XRVisualization.uplugin" 692
"../../../Engine/Plugins/Runtime/Analytics/Adjust/Adjust.uplugin" 693
"../../../Engine/Plugins/VirtualProduction/CaptureManager/CaptureManagerEditor/CaptureManagerEditor.uplugin" 694
"../../../Engine/Plugins/Experimental/Enterprise/DataprepGeometryOperations/DataprepGeometryOperations.uplugin" 695
"../../../Engine/Plugins/Experimental/Animation/CurveExpression/CurveExpression.uplugin" 696
"../../../Engine/Plugins/Experimental/VirtualProduction/VPRoles/VPRoles.uplugin" 697
"../../../Engine/Plugins/Runtime/PacketHandlers/AESGCMHandlerComponent/AESGCMHandlerComponent.uplugin" 698
"../../../Engine/Plugins/Experimental/Animation/ContextualAnimation/ContextualAnimation.uplugin" 699
"../../../Engine/Plugins/Interchange/Extensions/OpenUSD/InterchangeOpenUSD.uplugin" 700
"../../../Engine/Plugins/Experimental/Animation/HierarchyTable/HierarchyTable.uplugin" 701
"../../../Engine/Plugins/Runtime/Database/ADOSupport/ADOSupport.uplugin" 702
"../../../Engine/Plugins/Runtime/Nvidia/GeForceNOWWrapper/GeForceNOWWrapper.uplugin" 703
"../../../Engine/Plugins/Experimental/Animation/TrajectoryTools/TrajectoryTools.uplugin" 704
"../../../Engine/Plugins/Experimental/VirtualProduction/VPSettings/VPSettings.uplugin" 705
"../../../Engine/Plugins/Runtime/XR/XRScribe/XRScribe.uplugin" 706
"../../../Engine/Plugins/Experimental/Compositing/CompositeCore/CompositeCore.uplugin" 707
"../../../Engine/Plugins/Animation/MLDeformer/VertexDeltaModel/VertexDeltaModel.uplugin" 708
"../../../Engine/Plugins/Experimental/VirtualProduction/LedWallCalibration/LedWallCalibration.uplugin" 709
"../../../Engine/Plugins/Interchange/Extensions/OpenVDB/InterchangeOpenVDB.uplugin" 710
"../../../Engine/Plugins/Runtime/Advertising/IOSTapJoy/IOSTapJoy.uplugin" 711
"../../../Engine/Plugins/Experimental/Animation/Optimus/Optimus.uplugin" 712
"../../../Engine/Plugins/Runtime/AR/Google/GoogleARCore/GoogleARCore.uplugin" 713
"../../../Engine/Plugins/Experimental/Animation/PackedAttributes/PackedAttributes.uplugin" 714
"../../../Engine/Plugins/Developer/Concert/ConcertApp/DisasterRecoveryClient/DisasterRecoveryClient.uplugin" 715
"../../../Engine/Plugins/Developer/Concert/ConcertApp/MultiUserServer/MultiUserServer.uplugin" 716
"../../../Engine/Plugins/Runtime/Database/SQLiteCore/SQLiteCore.uplugin" 717
"../../../Engine/Plugins/Experimental/Compositing/HoldoutComposite/HoldoutComposite.uplugin" 718
"../../../Engine/Plugins/Developer/Concert/ConcertMain/ConcertMain.uplugin" 719
"../../../Engine/Plugins/Developer/Concert/ConcertSync/ConcertSyncTest/ConcertSyncTest.uplugin" 720
"../../../Engine/Plugins/Developer/Concert/ConcertUI/ConcertClientSharedSlate/ConcertClientSharedSlate.uplugin" 721
"../../../Engine/Plugins/Developer/Concert/ConcertSync/ConcertSyncClient/ConcertSyncClient.uplugin" 722
"../../../Engine/Plugins/Developer/Concert/ConcertInsights/ConcertInsightsClient/ConcertInsightsClient.uplugin" 723
"../../../Engine/Plugins/Animation/MLDeformer/ChaosFleshGenerator/ChaosFleshGenerator.uplugin" 724
"../../../Engine/Plugins/Developer/Concert/ConcertSync/ConcertSyncCore/ConcertSyncCore.uplugin" 725
"../../../Engine/Plugins/Developer/Concert/ConcertInsights/ConcertInsightsCore/ConcertInsightsCore.uplugin" 726
"../../../Engine/Plugins/Developer/Concert/ConcertInsights/ConcertInsightsServer/ConcertInsightsServer.uplugin" 727
"../../../Engine/Plugins/Experimental/Animation/SkeletonTemplateFramework/SkeletonTemplateFramework.uplugin" 728
"../../../Engine/Plugins/Runtime/AR/AppleAR/AppleARKit/AppleARKit.uplugin" 729
"../../../Engine/Plugins/Experimental/Animation/SkeletalMeshMorphTargetEditingTools/SkeletalMeshMorphTargetEditingTools.uplugin" 730
"../../../Engine/Plugins/Runtime/AR/AppleAR/AppleARKitFaceSupport/AppleARKitFaceSupport.uplugin" 731
"../../../Engine/Plugins/Experimental/Animation/RigMapper/RigMapper.uplugin" 732
"../../../Engine/Plugins/Developer/Concert/ConcertSync/ConcertSyncServer/ConcertSyncServer.uplugin" 733
"../../../Engine/Plugins/Runtime/PacketHandlers/AESHandlerComponent/AESHandlerComponent.uplugin" 734
"../../../Engine/Plugins/Developer/Concert/ConcertApp/MultiUserClient/MultiUserClient.uplugin" 735
"../../../Engine/Plugins/Experimental/Animation/MotionTrajectory/MotionTrajectory.uplugin" 736
"../../../Engine/Plugins/Animation/MLDeformer/NearestNeighborModel/NearestNeighborModel.uplugin" 737
"../../../Engine/Plugins/Experimental/Animation/MLDeformer/DetailPoseModel/DetailPoseModel.uplugin" 738
"../../../Engine/Plugins/Editor/Localization/PortableObjectFileDataSource/PortableObjectFileDataSource.uplugin" 739
"../../../Engine/Plugins/Runtime/AR/Google/GoogleARCoreServices/GoogleARCoreServices.uplugin" 740
"../../../Engine/Plugins/Animation/MLDeformer/ChaosClothGenerator/ChaosClothGenerator.uplugin" 741
"../../../Engine/Plugins/Developer/Concert/ConcertUI/ConcertSharedSlate/ConcertSharedSlate.uplugin" 742
"../../../Engine/Plugins/Developer/Concert/ConcertScripting/ConcertReplicationScripting/ConcertReplicationScripting.uplugin" 743
"../../../Engine/Plugins/Developer/Concert/ConcertInsights/ConcertInsightsVisualizer/ConcertInsightsVisualizer.uplugin" 744
"../../../Engine/Plugins/Experimental/Animation/Locomotor/Locomotor.uplugin" 745
"../../../Engine/Platforms/Android/Plugins/RigLogic/RigLogic_Android.uplugin" 746
"../../../Engine/Platforms/Android/Plugins/Animation/ACLPlugin/ACLPlugin_Android.uplugin" 747
"../../../Engine/Platforms/IOS/Plugins/RigLogic/RigLogic_IOS.uplugin" 748
"../../../Engine/Content/Internationalization/icudt64l/cnvalias.icu" 749
"../../../Engine/Content/Internationalization/icudt64l/res_index.res" 750
"../../../Engine/Content/Internationalization/icudt64l/plurals.res" 751
"../../../Engine/Content/Internationalization/icudt64l/lang/en_GB.res" 752
"../../../Engine/Content/Internationalization/icudt64l/lang/pool.res" 753
"../../../Engine/Content/Internationalization/icudt64l/lang/en_001.res" 754
"../../../Engine/Content/Internationalization/icudt64l/lang/en.res" 755
"../../../Engine/Content/Internationalization/icudt64l/lang/root.res" 756
"../../../Engine/Content/Internationalization/icudt64l/region/en_GB.res" 757
"../../../Engine/Content/Internationalization/icudt64l/region/pool.res" 758
"../../../Engine/Content/Internationalization/icudt64l/region/en.res" 759
"../../../Engine/Content/Internationalization/icudt64l/region/root.res" 760
"../../../Engine/Content/Internationalization/icudt64l/windowsZones.res" 761
"../../../Engine/Content/Internationalization/icudt64l/zoneinfo64.res" 762
"../../../Engine/Content/Internationalization/icudt64l/keyTypeData.res" 763
"../../../Engine/Content/Internationalization/icudt64l/timezoneTypes.res" 764
"../../../Engine/Content/Internationalization/icudt64l/likelySubtags.res" 765
"../../../Engine/Content/Internationalization/icudt64l/en_GB.res" 766
"../../../Engine/Content/Internationalization/icudt64l/pool.res" 767
"../../../Engine/Content/Internationalization/icudt64l/en_001.res" 768
"../../../Engine/Content/Internationalization/icudt64l/en.res" 769
"../../../Engine/Content/Internationalization/icudt64l/root.res" 770
"../../../Engine/Content/Internationalization/icudt64l/supplementalData.res" 771
"../../../Engine/Config/ConfigRedirects.ini" 772
"C:/Users/darcy/AppData/Local/UnrealEngine/5.6/Saved/Config/WindowsEditor/Manifest.ini" 773
"../../../Engine/Config/BaseEngine.ini" 774
"../../../Engine/Config/Windows/BaseWindowsEngine.ini" 775
"../../../../../../Users/darcy/Documents/Unreal Projects/UnitB-Project/Config/DefaultEngine.ini" 776
"../../../Engine/Config/BaseGame.ini" 777
"../../../../../../Users/darcy/Documents/Unreal Projects/UnitB-Project/Config/DefaultGame.ini" 778
"../../../Engine/Config/Windows/WindowsGame.ini" 779
"C:/Users/darcy/Documents/Unreal Projects/UnitB-Project/Saved/Config/WindowsEditor/Game.ini" 780
"../../../Engine/Config/BaseInput.ini" 781
"../../../Engine/Config/Windows/BaseWindowsInput.ini" 782
"../../../../../../Users/darcy/Documents/Unreal Projects/UnitB-Project/Config/DefaultInput.ini" 783
"../../../Engine/Config/Windows/WindowsInput.ini" 784
"../../../Engine/Config/BaseDeviceProfiles.ini" 785
"../../../Engine/Config/BaseGameUserSettings.ini" 786
"C:/Users/darcy/Documents/Unreal Projects/UnitB-Project/Saved/Config/WindowsEditor/GameUserSettings.ini" 787
"../../../Engine/Config/BaseScalability.ini" 788
"../../../Engine/Config/BaseRuntimeOptions.ini" 789
"../../../Engine/Config/BaseInstallBundle.ini" 790
"../../../Engine/Config/BaseHardware.ini" 791
"../../../Engine/Config/BaseCompat.ini" 792
"../../../Engine/Config/BaseLightmass.ini" 793
"../../../Engine/Config/BaseEditor.ini" 794
"../../../../../../Users/darcy/Documents/Unreal Projects/UnitB-Project/Config/DefaultEditor.ini" 795
"C:/Users/darcy/Documents/Unreal Projects/UnitB-Project/Saved/Config/WindowsEditor/Editor.ini" 796
"../../../Engine/Config/BaseMaterialExpressions.ini" 797
"../../../Engine/Config/BaseEditorPerProjectUserSettings.ini" 798
"../../../../../../Users/darcy/Documents/Unreal Projects/UnitB-Project/Config/DefaultEditorPerProjectUserSettings.ini" 799
"../../../Engine/Config/Windows/WindowsEditorPerProjectUserSettings.ini" 800
"C:/Users/darcy/Documents/Unreal Projects/UnitB-Project/Saved/Config/WindowsEditor/EditorPerProjectUserSettings.ini" 801
"../../../Engine/Config/BaseEditorSettings.ini" 802
"../../../Engine/Config/Windows/WindowsEditorSettings.ini" 803
"C:/Users/darcy/AppData/Local/UnrealEngine/5.6/Saved/Config/WindowsEditor/EditorSettings.ini" 804
"../../../Engine/Config/BaseEditorKeyBindings.ini" 805
"C:/Users/darcy/AppData/Local/UnrealEngine/5.6/Saved/Config/WindowsEditor/EditorLayout.ini" 806
"../../../../../../Users/darcy/Documents/Unreal Projects/UnitB-Project/Binaries/Win64/UnitB.target" 807
"../../../Engine/Config/IOS/BaseIOSEngine.ini" 808
"../../../Engine/Config/Mac/BaseMacEngine.ini" 809
"../../../Engine/Config/Android/BaseAndroidEngine.ini" 810
"../../../Engine/Platforms/VisionOS/Config/BaseVisionOSEngine.ini" 811
"../../../Engine/Binaries/Win64/BootstrapPackagedGame-Win64-Shipping.target" 812
"../../../Engine/Binaries/Win64/BuildPatchTool-Win64-Shipping.target" 813
"../../../Engine/Binaries/Win64/CrashReportClient-Win64-Shipping.target" 814
"../../../Engine/Config/Linux/BaseLinuxEngine.ini" 815
"../../../Engine/Config/Android/AndroidEngine.ini" 816
"../../../Engine/Config/IOS/BaseIOSGame.ini" 817
"../../../Engine/Platforms/VisionOS/Config/VisionOSEngine.ini" 818
"../../../Engine/Binaries/Win64/CrashReportClientEditor-Win64-Shipping.target" 819
"../../../Engine/Config/IOS/IOSGame.ini" 820
"../../../Engine/Binaries/Win64/DatasmithCADWorker.target" 821
"../../../Engine/Binaries/Win64/EpicWebHelper-Win64-Shipping.target" 822
"../../../Engine/Binaries/Win64/InterchangeWorker.target" 823
"../../../Engine/Config/Unix/UnixEngine.ini" 824
"../../../Engine/Binaries/Win64/LiveCodingConsole.target" 825
"../../../Engine/Config/TVOS/TVOSEngine.ini" 826
"../../../Engine/Binaries/Win64/LiveLinkHub.target" 827
"../../../Engine/Config/Linux/LinuxEngine.ini" 828
"../../../Engine/Config/Android/BaseAndroidGame.ini" 829
"../../../Engine/Config/IOS/BaseIOSInput.ini" 830
"../../../Engine/Config/Mac/MacGame.ini" 831
"../../../Engine/Config/Mac/BaseMacInput.ini" 832
"../../../Engine/Config/Android/BaseAndroidInput.ini" 833
"../../../Engine/Config/Linux/LinuxGame.ini" 834
"../../../Engine/Config/IOS/IOSScalability.ini" 835
"../../../Engine/Config/Android/AndroidScalability.ini" 836
"../../../Engine/Config/IOS/BaseIOSInstallBundle.ini" 837
"../../../Engine/Config/Android/BaseAndroidInstallBundle.ini" 838
"../../../Engine/Binaries/Win64/ShaderCompileWorker.target" 839
"../../../Engine/Binaries/Win64/SwitchboardListener.target" 840
"../../../Engine/Binaries/Win64/SwitchboardListenerHelper.target" 841
"../../../Engine/Binaries/Win64/UnrealEditor-Win64-DebugGame.target" 842
"../../../Engine/Binaries/Win64/UnrealEditor.target" 843
"../../../Engine/Config/PluginBase.ini" 844
"../../../Engine/Plugins/ChaosVD/Config/DefaultChaosVD.ini" 845
"../../../Engine/Plugins/EnhancedInput/Config/BaseEnhancedInput.ini" 846
"../../../Engine/Plugins/Fab/Config/BaseFab.ini" 847
"../../../Engine/Plugins/TraceUtilities/Config/BaseTraceUtilities.ini" 848
"../../../Engine/Plugins/Enterprise/DatasmithContent/Config/BaseDatasmithContent.ini" 849
"../../../Engine/Plugins/Enterprise/GLTFExporter/Config/BaseGLTFExporter.ini" 850
"../../../Engine/Plugins/Enterprise/GLTFExporter/Config/DefaultGLTFExporter.ini" 851
"../../../Engine/Plugins/Enterprise/VariantManagerContent/Config/BaseVariantManagerContent.ini" 852
"../../../Engine/Plugins/FX/Niagara/Config/BaseNiagara.ini" 853
"../../../Engine/Plugins/Runtime/GameplayStateTree/Config/BaseGameplayStateTree.ini" 854
"../../../Engine/Plugins/Runtime/HairStrands/Config/BaseHairStrands.ini" 855
"../../../Engine/Plugins/Runtime/Metasound/Config/BaseMetasound.ini" 856
"../../../Engine/Plugins/Runtime/Metasound/Config/DefaultMetasound.ini" 857
"../../../Engine/Plugins/Runtime/PropertyBindingUtils/Config/BasePropertyBindingUtils.ini" 858
"../../../Engine/Plugins/Runtime/RigVM/Config/BaseRigVM.ini" 859
"../../../Engine/Plugins/Runtime/StateTree/Config/BaseStateTree.ini" 860
"../../../Engine/Plugins/Runtime/Synthesis/Config/BaseSynthesis.ini" 861
"../../../Engine/Plugins/VirtualProduction/CameraCalibrationCore/Config/BaseCameraCalibrationCore.ini" 862
"../../../Engine/Plugins/VirtualProduction/Takes/Config/BaseTakes.ini" 863
"../../../Engine/Plugins/2D/Paper2D/Config/BasePaper2D.ini" 864
"../../../Engine/Plugins/Animation/ControlRig/Config/BaseControlRig.ini" 865
"../../../Engine/Plugins/Animation/IKRig/Config/BaseIKRig.ini" 866
"../../../Engine/Plugins/Animation/DeformerGraph/Config/BaseDeformerGraph.ini" 867
"../../../Engine/Plugins/Cameras/GameplayCameras/Config/BaseGameplayCameras.ini" 868
"../../../Engine/Plugins/Editor/EditorScriptingUtilities/Config/BaseEditorScriptingUtilities.ini" 869
"../../../Engine/Plugins/Experimental/FullBodyIK/Config/BaseFullBodyIK.ini" 870
"../../../Engine/Plugins/Experimental/ToolPresets/Config/BaseToolPresets.ini" 871
"../../../Engine/Plugins/Interchange/Runtime/Config/BaseInterchange.ini" 872
"../../../Engine/Plugins/Interchange/Assets/Config/BaseInterchangeAssets.ini" 873
"../../../Engine/Plugins/MetaHuman/MetaHumanSDK/Config/BaseMetaHumanSDK.ini" 874
"../../../Engine/Plugins/Experimental/Compositing/CompositeCore/Config/BaseCompositeCore.ini" 875
"../../../Engine/Plugins/ChaosVD/Config/Engine.ini" 876
"../../../Engine/Plugins/EnhancedInput/Config/Input.ini" 877
"../../../Engine/Plugins/Runtime/InputDebugging/Config/Input.ini" 878
"../../../Engine/Plugins/Runtime/Windows/XInputDevice/Config/Input.ini" 879
"../../../Engine/Plugins/NNE/NNEDenoiser/Config/Game.ini" 880
"../../../Engine/Plugins/Runtime/RigVM/Config/Editor.ini" 881
"../../../Engine/Plugins/Online/OnlineSubsystemUtils/Config/Editor.ini" 882
"../../../Engine/Plugins/Editor/ModelingToolsEditorMode/Binaries/Win64/UnrealEditor.modules" 883
"../../../Engine/Plugins/Runtime/MeshModelingToolset/Binaries/Win64/UnrealEditor.modules" 884
"../../../Engine/Plugins/Experimental/MeshModelingToolsetExp/Binaries/Win64/UnrealEditor.modules" 885
"../../../Engine/Plugins/Editor/MeshLODToolset/Binaries/Win64/UnrealEditor.modules" 886
"../../../Engine/Plugins/Experimental/ToolPresets/Binaries/Win64/UnrealEditor.modules" 887
"../../../Engine/Plugins/Editor/StylusInput/Binaries/Win64/UnrealEditor.modules" 888
"../../../Engine/Plugins/Runtime/GeometryProcessing/Binaries/Win64/UnrealEditor.modules" 889
"../../../Engine/Plugins/Editor/ProxyLODPlugin/Binaries/Win64/UnrealEditor.modules" 890
"../../../Engine/Plugins/Experimental/PlanarCutPlugin/Binaries/Win64/UnrealEditor.modules" 891
"../../../Engine/Plugins/Runtime/GeometryCache/Binaries/Win64/UnrealEditor.modules" 892
"../../../Engine/Plugins/Experimental/GeometryFlow/Binaries/Win64/UnrealEditor.modules" 893
"../../../Engine/Plugins/Editor/EditorScriptingUtilities/Binaries/Win64/UnrealEditor.modules" 894
"../../../Engine/Plugins/FX/Niagara/Binaries/Win64/UnrealEditor.modules" 895
"../../../Engine/Plugins/Experimental/PythonScriptPlugin/Binaries/Win64/UnrealEditor.modules" 896
"../../../Engine/Plugins/Editor/ContentBrowser/ContentBrowserFileDataSource/Binaries/Win64/UnrealEditor.modules" 897
"../../../Engine/Plugins/Runtime/GameplayStateTree/Binaries/Win64/UnrealEditor.modules" 898
"../../../Engine/Plugins/Runtime/StateTree/Binaries/Win64/UnrealEditor.modules" 899
"../../../Engine/Plugins/Animation/GameplayInsights/Binaries/Win64/UnrealEditor.modules" 900
"../../../Engine/Plugins/Runtime/PropertyAccess/Binaries/Win64/UnrealEditor.modules" 901
"../../../Engine/Plugins/Runtime/PropertyBindingUtils/Binaries/Win64/UnrealEditor.modules" 902
"../../../Engine/Plugins/Bridge/Binaries/Win64/UnrealEditor.modules" 903
"../../../Engine/Plugins/MetaHuman/MetaHumanSDK/Binaries/Win64/UnrealEditor.modules" 904
"../../../Engine/Plugins/Animation/ControlRig/Binaries/Win64/UnrealEditor.modules" 905
"../../../Engine/Plugins/Runtime/HairStrands/Binaries/Win64/UnrealEditor.modules" 906
"../../../Engine/Plugins/Animation/RigLogic/Binaries/Win64/UnrealEditor.modules" 907
"../../../Engine/Plugins/Online/EOSShared/Binaries/Win64/UnrealEditor.modules" 908
"../../../Engine/Plugins/Runtime/RigVM/Binaries/Win64/UnrealEditor.modules" 909
"../../../Engine/Plugins/MovieScene/LevelSequenceEditor/Binaries/Win64/UnrealEditor.modules" 910
"../../../Engine/Plugins/MovieScene/SequencerScripting/Binaries/Win64/UnrealEditor.modules" 911
"../../../Engine/Plugins/Animation/TweeningUtils/Binaries/Win64/UnrealEditor.modules" 912
"../../../Engine/Plugins/Animation/DeformerGraph/Binaries/Win64/UnrealEditor.modules" 913
"../../../Engine/Plugins/Experimental/Dataflow/Binaries/Win64/UnrealEditor.modules" 914
"../../../Engine/Plugins/Runtime/ComputeFramework/Binaries/Win64/UnrealEditor.modules" 915
"../../../Engine/Plugins/Experimental/CharacterFXEditor/BaseCharacterFXEditor/Binaries/Win64/UnrealEditor.modules" 916
"../../../Engine/Plugins/Runtime/ProceduralMeshComponent/Binaries/Win64/UnrealEditor.modules" 917
"../../../Engine/Plugins/Experimental/ChaosCaching/Binaries/Win64/UnrealEditor.modules" 918
"../../../Engine/Plugins/Experimental/EditorDataStorage/Binaries/Win64/UnrealEditor.modules" 919
"../../../Engine/Plugins/Experimental/EditorDataStorageFeatures/Binaries/Win64/UnrealEditor.modules" 920
"../../../Engine/Plugins/VirtualProduction/Takes/Binaries/Win64/UnrealEditor.modules" 921
"../../../Engine/Plugins/Runtime/AudioCapture/Binaries/Win64/UnrealEditor.modules" 922
"../../../Engine/Plugins/Developer/NamingTokens/Binaries/Win64/UnrealEditor.modules" 923
"../../../Engine/Plugins/Editor/EngineAssetDefinitions/Binaries/Win64/UnrealEditor.modules" 924
"../../../Engine/Plugins/ChaosCloth/Binaries/Win64/UnrealEditor.modules" 925
"../../../Engine/Plugins/ChaosInsights/Binaries/Win64/UnrealEditor.modules" 926
"../../../Engine/Plugins/ChaosVD/Binaries/Win64/UnrealEditor.modules" 927
"../../../Engine/Plugins/CmdLinkServer/Binaries/Win64/UnrealEditor.modules" 928
"../../../Engine/Plugins/EnhancedInput/Binaries/Win64/UnrealEditor.modules" 929
"../../../Engine/Plugins/Editor/DataValidation/Binaries/Win64/UnrealEditor.modules" 930
"../../../Engine/Plugins/Fab/Binaries/Win64/UnrealEditor.modules" 931
"../../../Engine/Plugins/Interchange/Runtime/Binaries/Win64/UnrealEditor.modules" 932
"../../../Engine/Plugins/Enterprise/VariantManagerContent/Binaries/Win64/UnrealEditor.modules" 933
"../../../Engine/Plugins/Enterprise/VariantManager/Binaries/Win64/UnrealEditor.modules" 934
"../../../Engine/Plugins/Interchange/Assets/Binaries/Win64/UnrealEditor.modules" 935
"../../../Engine/Plugins/FastBuildController/Binaries/Win64/UnrealEditor.modules" 936
"../../../Engine/Plugins/IoStoreInsights/Binaries/Win64/UnrealEditor.modules" 937
"../../../Engine/Plugins/MassInsights/Binaries/Win64/UnrealEditor.modules" 938
"../../../Engine/Plugins/MeshPainting/Binaries/Win64/UnrealEditor.modules" 939
"../../../Engine/Plugins/Interchange/Editor/Binaries/Win64/UnrealEditor.modules" 940
"../../../Engine/Plugins/RenderGraphInsights/Binaries/Win64/UnrealEditor.modules" 941
"../../../Engine/Plugins/TraceUtilities/Binaries/Win64/UnrealEditor.modules" 942
"../../../Engine/Plugins/UbaController/Binaries/Win64/UnrealEditor.modules" 943
"../../../Engine/Plugins/WorldMetrics/Binaries/Win64/UnrealEditor.modules" 944
"../../../Engine/Plugins/XGEController/Binaries/Win64/UnrealEditor.modules" 945
"../../../Engine/Plugins/Enterprise/DatasmithContent/Binaries/Win64/UnrealEditor.modules" 946
"../../../Engine/Plugins/Enterprise/GLTFExporter/Binaries/Win64/UnrealEditor.modules" 947
"../../../Engine/Plugins/FX/Cascade/Binaries/Win64/UnrealEditor.modules" 948
"../../../Engine/Plugins/FX/NiagaraSimCaching/Binaries/Win64/UnrealEditor.modules" 949
"../../../Engine/Plugins/Importers/AlembicImporter/Binaries/Win64/UnrealEditor.modules" 950
"../../../Engine/Plugins/Messaging/TcpMessaging/Binaries/Win64/UnrealEditor.modules" 951
"../../../Engine/Plugins/Messaging/UdpMessaging/Binaries/Win64/UnrealEditor.modules" 952
"../../../Engine/Plugins/NNE/NNEDenoiser/Binaries/Win64/UnrealEditor.modules" 953
"../../../Engine/Plugins/NNE/NNERuntimeORT/Binaries/Win64/UnrealEditor.modules" 954
"../../../Engine/Plugins/Portal/LauncherChunkInstaller/Binaries/Win64/UnrealEditor.modules" 955
"../../../Engine/Plugins/Runtime/ActorLayerUtilities/Binaries/Win64/UnrealEditor.modules" 956
"../../../Engine/Plugins/Runtime/AndroidDeviceProfileSelector/Binaries/Win64/UnrealEditor.modules" 957
"../../../Engine/Plugins/Runtime/AndroidFileServer/Binaries/Win64/UnrealEditor.modules" 958
"../../../Engine/Plugins/Runtime/AndroidPermission/Binaries/Win64/UnrealEditor.modules" 959
"../../../Engine/Plugins/Runtime/AppleImageUtils/Binaries/Win64/UnrealEditor.modules" 960
"../../../Engine/Plugins/Runtime/ArchVisCharacter/Binaries/Win64/UnrealEditor.modules" 961
"../../../Engine/Plugins/Runtime/AssetTags/Binaries/Win64/UnrealEditor.modules" 962
"../../../Engine/Plugins/Runtime/CableComponent/Binaries/Win64/UnrealEditor.modules" 963
"../../../Engine/Plugins/Runtime/ChunkDownloader/Binaries/Win64/UnrealEditor.modules" 964
"../../../Engine/Plugins/Runtime/CustomMeshComponent/Binaries/Win64/UnrealEditor.modules" 965
"../../../Engine/Plugins/Runtime/ExampleDeviceProfileSelector/Binaries/Win64/UnrealEditor.modules" 966
"../../../Engine/Plugins/Runtime/GooglePAD/Binaries/Win64/UnrealEditor.modules" 967
"../../../Engine/Plugins/Runtime/InputDebugging/Binaries/Win64/UnrealEditor.modules" 968
"../../../Engine/Plugins/Runtime/LocationServicesBPLibrary/Binaries/Win64/UnrealEditor.modules" 969
"../../../Engine/Plugins/Runtime/Metasound/Binaries/Win64/UnrealEditor.modules" 970
"../../../Engine/Plugins/Runtime/AudioWidgets/Binaries/Win64/UnrealEditor.modules" 971
"../../../Engine/Plugins/Runtime/AudioSynesthesia/Binaries/Win64/UnrealEditor.modules" 972
"../../../Engine/Plugins/Editor/ContentBrowser/ContentBrowserAssetDataSource/Binaries/Win64/UnrealEditor.modules" 973
"../../../Engine/Plugins/Runtime/WaveTable/Binaries/Win64/UnrealEditor.modules" 974
"../../../Engine/Plugins/Runtime/MobilePatchingUtils/Binaries/Win64/UnrealEditor.modules" 975
"../../../Engine/Plugins/Runtime/MsQuic/Binaries/Win64/UnrealEditor.modules" 976
"../../../Engine/Plugins/Runtime/ResonanceAudio/Binaries/Win64/UnrealEditor.modules" 977
"../../../Engine/Plugins/Runtime/SoundFields/Binaries/Win64/UnrealEditor.modules" 978
"../../../Engine/Plugins/Runtime/Synthesis/Binaries/Win64/UnrealEditor.modules" 979
"../../../Engine/Plugins/Runtime/WebMMoviePlayer/Binaries/Win64/UnrealEditor.modules" 980
"../../../Engine/Plugins/Media/WebMMedia/Binaries/Win64/UnrealEditor.modules" 981
"../../../Engine/Plugins/Runtime/WindowsDeviceProfileSelector/Binaries/Win64/UnrealEditor.modules" 982
"../../../Engine/Plugins/Runtime/WindowsMoviePlayer/Binaries/Win64/UnrealEditor.modules" 983
"../../../Engine/Plugins/Media/AndroidMedia/Binaries/Win64/UnrealEditor.modules" 984
"../../../Engine/Plugins/Media/AvfMedia/Binaries/Win64/UnrealEditor.modules" 985
"../../../Engine/Plugins/Media/ImgMedia/Binaries/Win64/UnrealEditor.modules" 986
"../../../Engine/Plugins/Media/MediaPlayerEditor/Binaries/Win64/UnrealEditor.modules" 987
"../../../Engine/Plugins/Media/MediaCompositing/Binaries/Win64/UnrealEditor.modules" 988
"../../../Engine/Plugins/Media/MediaPlate/Binaries/Win64/UnrealEditor.modules" 989
"../../../Engine/Plugins/Experimental/Compositing/CompositeCore/Binaries/Win64/UnrealEditor.modules" 990
"../../../Engine/Plugins/Media/WmfMedia/Binaries/Win64/UnrealEditor.modules" 991
"../../../Engine/Plugins/MovieScene/ActorSequence/Binaries/Win64/UnrealEditor.modules" 992
"../../../Engine/Plugins/Online/OnlineBase/Binaries/Win64/UnrealEditor.modules" 993
"../../../Engine/Plugins/Online/OnlineSubsystem/Binaries/Win64/UnrealEditor.modules" 994
"../../../Engine/Plugins/Online/OnlineSubsystemNull/Binaries/Win64/UnrealEditor.modules" 995
"../../../Engine/Plugins/Online/OnlineSubsystemUtils/Binaries/Win64/UnrealEditor.modules" 996
"../../../Engine/Plugins/Online/OnlineServices/Binaries/Win64/UnrealEditor.modules" 997
"../../../Engine/Plugins/AI/AISupport/Binaries/Win64/UnrealEditor.modules" 998
"../../../Engine/Plugins/2D/Paper2D/Binaries/Win64/UnrealEditor.modules" 999
"../../../Engine/Plugins/AI/EnvironmentQueryEditor/Binaries/Win64/UnrealEditor.modules" 1000
"../../../Engine/Plugins/Animation/AnimationData/Binaries/Win64/UnrealEditor.modules" 1001
"../../../Engine/Plugins/Animation/ACLPlugin/Binaries/Win64/UnrealEditor.modules" 1002
"../../../Engine/Plugins/Animation/BlendSpaceMotionAnalysis/Binaries/Win64/UnrealEditor.modules" 1003
"../../../Engine/Plugins/Animation/ControlRigSpline/Binaries/Win64/UnrealEditor.modules" 1004
"../../../Engine/Plugins/Animation/AnimationModifierLibrary/Binaries/Win64/UnrealEditor.modules" 1005
"../../../Engine/Plugins/Animation/IKRig/Binaries/Win64/UnrealEditor.modules" 1006
"../../../Engine/Plugins/Experimental/FullBodyIK/Binaries/Win64/UnrealEditor.modules" 1007
"../../../Engine/Plugins/Animation/SkeletalMeshModelingTools/Binaries/Win64/UnrealEditor.modules" 1008
"../../../Engine/Plugins/Cameras/CameraShakePreviewer/Binaries/Win64/UnrealEditor.modules" 1009
"../../../Engine/Plugins/Cameras/GameplayCameras/Binaries/Win64/UnrealEditor.modules" 1010
"../../../Engine/Plugins/VirtualProduction/CameraCalibrationCore/Binaries/Win64/UnrealEditor.modules" 1011
"../../../Engine/Plugins/MovieScene/TemplateSequence/Binaries/Win64/UnrealEditor.modules" 1012
"../../../Engine/Plugins/Compression/OodleNetwork/Binaries/Win64/UnrealEditor.modules" 1013
"../../../Engine/Plugins/Developer/AnimationSharing/Binaries/Win64/UnrealEditor.modules" 1014
"../../../Engine/Plugins/Runtime/SignificanceManager/Binaries/Win64/UnrealEditor.modules" 1015
"../../../Engine/Plugins/Developer/CLionSourceCodeAccess/Binaries/Win64/UnrealEditor.modules" 1016
"../../../Engine/Plugins/Cameras/EngineCameras/Binaries/Win64/UnrealEditor.modules" 1017
"../../../Engine/Plugins/Developer/GitSourceControl/Binaries/Win64/UnrealEditor.modules" 1018
"../../../Engine/Plugins/Developer/PerforceSourceControl/Binaries/Win64/UnrealEditor.modules" 1019
"../../../Engine/Plugins/Developer/PixWinPlugin/Binaries/Win64/UnrealEditor.modules" 1020
"../../../Engine/Plugins/Developer/DumpGPUServices/Binaries/Win64/UnrealEditor.modules" 1021
"../../../Engine/Plugins/Developer/PlasticSourceControl/Binaries/Win64/UnrealEditor.modules" 1022
"../../../Engine/Plugins/Developer/PluginUtils/Binaries/Win64/UnrealEditor.modules" 1023
"../../../Engine/Plugins/Developer/ProjectLauncher/Binaries/Win64/UnrealEditor.modules" 1024
"../../../Engine/Plugins/Developer/PropertyAccessNode/Binaries/Win64/UnrealEditor.modules" 1025
"../../../Engine/Plugins/Developer/RenderDocPlugin/Binaries/Win64/UnrealEditor.modules" 1026
"../../../Engine/Plugins/Developer/N10XSourceCodeAccess/Binaries/Win64/UnrealEditor.modules" 1027
"../../../Engine/Plugins/Developer/RiderSourceCodeAccess/Binaries/Win64/UnrealEditor.modules" 1028
"../../../Engine/Plugins/Developer/SubversionSourceControl/Binaries/Win64/UnrealEditor.modules" 1029
"../../../Engine/Plugins/Developer/UObjectPlugin/Binaries/Win64/UnrealEditor.modules" 1030
"../../../Engine/Plugins/Developer/VisualStudioCodeSourceCodeAccess/Binaries/Win64/UnrealEditor.modules" 1031
"../../../Engine/Plugins/Developer/VisualStudioSourceCodeAccess/Binaries/Win64/UnrealEditor.modules" 1032
"../../../Engine/Plugins/Editor/AssetManagerEditor/Binaries/Win64/UnrealEditor.modules" 1033
"../../../Engine/Plugins/Developer/TextureFormatOodle/Binaries/Win64/UnrealEditor.modules" 1034
"../../../Engine/Plugins/Editor/BlueprintHeaderView/Binaries/Win64/UnrealEditor.modules" 1035
"../../../Engine/Plugins/Editor/ChangelistReview/Binaries/Win64/UnrealEditor.modules" 1036
"../../../Engine/Plugins/Editor/ColorGrading/Binaries/Win64/UnrealEditor.modules" 1037
"../../../Engine/Plugins/Editor/ObjectMixer/ObjectMixer/Binaries/Win64/UnrealEditor.modules" 1038
"../../../Engine/Plugins/Editor/CryptoKeys/Binaries/Win64/UnrealEditor.modules" 1039
"../../../Engine/Plugins/Editor/CurveEditorTools/Binaries/Win64/UnrealEditor.modules" 1040
"../../../Engine/Plugins/Editor/GameplayTagsEditor/Binaries/Win64/UnrealEditor.modules" 1041
"../../../Engine/Plugins/Editor/FacialAnimation/Binaries/Win64/UnrealEditor.modules" 1042
"../../../Engine/Plugins/Editor/GeometryMode/Binaries/Win64/UnrealEditor.modules" 1043
"../../../Engine/Plugins/Editor/EditorDebugTools/Binaries/Win64/UnrealEditor.modules" 1044
"../../../Engine/Plugins/Editor/MaterialAnalyzer/Binaries/Win64/UnrealEditor.modules" 1045
"../../../Engine/Plugins/Editor/MobileLauncherProfileWizard/Binaries/Win64/UnrealEditor.modules" 1046
"../../../Engine/Plugins/Editor/SequencerAnimTools/Binaries/Win64/UnrealEditor.modules" 1047
"../../../Engine/Plugins/Editor/PluginBrowser/Binaries/Win64/UnrealEditor.modules" 1048
"../../../Engine/Plugins/Editor/SpeedTreeImporter/Binaries/Win64/UnrealEditor.modules" 1049
"../../../Engine/Plugins/Editor/UMGWidgetPreview/Binaries/Win64/UnrealEditor.modules" 1050
"../../../Engine/Plugins/Editor/UVEditor/Binaries/Win64/UnrealEditor.modules" 1051
"../../../Engine/Plugins/Editor/WorldPartitionHLODUtilities/Binaries/Win64/UnrealEditor.modules" 1052
"../../../Engine/Plugins/Experimental/AdvancedRenamer/Binaries/Win64/UnrealEditor.modules" 1053
"../../../Engine/Plugins/Experimental/AutomationUtils/Binaries/Win64/UnrealEditor.modules" 1054
"../../../Engine/Plugins/Experimental/BackChannel/Binaries/Win64/UnrealEditor.modules" 1055
"../../../Engine/Plugins/Experimental/ChaosNiagara/Binaries/Win64/UnrealEditor.modules" 1056
"../../../Engine/Plugins/Experimental/ChaosSolverPlugin/Binaries/Win64/UnrealEditor.modules" 1057
"../../../Engine/Plugins/Experimental/ChaosEditor/Binaries/Win64/UnrealEditor.modules" 1058
"../../../Engine/Plugins/Experimental/GeometryCollectionPlugin/Binaries/Win64/UnrealEditor.modules" 1059
"../../../Engine/Plugins/Experimental/Fracture/Binaries/Win64/UnrealEditor.modules" 1060
"../../../Engine/Plugins/Experimental/GeometryDataflow/Binaries/Win64/UnrealEditor.modules" 1061
"../../../Engine/Plugins/Experimental/ChaosUserDataPT/Binaries/Win64/UnrealEditor.modules" 1062
"../../../Engine/Plugins/Experimental/CharacterAI/Binaries/Win64/UnrealEditor.modules" 1063
"../../../Engine/Plugins/Experimental/EditorPerformance/Binaries/Win64/UnrealEditor.modules" 1064
"../../../Engine/Plugins/Experimental/EditorTelemetry/Binaries/Win64/UnrealEditor.modules" 1065
"../../../Engine/Plugins/Experimental/LevelSequenceNavigatorBridge/Binaries/Win64/UnrealEditor.modules" 1066
"../../../Engine/Plugins/Experimental/SequenceNavigator/Binaries/Win64/UnrealEditor.modules" 1067
"../../../Engine/Plugins/Experimental/LocalizableMessage/Binaries/Win64/UnrealEditor.modules" 1068
"../../../Engine/Plugins/Experimental/NFORDenoise/Binaries/Win64/UnrealEditor.modules" 1069
"../../../Engine/Plugins/Experimental/PlatformCrypto/Binaries/Win64/UnrealEditor.modules" 1070
"../../../Engine/Plugins/Experimental/RuntimeTelemetry/Binaries/Win64/UnrealEditor.modules" 1071
"../../../Engine/Plugins/Experimental/SkeletalReduction/Binaries/Win64/UnrealEditor.modules" 1072
"../../../Engine/Plugins/Tests/InterchangeTests/Binaries/Win64/UnrealEditor.modules" 1073
"../../../Engine/Plugins/Runtime/Windows/XInputDevice/Binaries/Win64/UnrealEditor.modules" 1074
"../../../Engine/Plugins/Editor/ContentBrowser/ContentBrowserClassDataSource/Binaries/Win64/UnrealEditor.modules" 1075
"../../../Engine/Plugins/Editor/ObjectMixer/LightMixer/Binaries/Win64/UnrealEditor.modules" 1076
"../../../Engine/Plugins/Editor/Localization/PortableObjectFileDataSource/Binaries/Win64/UnrealEditor.modules" 1077
"../../../Engine/Config/BaseSourceControlSettings.ini" 1078
"C:/Users/darcy/AppData/Local/UnrealEngine/5.6/Saved/Config/WindowsEditor/SourceControlSettings.ini" 1079
"../../../Engine/Content/Internationalization/icudt64l/coll/ucadata.icu" 1080
"../../../Engine/Content/Internationalization/icudt64l/coll/en.res" 1081
"../../../Engine/Content/Internationalization/icudt64l/coll/root.res" 1082
"../../../Engine/Content/Certificates/ThirdParty/cacert.pem" 1083
"../../../Engine/Config/ConsoleVariables.ini" 1084
"../../../Engine/Binaries/Win64/Android/UnrealEditor.modules" 1085
"../../../Engine/Binaries/Win64/IOS/UnrealEditor.modules" 1086
"../../../Engine/Binaries/Win64/Linux/UnrealEditor.modules" 1087
"../../../Engine/Content/Localization/Editor/en/Editor.locres" 1088
"../../../Engine/Content/Localization/EditorTutorials/en/EditorTutorials.locres" 1089
"../../../Engine/Content/Localization/Keywords/en/Keywords.locres" 1090
"../../../Engine/Content/Localization/Category/en/Category.locres" 1091
"../../../Engine/Content/Localization/ToolTips/en/ToolTips.locres" 1092
"../../../Engine/Content/Localization/PropertyNames/en/PropertyNames.locres" 1093
"../../../Engine/Content/Localization/Engine/en/Engine.locres" 1094
"../../../Engine/Plugins/Online/OnlineSubsystem/Content/Localization/OnlineSubsystem/en/OnlineSubsystem.locres" 1095
"../../../Engine/Plugins/Online/OnlineSubsystemUtils/Content/Localization/OnlineSubsystemUtils/en/OnlineSubsystemUtils.locres" 1096
"../../../Engine/Plugins/MetaHuman/MetaHumanSDK/Content/Localization/MetaHumanSDK/en/MetaHumanSDK.locres" 1097
"../../../Engine/Plugins/Online/IOS/OnlineSubsystemIOS/Content/Localization/OnlineSubsystemIOS/en/OnlineSubsystemIOS.locres" 1098
"../../../Engine/Plugins/Online/Android/OnlineSubsystemGooglePlay/Content/Localization/OnlineSubsystemGooglePlay/en/OnlineSubsystemGooglePlay.locres" 1099
"../../../Engine/Content/Internationalization/icudt64l/numberingSystems.res" 1100
"../../../Engine/Content/Internationalization/icudt64l/curr/supplementalData.res" 1101
"../../../Engine/Content/Internationalization/icudt64l/curr/en_GB.res" 1102
"../../../Engine/Content/Internationalization/icudt64l/curr/pool.res" 1103
"../../../Engine/Content/Internationalization/icudt64l/curr/en_001.res" 1104
"../../../Engine/Content/Internationalization/icudt64l/curr/en.res" 1105
"../../../Engine/Content/Internationalization/icudt64l/curr/root.res" 1106
"../../../Engine/Content/Internationalization/icudt64l/lang/af.res" 1107
"../../../Engine/Content/Internationalization/icudt64l/region/af.res" 1108
"../../../Engine/Content/Internationalization/icudt64l/lang/agq.res" 1109
"../../../Engine/Content/Internationalization/icudt64l/region/agq.res" 1110
"../../../Engine/Content/Internationalization/icudt64l/lang/ak.res" 1111
"../../../Engine/Content/Internationalization/icudt64l/region/ak.res" 1112
"../../../Engine/Content/Internationalization/icudt64l/lang/am.res" 1113
"../../../Engine/Content/Internationalization/icudt64l/region/am.res" 1114
"../../../Engine/Content/Internationalization/icudt64l/lang/ar.res" 1115
"../../../Engine/Content/Internationalization/icudt64l/region/ar.res" 1116
"../../../Engine/Content/Internationalization/icudt64l/region/ar_AE.res" 1117
"../../../Engine/Content/Internationalization/icudt64l/lang/ar_EG.res" 1118
"../../../Engine/Content/Internationalization/icudt64l/lang/ar_LY.res" 1119
"../../../Engine/Content/Internationalization/icudt64l/region/ar_LY.res" 1120
"../../../Engine/Content/Internationalization/icudt64l/lang/ar_SA.res" 1121
"../../../Engine/Content/Internationalization/icudt64l/region/ar_SA.res" 1122
"../../../Engine/Content/Internationalization/icudt64l/lang/as.res" 1123
"../../../Engine/Content/Internationalization/icudt64l/region/as.res" 1124
"../../../Engine/Content/Internationalization/icudt64l/lang/asa.res" 1125
"../../../Engine/Content/Internationalization/icudt64l/region/asa.res" 1126
"../../../Engine/Content/Internationalization/icudt64l/lang/ast.res" 1127
"../../../Engine/Content/Internationalization/icudt64l/region/ast.res" 1128
"../../../Engine/Content/Internationalization/icudt64l/lang/az.res" 1129
"../../../Engine/Content/Internationalization/icudt64l/lang/az_Cyrl.res" 1130
"../../../Engine/Content/Internationalization/icudt64l/lang/az_AZ.res" 1131
"../../../Engine/Content/Internationalization/icudt64l/lang/az_Latn_AZ.res" 1132
"../../../Engine/Content/Internationalization/icudt64l/lang/az_Latn.res" 1133
"../../../Engine/Content/Internationalization/icudt64l/region/az_AZ.res" 1134
"../../../Engine/Content/Internationalization/icudt64l/region/az_Latn_AZ.res" 1135
"../../../Engine/Content/Internationalization/icudt64l/region/az_Latn.res" 1136
"../../../Engine/Content/Internationalization/icudt64l/region/az.res" 1137
"../../../Engine/Content/Internationalization/icudt64l/region/az_Cyrl.res" 1138
"../../../Engine/Content/Internationalization/icudt64l/lang/bas.res" 1139
"../../../Engine/Content/Internationalization/icudt64l/region/bas.res" 1140
"../../../Engine/Content/Internationalization/icudt64l/lang/be.res" 1141
"../../../Engine/Content/Internationalization/icudt64l/region/be.res" 1142
"../../../Engine/Content/Internationalization/icudt64l/lang/bem.res" 1143
"../../../Engine/Content/Internationalization/icudt64l/region/bem.res" 1144
"../../../Engine/Content/Internationalization/icudt64l/lang/bez.res" 1145
"../../../Engine/Content/Internationalization/icudt64l/region/bez.res" 1146
"../../../Engine/Content/Internationalization/icudt64l/lang/bg.res" 1147
"../../../Engine/Content/Internationalization/icudt64l/region/bg.res" 1148
"../../../Engine/Content/Internationalization/icudt64l/lang/bm.res" 1149
"../../../Engine/Content/Internationalization/icudt64l/region/bm.res" 1150
"../../../Engine/Content/Internationalization/icudt64l/lang/bn.res" 1151
"../../../Engine/Content/Internationalization/icudt64l/region/bn.res" 1152
"../../../Engine/Content/Internationalization/icudt64l/lang/bn_IN.res" 1153
"../../../Engine/Content/Internationalization/icudt64l/region/bn_IN.res" 1154
"../../../Engine/Content/Internationalization/icudt64l/lang/bo.res" 1155
"../../../Engine/Content/Internationalization/icudt64l/region/bo.res" 1156
"../../../Engine/Content/Internationalization/icudt64l/region/bo_IN.res" 1157
"../../../Engine/Content/Internationalization/icudt64l/lang/br.res" 1158
"../../../Engine/Content/Internationalization/icudt64l/region/br.res" 1159
"../../../Engine/Content/Internationalization/icudt64l/lang/brx.res" 1160
"../../../Engine/Content/Internationalization/icudt64l/region/brx.res" 1161
"../../../Engine/Content/Internationalization/icudt64l/lang/bs.res" 1162
"../../../Engine/Content/Internationalization/icudt64l/lang/bs_Cyrl.res" 1163
"../../../Engine/Content/Internationalization/icudt64l/lang/bs_BA.res" 1164
"../../../Engine/Content/Internationalization/icudt64l/lang/bs_Latn_BA.res" 1165
"../../../Engine/Content/Internationalization/icudt64l/lang/bs_Latn.res" 1166
"../../../Engine/Content/Internationalization/icudt64l/region/bs_BA.res" 1167
"../../../Engine/Content/Internationalization/icudt64l/region/bs_Latn_BA.res" 1168
"../../../Engine/Content/Internationalization/icudt64l/region/bs_Latn.res" 1169
"../../../Engine/Content/Internationalization/icudt64l/region/bs.res" 1170
"../../../Engine/Content/Internationalization/icudt64l/region/bs_Cyrl.res" 1171
"../../../Engine/Content/Internationalization/icudt64l/lang/ca.res" 1172
"../../../Engine/Content/Internationalization/icudt64l/region/ca.res" 1173
"../../../Engine/Content/Internationalization/icudt64l/lang/ccp.res" 1174
"../../../Engine/Content/Internationalization/icudt64l/region/ccp.res" 1175
"../../../Engine/Content/Internationalization/icudt64l/lang/ce.res" 1176
"../../../Engine/Content/Internationalization/icudt64l/region/ce.res" 1177
"../../../Engine/Content/Internationalization/icudt64l/lang/ceb.res" 1178
"../../../Engine/Content/Internationalization/icudt64l/region/ceb.res" 1179
"../../../Engine/Content/Internationalization/icudt64l/lang/cgg.res" 1180
"../../../Engine/Content/Internationalization/icudt64l/region/cgg.res" 1181
"../../../Engine/Content/Internationalization/icudt64l/lang/chr.res" 1182
"../../../Engine/Content/Internationalization/icudt64l/region/chr.res" 1183
"../../../Engine/Content/Internationalization/icudt64l/lang/ckb.res" 1184
"../../../Engine/Content/Internationalization/icudt64l/region/ckb.res" 1185
"../../../Engine/Content/Internationalization/icudt64l/lang/cs.res" 1186
"../../../Engine/Content/Internationalization/icudt64l/region/cs.res" 1187
"../../../Engine/Content/Internationalization/icudt64l/lang/cy.res" 1188
"../../../Engine/Content/Internationalization/icudt64l/region/cy.res" 1189
"../../../Engine/Content/Internationalization/icudt64l/lang/da.res" 1190
"../../../Engine/Content/Internationalization/icudt64l/region/da.res" 1191
"../../../Engine/Content/Internationalization/icudt64l/lang/dav.res" 1192
"../../../Engine/Content/Internationalization/icudt64l/region/dav.res" 1193
"../../../Engine/Content/Internationalization/icudt64l/lang/de.res" 1194
"../../../Engine/Content/Internationalization/icudt64l/lang/de_AT.res" 1195
"../../../Engine/Content/Internationalization/icudt64l/region/de_AT.res" 1196
"../../../Engine/Content/Internationalization/icudt64l/region/de.res" 1197
"../../../Engine/Content/Internationalization/icudt64l/lang/de_CH.res" 1198
"../../../Engine/Content/Internationalization/icudt64l/region/de_CH.res" 1199
"../../../Engine/Content/Internationalization/icudt64l/lang/de_LU.res" 1200
"../../../Engine/Content/Internationalization/icudt64l/lang/dje.res" 1201
"../../../Engine/Content/Internationalization/icudt64l/region/dje.res" 1202
"../../../Engine/Content/Internationalization/icudt64l/lang/dsb.res" 1203
"../../../Engine/Content/Internationalization/icudt64l/region/dsb.res" 1204
"../../../Engine/Content/Internationalization/icudt64l/lang/dua.res" 1205
"../../../Engine/Content/Internationalization/icudt64l/region/dua.res" 1206
"../../../Engine/Content/Internationalization/icudt64l/lang/dyo.res" 1207
"../../../Engine/Content/Internationalization/icudt64l/region/dyo.res" 1208
"../../../Engine/Content/Internationalization/icudt64l/lang/dz.res" 1209
"../../../Engine/Content/Internationalization/icudt64l/region/dz.res" 1210
"../../../Engine/Content/Internationalization/icudt64l/lang/ebu.res" 1211
"../../../Engine/Content/Internationalization/icudt64l/region/ebu.res" 1212
"../../../Engine/Content/Internationalization/icudt64l/lang/ee.res" 1213
"../../../Engine/Content/Internationalization/icudt64l/region/ee.res" 1214
"../../../Engine/Content/Internationalization/icudt64l/lang/el.res" 1215
"../../../Engine/Content/Internationalization/icudt64l/region/el.res" 1216
"../../../Engine/Content/Internationalization/icudt64l/lang/en_150.res" 1217
"../../../Engine/Content/Internationalization/icudt64l/region/en_150.res" 1218
"../../../Engine/Content/Internationalization/icudt64l/lang/en_AG.res" 1219
"../../../Engine/Content/Internationalization/icudt64l/region/en_AG.res" 1220
"../../../Engine/Content/Internationalization/icudt64l/lang/en_AI.res" 1221
"../../../Engine/Content/Internationalization/icudt64l/region/en_AI.res" 1222
"../../../Engine/Content/Internationalization/icudt64l/lang/en_AT.res" 1223
"../../../Engine/Content/Internationalization/icudt64l/region/en_AT.res" 1224
"../../../Engine/Content/Internationalization/icudt64l/lang/en_AU.res" 1225
"../../../Engine/Content/Internationalization/icudt64l/region/en_AU.res" 1226
"../../../Engine/Content/Internationalization/icudt64l/lang/en_BB.res" 1227
"../../../Engine/Content/Internationalization/icudt64l/region/en_BB.res" 1228
"../../../Engine/Content/Internationalization/icudt64l/lang/en_BE.res" 1229
"../../../Engine/Content/Internationalization/icudt64l/region/en_BE.res" 1230
"../../../Engine/Content/Internationalization/icudt64l/lang/en_BM.res" 1231
"../../../Engine/Content/Internationalization/icudt64l/region/en_BM.res" 1232
"../../../Engine/Content/Internationalization/icudt64l/lang/en_BS.res" 1233
"../../../Engine/Content/Internationalization/icudt64l/region/en_BS.res" 1234
"../../../Engine/Content/Internationalization/icudt64l/lang/en_BW.res" 1235
"../../../Engine/Content/Internationalization/icudt64l/region/en_BW.res" 1236
"../../../Engine/Content/Internationalization/icudt64l/lang/en_BZ.res" 1237
"../../../Engine/Content/Internationalization/icudt64l/region/en_BZ.res" 1238
"../../../Engine/Content/Internationalization/icudt64l/lang/en_CA.res" 1239
"../../../Engine/Content/Internationalization/icudt64l/region/en_CA.res" 1240
"../../../Engine/Content/Internationalization/icudt64l/lang/en_CC.res" 1241
"../../../Engine/Content/Internationalization/icudt64l/region/en_CC.res" 1242
"../../../Engine/Content/Internationalization/icudt64l/lang/en_CH.res" 1243
"../../../Engine/Content/Internationalization/icudt64l/region/en_CH.res" 1244
"../../../Engine/Content/Internationalization/icudt64l/lang/en_CK.res" 1245
"../../../Engine/Content/Internationalization/icudt64l/region/en_CK.res" 1246
"../../../Engine/Content/Internationalization/icudt64l/lang/en_CM.res" 1247
"../../../Engine/Content/Internationalization/icudt64l/region/en_CM.res" 1248
"../../../Engine/Content/Internationalization/icudt64l/lang/en_CX.res" 1249
"../../../Engine/Content/Internationalization/icudt64l/region/en_CX.res" 1250
"../../../Engine/Content/Internationalization/icudt64l/lang/en_CY.res" 1251
"../../../Engine/Content/Internationalization/icudt64l/region/en_CY.res" 1252
"../../../Engine/Content/Internationalization/icudt64l/lang/en_DE.res" 1253
"../../../Engine/Content/Internationalization/icudt64l/region/en_DE.res" 1254
"../../../Engine/Content/Internationalization/icudt64l/lang/en_DG.res" 1255
"../../../Engine/Content/Internationalization/icudt64l/region/en_DG.res" 1256
"../../../Engine/Content/Internationalization/icudt64l/lang/en_DK.res" 1257
"../../../Engine/Content/Internationalization/icudt64l/region/en_DK.res" 1258
"../../../Engine/Content/Internationalization/icudt64l/lang/en_DM.res" 1259
"../../../Engine/Content/Internationalization/icudt64l/region/en_DM.res" 1260
"../../../Engine/Content/Internationalization/icudt64l/lang/en_ER.res" 1261
"../../../Engine/Content/Internationalization/icudt64l/region/en_ER.res" 1262
"../../../Engine/Content/Internationalization/icudt64l/lang/en_FI.res" 1263
"../../../Engine/Content/Internationalization/icudt64l/region/en_FI.res" 1264
"../../../Engine/Content/Internationalization/icudt64l/lang/en_FJ.res" 1265
"../../../Engine/Content/Internationalization/icudt64l/region/en_FJ.res" 1266
"../../../Engine/Content/Internationalization/icudt64l/lang/en_FK.res" 1267
"../../../Engine/Content/Internationalization/icudt64l/region/en_FK.res" 1268
"../../../Engine/Content/Internationalization/icudt64l/lang/en_FM.res" 1269
"../../../Engine/Content/Internationalization/icudt64l/region/en_FM.res" 1270
"../../../Engine/Content/Internationalization/icudt64l/lang/en_GD.res" 1271
"../../../Engine/Content/Internationalization/icudt64l/region/en_GD.res" 1272
"../../../Engine/Content/Internationalization/icudt64l/lang/en_GG.res" 1273
"../../../Engine/Content/Internationalization/icudt64l/region/en_GG.res" 1274
"../../../Engine/Content/Internationalization/icudt64l/lang/en_GH.res" 1275
"../../../Engine/Content/Internationalization/icudt64l/region/en_GH.res" 1276
"../../../Engine/Content/Internationalization/icudt64l/lang/en_GI.res" 1277
"../../../Engine/Content/Internationalization/icudt64l/region/en_GI.res" 1278
"../../../Engine/Content/Internationalization/icudt64l/lang/en_GM.res" 1279
"../../../Engine/Content/Internationalization/icudt64l/region/en_GM.res" 1280
"../../../Engine/Content/Internationalization/icudt64l/lang/en_GY.res" 1281
"../../../Engine/Content/Internationalization/icudt64l/region/en_GY.res" 1282
"../../../Engine/Content/Internationalization/icudt64l/lang/en_HK.res" 1283
"../../../Engine/Content/Internationalization/icudt64l/region/en_HK.res" 1284
"../../../Engine/Content/Internationalization/icudt64l/lang/en_IE.res" 1285
"../../../Engine/Content/Internationalization/icudt64l/region/en_IE.res" 1286
"../../../Engine/Content/Internationalization/icudt64l/lang/en_IL.res" 1287
"../../../Engine/Content/Internationalization/icudt64l/region/en_IL.res" 1288
"../../../Engine/Content/Internationalization/icudt64l/lang/en_IM.res" 1289
"../../../Engine/Content/Internationalization/icudt64l/region/en_IM.res" 1290
"../../../Engine/Content/Internationalization/icudt64l/lang/en_IN.res" 1291
"../../../Engine/Content/Internationalization/icudt64l/region/en_IN.res" 1292
"../../../Engine/Content/Internationalization/icudt64l/lang/en_IO.res" 1293
"../../../Engine/Content/Internationalization/icudt64l/region/en_IO.res" 1294
"../../../Engine/Content/Internationalization/icudt64l/lang/en_JE.res" 1295
"../../../Engine/Content/Internationalization/icudt64l/region/en_JE.res" 1296
"../../../Engine/Content/Internationalization/icudt64l/lang/en_JM.res" 1297
"../../../Engine/Content/Internationalization/icudt64l/region/en_JM.res" 1298
"../../../Engine/Content/Internationalization/icudt64l/lang/en_KE.res" 1299
"../../../Engine/Content/Internationalization/icudt64l/region/en_KE.res" 1300
"../../../Engine/Content/Internationalization/icudt64l/lang/en_KI.res" 1301
"../../../Engine/Content/Internationalization/icudt64l/region/en_KI.res" 1302
"../../../Engine/Content/Internationalization/icudt64l/lang/en_KN.res" 1303
"../../../Engine/Content/Internationalization/icudt64l/region/en_KN.res" 1304
"../../../Engine/Content/Internationalization/icudt64l/lang/en_KY.res" 1305
"../../../Engine/Content/Internationalization/icudt64l/region/en_KY.res" 1306
"../../../Engine/Content/Internationalization/icudt64l/lang/en_LC.res" 1307
"../../../Engine/Content/Internationalization/icudt64l/region/en_LC.res" 1308
"../../../Engine/Content/Internationalization/icudt64l/lang/en_LR.res" 1309
"../../../Engine/Content/Internationalization/icudt64l/region/en_LR.res" 1310
"../../../Engine/Content/Internationalization/icudt64l/lang/en_LS.res" 1311
"../../../Engine/Content/Internationalization/icudt64l/region/en_LS.res" 1312
"../../../Engine/Content/Internationalization/icudt64l/lang/en_MG.res" 1313
"../../../Engine/Content/Internationalization/icudt64l/region/en_MG.res" 1314
"../../../Engine/Content/Internationalization/icudt64l/lang/en_MO.res" 1315
"../../../Engine/Content/Internationalization/icudt64l/region/en_MO.res" 1316
"../../../Engine/Content/Internationalization/icudt64l/lang/en_MS.res" 1317
"../../../Engine/Content/Internationalization/icudt64l/region/en_MS.res" 1318
"../../../Engine/Content/Internationalization/icudt64l/lang/en_MT.res" 1319
"../../../Engine/Content/Internationalization/icudt64l/region/en_MT.res" 1320
"../../../Engine/Content/Internationalization/icudt64l/lang/en_MU.res" 1321
"../../../Engine/Content/Internationalization/icudt64l/region/en_MU.res" 1322
"../../../Engine/Content/Internationalization/icudt64l/lang/en_MW.res" 1323
"../../../Engine/Content/Internationalization/icudt64l/region/en_MW.res" 1324
"../../../Engine/Content/Internationalization/icudt64l/lang/en_MY.res" 1325
"../../../Engine/Content/Internationalization/icudt64l/region/en_MY.res" 1326
"../../../Engine/Content/Internationalization/icudt64l/lang/en_NA.res" 1327
"../../../Engine/Content/Internationalization/icudt64l/region/en_NA.res" 1328
"../../../Engine/Content/Internationalization/icudt64l/lang/en_NF.res" 1329
"../../../Engine/Content/Internationalization/icudt64l/region/en_NF.res" 1330
"../../../Engine/Content/Internationalization/icudt64l/lang/en_NG.res" 1331
"../../../Engine/Content/Internationalization/icudt64l/region/en_NG.res" 1332
"../../../Engine/Content/Internationalization/icudt64l/lang/en_NL.res" 1333
"../../../Engine/Content/Internationalization/icudt64l/region/en_NL.res" 1334
"../../../Engine/Content/Internationalization/icudt64l/lang/en_NR.res" 1335
"../../../Engine/Content/Internationalization/icudt64l/region/en_NR.res" 1336
"../../../Engine/Content/Internationalization/icudt64l/lang/en_NU.res" 1337
"../../../Engine/Content/Internationalization/icudt64l/region/en_NU.res" 1338
"../../../Engine/Content/Internationalization/icudt64l/lang/en_NZ.res" 1339
"../../../Engine/Content/Internationalization/icudt64l/region/en_NZ.res" 1340
"../../../Engine/Content/Internationalization/icudt64l/lang/en_PG.res" 1341
"../../../Engine/Content/Internationalization/icudt64l/region/en_PG.res" 1342
"../../../Engine/Content/Internationalization/icudt64l/lang/en_PH.res" 1343
"../../../Engine/Content/Internationalization/icudt64l/region/en_PH.res" 1344
"../../../Engine/Content/Internationalization/icudt64l/lang/en_PK.res" 1345
"../../../Engine/Content/Internationalization/icudt64l/region/en_PK.res" 1346
"../../../Engine/Content/Internationalization/icudt64l/lang/en_PN.res" 1347
"../../../Engine/Content/Internationalization/icudt64l/region/en_PN.res" 1348
"../../../Engine/Content/Internationalization/icudt64l/lang/en_PW.res" 1349
"../../../Engine/Content/Internationalization/icudt64l/region/en_PW.res" 1350
"../../../Engine/Content/Internationalization/icudt64l/lang/en_RW.res" 1351
"../../../Engine/Content/Internationalization/icudt64l/region/en_RW.res" 1352
"../../../Engine/Content/Internationalization/icudt64l/lang/en_SB.res" 1353
"../../../Engine/Content/Internationalization/icudt64l/region/en_SB.res" 1354
"../../../Engine/Content/Internationalization/icudt64l/lang/en_SC.res" 1355
"../../../Engine/Content/Internationalization/icudt64l/region/en_SC.res" 1356
"../../../Engine/Content/Internationalization/icudt64l/lang/en_SD.res" 1357
"../../../Engine/Content/Internationalization/icudt64l/region/en_SD.res" 1358
"../../../Engine/Content/Internationalization/icudt64l/lang/en_SE.res" 1359
"../../../Engine/Content/Internationalization/icudt64l/region/en_SE.res" 1360
"../../../Engine/Content/Internationalization/icudt64l/lang/en_SG.res" 1361
"../../../Engine/Content/Internationalization/icudt64l/region/en_SG.res" 1362
"../../../Engine/Content/Internationalization/icudt64l/lang/en_SH.res" 1363
"../../../Engine/Content/Internationalization/icudt64l/region/en_SH.res" 1364
"../../../Engine/Content/Internationalization/icudt64l/lang/en_SI.res" 1365
"../../../Engine/Content/Internationalization/icudt64l/region/en_SI.res" 1366
"../../../Engine/Content/Internationalization/icudt64l/lang/en_SL.res" 1367
"../../../Engine/Content/Internationalization/icudt64l/region/en_SL.res" 1368
"../../../Engine/Content/Internationalization/icudt64l/lang/en_SS.res" 1369
"../../../Engine/Content/Internationalization/icudt64l/region/en_SS.res" 1370
"../../../Engine/Content/Internationalization/icudt64l/lang/en_SX.res" 1371
"../../../Engine/Content/Internationalization/icudt64l/region/en_SX.res" 1372
"../../../Engine/Content/Internationalization/icudt64l/lang/en_SZ.res" 1373
"../../../Engine/Content/Internationalization/icudt64l/region/en_SZ.res" 1374
"../../../Engine/Content/Internationalization/icudt64l/lang/en_TC.res" 1375
"../../../Engine/Content/Internationalization/icudt64l/region/en_TC.res" 1376
"../../../Engine/Content/Internationalization/icudt64l/lang/en_TK.res" 1377
"../../../Engine/Content/Internationalization/icudt64l/region/en_TK.res" 1378
"../../../Engine/Content/Internationalization/icudt64l/lang/en_TO.res" 1379
"../../../Engine/Content/Internationalization/icudt64l/region/en_TO.res" 1380
"../../../Engine/Content/Internationalization/icudt64l/lang/en_TT.res" 1381
"../../../Engine/Content/Internationalization/icudt64l/region/en_TT.res" 1382
"../../../Engine/Content/Internationalization/icudt64l/lang/en_TV.res" 1383
"../../../Engine/Content/Internationalization/icudt64l/region/en_TV.res" 1384
"../../../Engine/Content/Internationalization/icudt64l/lang/en_TZ.res" 1385
"../../../Engine/Content/Internationalization/icudt64l/region/en_TZ.res" 1386
"../../../Engine/Content/Internationalization/icudt64l/lang/en_UG.res" 1387
"../../../Engine/Content/Internationalization/icudt64l/region/en_UG.res" 1388
"../../../Engine/Content/Internationalization/icudt64l/lang/en_VC.res" 1389
"../../../Engine/Content/Internationalization/icudt64l/region/en_VC.res" 1390
"../../../Engine/Content/Internationalization/icudt64l/lang/en_VG.res" 1391
"../../../Engine/Content/Internationalization/icudt64l/region/en_VG.res" 1392
"../../../Engine/Content/Internationalization/icudt64l/lang/en_VU.res" 1393
"../../../Engine/Content/Internationalization/icudt64l/region/en_VU.res" 1394
"../../../Engine/Content/Internationalization/icudt64l/lang/en_WS.res" 1395
"../../../Engine/Content/Internationalization/icudt64l/region/en_WS.res" 1396
"../../../Engine/Content/Internationalization/icudt64l/lang/en_ZA.res" 1397
"../../../Engine/Content/Internationalization/icudt64l/region/en_ZA.res" 1398
"../../../Engine/Content/Internationalization/icudt64l/lang/en_ZM.res" 1399
"../../../Engine/Content/Internationalization/icudt64l/region/en_ZM.res" 1400
"../../../Engine/Content/Internationalization/icudt64l/lang/en_ZW.res" 1401
"../../../Engine/Content/Internationalization/icudt64l/region/en_ZW.res" 1402
"../../../Engine/Content/Internationalization/icudt64l/lang/eo.res" 1403
"../../../Engine/Content/Internationalization/icudt64l/region/eo.res" 1404
"../../../Engine/Content/Internationalization/icudt64l/lang/es.res" 1405
"../../../Engine/Content/Internationalization/icudt64l/lang/es_419.res" 1406
"../../../Engine/Content/Internationalization/icudt64l/region/es_419.res" 1407
"../../../Engine/Content/Internationalization/icudt64l/region/es.res" 1408
"../../../Engine/Content/Internationalization/icudt64l/lang/es_AR.res" 1409
"../../../Engine/Content/Internationalization/icudt64l/region/es_AR.res" 1410
"../../../Engine/Content/Internationalization/icudt64l/lang/es_BO.res" 1411
"../../../Engine/Content/Internationalization/icudt64l/region/es_BO.res" 1412
"../../../Engine/Content/Internationalization/icudt64l/lang/es_BR.res" 1413
"../../../Engine/Content/Internationalization/icudt64l/region/es_BR.res" 1414
"../../../Engine/Content/Internationalization/icudt64l/lang/es_BZ.res" 1415
"../../../Engine/Content/Internationalization/icudt64l/region/es_BZ.res" 1416
"../../../Engine/Content/Internationalization/icudt64l/lang/es_CL.res" 1417
"../../../Engine/Content/Internationalization/icudt64l/region/es_CL.res" 1418
"../../../Engine/Content/Internationalization/icudt64l/lang/es_CO.res" 1419
"../../../Engine/Content/Internationalization/icudt64l/region/es_CO.res" 1420
"../../../Engine/Content/Internationalization/icudt64l/lang/es_CR.res" 1421
"../../../Engine/Content/Internationalization/icudt64l/region/es_CR.res" 1422
"../../../Engine/Content/Internationalization/icudt64l/lang/es_CU.res" 1423
"../../../Engine/Content/Internationalization/icudt64l/region/es_CU.res" 1424
"../../../Engine/Content/Internationalization/icudt64l/lang/es_DO.res" 1425
"../../../Engine/Content/Internationalization/icudt64l/region/es_DO.res" 1426
"../../../Engine/Content/Internationalization/icudt64l/lang/es_EC.res" 1427
"../../../Engine/Content/Internationalization/icudt64l/region/es_EC.res" 1428
"../../../Engine/Content/Internationalization/icudt64l/lang/es_GT.res" 1429
"../../../Engine/Content/Internationalization/icudt64l/region/es_GT.res" 1430
"../../../Engine/Content/Internationalization/icudt64l/lang/es_HN.res" 1431
"../../../Engine/Content/Internationalization/icudt64l/region/es_HN.res" 1432
"../../../Engine/Content/Internationalization/icudt64l/lang/es_MX.res" 1433
"../../../Engine/Content/Internationalization/icudt64l/region/es_MX.res" 1434
"../../../Engine/Content/Internationalization/icudt64l/lang/es_NI.res" 1435
"../../../Engine/Content/Internationalization/icudt64l/region/es_NI.res" 1436
"../../../Engine/Content/Internationalization/icudt64l/lang/es_PA.res" 1437
"../../../Engine/Content/Internationalization/icudt64l/region/es_PA.res" 1438
"../../../Engine/Content/Internationalization/icudt64l/lang/es_PE.res" 1439
"../../../Engine/Content/Internationalization/icudt64l/region/es_PE.res" 1440
"../../../Engine/Content/Internationalization/icudt64l/lang/es_PR.res" 1441
"../../../Engine/Content/Internationalization/icudt64l/region/es_PR.res" 1442
"../../../Engine/Content/Internationalization/icudt64l/lang/es_PY.res" 1443
"../../../Engine/Content/Internationalization/icudt64l/region/es_PY.res" 1444
"../../../Engine/Content/Internationalization/icudt64l/lang/es_SV.res" 1445
"../../../Engine/Content/Internationalization/icudt64l/region/es_SV.res" 1446
"../../../Engine/Content/Internationalization/icudt64l/lang/es_US.res" 1447
"../../../Engine/Content/Internationalization/icudt64l/region/es_US.res" 1448
"../../../Engine/Content/Internationalization/icudt64l/lang/es_UY.res" 1449
"../../../Engine/Content/Internationalization/icudt64l/region/es_UY.res" 1450
"../../../Engine/Content/Internationalization/icudt64l/lang/es_VE.res" 1451
"../../../Engine/Content/Internationalization/icudt64l/region/es_VE.res" 1452
"../../../Engine/Content/Internationalization/icudt64l/lang/et.res" 1453
"../../../Engine/Content/Internationalization/icudt64l/region/et.res" 1454
"../../../Engine/Content/Internationalization/icudt64l/lang/eu.res" 1455
"../../../Engine/Content/Internationalization/icudt64l/region/eu.res" 1456
"../../../Engine/Content/Internationalization/icudt64l/lang/ewo.res" 1457
"../../../Engine/Content/Internationalization/icudt64l/region/ewo.res" 1458
"../../../Engine/Content/Internationalization/icudt64l/lang/fa.res" 1459
"../../../Engine/Content/Internationalization/icudt64l/lang/fa_AF.res" 1460
"../../../Engine/Content/Internationalization/icudt64l/region/fa_AF.res" 1461
"../../../Engine/Content/Internationalization/icudt64l/region/fa.res" 1462
"../../../Engine/Content/Internationalization/icudt64l/lang/ff.res" 1463
"../../../Engine/Content/Internationalization/icudt64l/lang/ff_Latn.res" 1464
"../../../Engine/Content/Internationalization/icudt64l/region/ff.res" 1465
"../../../Engine/Content/Internationalization/icudt64l/region/ff_Latn.res" 1466
"../../../Engine/Content/Internationalization/icudt64l/lang/ff_CM.res" 1467
"../../../Engine/Content/Internationalization/icudt64l/lang/ff_Latn_CM.res" 1468
"../../../Engine/Content/Internationalization/icudt64l/region/ff_CM.res" 1469
"../../../Engine/Content/Internationalization/icudt64l/region/ff_Latn_CM.res" 1470
"../../../Engine/Content/Internationalization/icudt64l/lang/ff_GN.res" 1471
"../../../Engine/Content/Internationalization/icudt64l/lang/ff_Latn_GN.res" 1472
"../../../Engine/Content/Internationalization/icudt64l/region/ff_GN.res" 1473
"../../../Engine/Content/Internationalization/icudt64l/region/ff_Latn_GN.res" 1474
"../../../Engine/Content/Internationalization/icudt64l/lang/ff_MR.res" 1475
"../../../Engine/Content/Internationalization/icudt64l/lang/ff_Latn_MR.res" 1476
"../../../Engine/Content/Internationalization/icudt64l/region/ff_MR.res" 1477
"../../../Engine/Content/Internationalization/icudt64l/region/ff_Latn_MR.res" 1478
"../../../Engine/Content/Internationalization/icudt64l/lang/ff_SN.res" 1479
"../../../Engine/Content/Internationalization/icudt64l/lang/ff_Latn_SN.res" 1480
"../../../Engine/Content/Internationalization/icudt64l/region/ff_SN.res" 1481
"../../../Engine/Content/Internationalization/icudt64l/region/ff_Latn_SN.res" 1482
"../../../Engine/Content/Internationalization/icudt64l/lang/fi.res" 1483
"../../../Engine/Content/Internationalization/icudt64l/region/fi.res" 1484
"../../../Engine/Content/Internationalization/icudt64l/lang/fil.res" 1485
"../../../Engine/Content/Internationalization/icudt64l/lang/fil_PH.res" 1486
"../../../Engine/Content/Internationalization/icudt64l/region/fil_PH.res" 1487
"../../../Engine/Content/Internationalization/icudt64l/region/fil.res" 1488
"../../../Engine/Content/Internationalization/icudt64l/lang/fo.res" 1489
"../../../Engine/Content/Internationalization/icudt64l/region/fo.res" 1490
"../../../Engine/Content/Internationalization/icudt64l/lang/fr.res" 1491
"../../../Engine/Content/Internationalization/icudt64l/lang/fr_BE.res" 1492
"../../../Engine/Content/Internationalization/icudt64l/region/fr_BE.res" 1493
"../../../Engine/Content/Internationalization/icudt64l/region/fr.res" 1494
"../../../Engine/Content/Internationalization/icudt64l/lang/fr_CA.res" 1495
"../../../Engine/Content/Internationalization/icudt64l/region/fr_CA.res" 1496
"../../../Engine/Content/Internationalization/icudt64l/lang/fr_CH.res" 1497
"../../../Engine/Content/Internationalization/icudt64l/lang/fur.res" 1498
"../../../Engine/Content/Internationalization/icudt64l/region/fur.res" 1499
"../../../Engine/Content/Internationalization/icudt64l/lang/fy.res" 1500
"../../../Engine/Content/Internationalization/icudt64l/region/fy.res" 1501
"../../../Engine/Content/Internationalization/icudt64l/lang/ga.res" 1502
"../../../Engine/Content/Internationalization/icudt64l/region/ga.res" 1503
"../../../Engine/Content/Internationalization/icudt64l/lang/gd.res" 1504
"../../../Engine/Content/Internationalization/icudt64l/region/gd.res" 1505
"../../../Engine/Content/Internationalization/icudt64l/lang/gl.res" 1506
"../../../Engine/Content/Internationalization/icudt64l/region/gl.res" 1507
"../../../Engine/Content/Internationalization/icudt64l/lang/gsw.res" 1508
"../../../Engine/Content/Internationalization/icudt64l/region/gsw.res" 1509
"../../../Engine/Content/Internationalization/icudt64l/lang/gu.res" 1510
"../../../Engine/Content/Internationalization/icudt64l/region/gu.res" 1511
"../../../Engine/Content/Internationalization/icudt64l/lang/guz.res" 1512
"../../../Engine/Content/Internationalization/icudt64l/region/guz.res" 1513
"../../../Engine/Content/Internationalization/icudt64l/lang/gv.res" 1514
"../../../Engine/Content/Internationalization/icudt64l/region/gv.res" 1515
"../../../Engine/Content/Internationalization/icudt64l/lang/ha.res" 1516
"../../../Engine/Content/Internationalization/icudt64l/region/ha.res" 1517
"../../../Engine/Content/Internationalization/icudt64l/lang/ha_NE.res" 1518
"../../../Engine/Content/Internationalization/icudt64l/region/ha_NE.res" 1519
"../../../Engine/Content/Internationalization/icudt64l/lang/haw.res" 1520
"../../../Engine/Content/Internationalization/icudt64l/region/haw.res" 1521
"../../../Engine/Content/Internationalization/icudt64l/lang/he.res" 1522
"../../../Engine/Content/Internationalization/icudt64l/lang/he_IL.res" 1523
"../../../Engine/Content/Internationalization/icudt64l/region/he_IL.res" 1524
"../../../Engine/Content/Internationalization/icudt64l/region/he.res" 1525
"../../../Engine/Content/Internationalization/icudt64l/lang/hi.res" 1526
"../../../Engine/Content/Internationalization/icudt64l/region/hi.res" 1527
"../../../Engine/Content/Internationalization/icudt64l/lang/hr.res" 1528
"../../../Engine/Content/Internationalization/icudt64l/region/hr.res" 1529
"../../../Engine/Content/Internationalization/icudt64l/lang/hsb.res" 1530
"../../../Engine/Content/Internationalization/icudt64l/region/hsb.res" 1531
"../../../Engine/Content/Internationalization/icudt64l/lang/hu.res" 1532
"../../../Engine/Content/Internationalization/icudt64l/region/hu.res" 1533
"../../../Engine/Content/Internationalization/icudt64l/lang/hy.res" 1534
"../../../Engine/Content/Internationalization/icudt64l/region/hy.res" 1535
"../../../Engine/Content/Internationalization/icudt64l/lang/ia.res" 1536
"../../../Engine/Content/Internationalization/icudt64l/region/ia.res" 1537
"../../../Engine/Content/Internationalization/icudt64l/lang/id.res" 1538
"../../../Engine/Content/Internationalization/icudt64l/lang/id_ID.res" 1539
"../../../Engine/Content/Internationalization/icudt64l/region/id_ID.res" 1540
"../../../Engine/Content/Internationalization/icudt64l/region/id.res" 1541
"../../../Engine/Content/Internationalization/icudt64l/lang/ig.res" 1542
"../../../Engine/Content/Internationalization/icudt64l/region/ig.res" 1543
"../../../Engine/Content/Internationalization/icudt64l/lang/ii.res" 1544
"../../../Engine/Content/Internationalization/icudt64l/region/ii.res" 1545
"../../../Engine/Content/Internationalization/icudt64l/lang/is.res" 1546
"../../../Engine/Content/Internationalization/icudt64l/region/is.res" 1547
"../../../Engine/Content/Internationalization/icudt64l/lang/it.res" 1548
"../../../Engine/Content/Internationalization/icudt64l/region/it.res" 1549
"../../../Engine/Content/Internationalization/icudt64l/lang/ja.res" 1550
"../../../Engine/Content/Internationalization/icudt64l/lang/ja_JP.res" 1551
"../../../Engine/Content/Internationalization/icudt64l/region/ja_JP.res" 1552
"../../../Engine/Content/Internationalization/icudt64l/region/ja.res" 1553
"../../../Engine/Content/Internationalization/icudt64l/lang/jgo.res" 1554
"../../../Engine/Content/Internationalization/icudt64l/region/jgo.res" 1555
"../../../Engine/Content/Internationalization/icudt64l/lang/jmc.res" 1556
"../../../Engine/Content/Internationalization/icudt64l/region/jmc.res" 1557
"../../../Engine/Content/Internationalization/icudt64l/lang/jv.res" 1558
"../../../Engine/Content/Internationalization/icudt64l/region/jv.res" 1559
"../../../Engine/Content/Internationalization/icudt64l/lang/ka.res" 1560
"../../../Engine/Content/Internationalization/icudt64l/region/ka.res" 1561
"../../../Engine/Content/Internationalization/icudt64l/lang/kab.res" 1562
"../../../Engine/Content/Internationalization/icudt64l/region/kab.res" 1563
"../../../Engine/Content/Internationalization/icudt64l/lang/kam.res" 1564
"../../../Engine/Content/Internationalization/icudt64l/region/kam.res" 1565
"../../../Engine/Content/Internationalization/icudt64l/lang/kde.res" 1566
"../../../Engine/Content/Internationalization/icudt64l/region/kde.res" 1567
"../../../Engine/Content/Internationalization/icudt64l/lang/kea.res" 1568
"../../../Engine/Content/Internationalization/icudt64l/region/kea.res" 1569
"../../../Engine/Content/Internationalization/icudt64l/lang/khq.res" 1570
"../../../Engine/Content/Internationalization/icudt64l/region/khq.res" 1571
"../../../Engine/Content/Internationalization/icudt64l/lang/ki.res" 1572
"../../../Engine/Content/Internationalization/icudt64l/region/ki.res" 1573
"../../../Engine/Content/Internationalization/icudt64l/lang/kk.res" 1574
"../../../Engine/Content/Internationalization/icudt64l/region/kk.res" 1575
"../../../Engine/Content/Internationalization/icudt64l/lang/kkj.res" 1576
"../../../Engine/Content/Internationalization/icudt64l/region/kkj.res" 1577
"../../../Engine/Content/Internationalization/icudt64l/lang/kl.res" 1578
"../../../Engine/Content/Internationalization/icudt64l/region/kl.res" 1579
"../../../Engine/Content/Internationalization/icudt64l/lang/kln.res" 1580
"../../../Engine/Content/Internationalization/icudt64l/region/kln.res" 1581
"../../../Engine/Content/Internationalization/icudt64l/lang/km.res" 1582
"../../../Engine/Content/Internationalization/icudt64l/region/km.res" 1583
"../../../Engine/Content/Internationalization/icudt64l/lang/kn.res" 1584
"../../../Engine/Content/Internationalization/icudt64l/region/kn.res" 1585
"../../../Engine/Content/Internationalization/icudt64l/lang/ko.res" 1586
"../../../Engine/Content/Internationalization/icudt64l/region/ko_KP.res" 1587
"../../../Engine/Content/Internationalization/icudt64l/region/ko.res" 1588
"../../../Engine/Content/Internationalization/icudt64l/lang/kok.res" 1589
"../../../Engine/Content/Internationalization/icudt64l/region/kok.res" 1590
"../../../Engine/Content/Internationalization/icudt64l/lang/ks.res" 1591
"../../../Engine/Content/Internationalization/icudt64l/region/ks.res" 1592
"../../../Engine/Content/Internationalization/icudt64l/lang/ksb.res" 1593
"../../../Engine/Content/Internationalization/icudt64l/region/ksb.res" 1594
"../../../Engine/Content/Internationalization/icudt64l/lang/ksf.res" 1595
"../../../Engine/Content/Internationalization/icudt64l/region/ksf.res" 1596
"../../../Engine/Content/Internationalization/icudt64l/lang/ksh.res" 1597
"../../../Engine/Content/Internationalization/icudt64l/region/ksh.res" 1598
"../../../Engine/Content/Internationalization/icudt64l/lang/ku.res" 1599
"../../../Engine/Content/Internationalization/icudt64l/region/ku.res" 1600
"../../../Engine/Content/Internationalization/icudt64l/lang/kw.res" 1601
"../../../Engine/Content/Internationalization/icudt64l/region/kw.res" 1602
"../../../Engine/Content/Internationalization/icudt64l/lang/ky.res" 1603
"../../../Engine/Content/Internationalization/icudt64l/region/ky.res" 1604
"../../../Engine/Content/Internationalization/icudt64l/lang/lag.res" 1605
"../../../Engine/Content/Internationalization/icudt64l/region/lag.res" 1606
"../../../Engine/Content/Internationalization/icudt64l/lang/lb.res" 1607
"../../../Engine/Content/Internationalization/icudt64l/region/lb.res" 1608
"../../../Engine/Content/Internationalization/icudt64l/lang/lg.res" 1609
"../../../Engine/Content/Internationalization/icudt64l/region/lg.res" 1610
"../../../Engine/Content/Internationalization/icudt64l/lang/lkt.res" 1611
"../../../Engine/Content/Internationalization/icudt64l/region/lkt.res" 1612
"../../../Engine/Content/Internationalization/icudt64l/lang/ln.res" 1613
"../../../Engine/Content/Internationalization/icudt64l/region/ln.res" 1614
"../../../Engine/Content/Internationalization/icudt64l/lang/lo.res" 1615
"../../../Engine/Content/Internationalization/icudt64l/region/lo.res" 1616
"../../../Engine/Content/Internationalization/icudt64l/lang/lrc.res" 1617
"../../../Engine/Content/Internationalization/icudt64l/region/lrc.res" 1618
"../../../Engine/Content/Internationalization/icudt64l/lang/lt.res" 1619
"../../../Engine/Content/Internationalization/icudt64l/region/lt.res" 1620
"../../../Engine/Content/Internationalization/icudt64l/lang/lu.res" 1621
"../../../Engine/Content/Internationalization/icudt64l/region/lu.res" 1622
"../../../Engine/Content/Internationalization/icudt64l/lang/luo.res" 1623
"../../../Engine/Content/Internationalization/icudt64l/region/luo.res" 1624
"../../../Engine/Content/Internationalization/icudt64l/lang/luy.res" 1625
"../../../Engine/Content/Internationalization/icudt64l/region/luy.res" 1626
"../../../Engine/Content/Internationalization/icudt64l/lang/lv.res" 1627
"../../../Engine/Content/Internationalization/icudt64l/region/lv.res" 1628
"../../../Engine/Content/Internationalization/icudt64l/lang/mas.res" 1629
"../../../Engine/Content/Internationalization/icudt64l/region/mas.res" 1630
"../../../Engine/Content/Internationalization/icudt64l/lang/mer.res" 1631
"../../../Engine/Content/Internationalization/icudt64l/region/mer.res" 1632
"../../../Engine/Content/Internationalization/icudt64l/lang/mfe.res" 1633
"../../../Engine/Content/Internationalization/icudt64l/region/mfe.res" 1634
"../../../Engine/Content/Internationalization/icudt64l/lang/mg.res" 1635
"../../../Engine/Content/Internationalization/icudt64l/region/mg.res" 1636
"../../../Engine/Content/Internationalization/icudt64l/lang/mgh.res" 1637
"../../../Engine/Content/Internationalization/icudt64l/region/mgh.res" 1638
"../../../Engine/Content/Internationalization/icudt64l/lang/mgo.res" 1639
"../../../Engine/Content/Internationalization/icudt64l/region/mgo.res" 1640
"../../../Engine/Content/Internationalization/icudt64l/lang/mi.res" 1641
"../../../Engine/Content/Internationalization/icudt64l/region/mi.res" 1642
"../../../Engine/Content/Internationalization/icudt64l/lang/mk.res" 1643
"../../../Engine/Content/Internationalization/icudt64l/region/mk.res" 1644
"../../../Engine/Content/Internationalization/icudt64l/lang/ml.res" 1645
"../../../Engine/Content/Internationalization/icudt64l/region/ml.res" 1646
"../../../Engine/Content/Internationalization/icudt64l/lang/mn.res" 1647
"../../../Engine/Content/Internationalization/icudt64l/region/mn.res" 1648
"../../../Engine/Content/Internationalization/icudt64l/lang/mr.res" 1649
"../../../Engine/Content/Internationalization/icudt64l/region/mr.res" 1650
"../../../Engine/Content/Internationalization/icudt64l/lang/ms.res" 1651
"../../../Engine/Content/Internationalization/icudt64l/region/ms.res" 1652
"../../../Engine/Content/Internationalization/icudt64l/lang/mt.res" 1653
"../../../Engine/Content/Internationalization/icudt64l/region/mt.res" 1654
"../../../Engine/Content/Internationalization/icudt64l/lang/mua.res" 1655
"../../../Engine/Content/Internationalization/icudt64l/region/mua.res" 1656
"../../../Engine/Content/Internationalization/icudt64l/lang/my.res" 1657
"../../../Engine/Content/Internationalization/icudt64l/region/my.res" 1658
"../../../Engine/Content/Internationalization/icudt64l/lang/mzn.res" 1659
"../../../Engine/Content/Internationalization/icudt64l/region/mzn.res" 1660
"../../../Engine/Content/Internationalization/icudt64l/lang/naq.res" 1661
"../../../Engine/Content/Internationalization/icudt64l/region/naq.res" 1662
"../../../Engine/Content/Internationalization/icudt64l/lang/nb.res" 1663
"../../../Engine/Content/Internationalization/icudt64l/lang/nb_NO.res" 1664
"../../../Engine/Content/Internationalization/icudt64l/region/nb_NO.res" 1665
"../../../Engine/Content/Internationalization/icudt64l/region/nb.res" 1666
"../../../Engine/Content/Internationalization/icudt64l/lang/nd.res" 1667
"../../../Engine/Content/Internationalization/icudt64l/region/nd.res" 1668
"../../../Engine/Content/Internationalization/icudt64l/lang/nds.res" 1669
"../../../Engine/Content/Internationalization/icudt64l/region/nds.res" 1670
"../../../Engine/Content/Internationalization/icudt64l/lang/ne.res" 1671
"../../../Engine/Content/Internationalization/icudt64l/region/ne.res" 1672
"../../../Engine/Content/Internationalization/icudt64l/lang/nl.res" 1673
"../../../Engine/Content/Internationalization/icudt64l/region/nl.res" 1674
"../../../Engine/Content/Internationalization/icudt64l/lang/nmg.res" 1675
"../../../Engine/Content/Internationalization/icudt64l/region/nmg.res" 1676
"../../../Engine/Content/Internationalization/icudt64l/lang/nn.res" 1677
"../../../Engine/Content/Internationalization/icudt64l/lang/nn_NO.res" 1678
"../../../Engine/Content/Internationalization/icudt64l/region/nn_NO.res" 1679
"../../../Engine/Content/Internationalization/icudt64l/region/nn.res" 1680
"../../../Engine/Content/Internationalization/icudt64l/lang/nnh.res" 1681
"../../../Engine/Content/Internationalization/icudt64l/region/nnh.res" 1682
"../../../Engine/Content/Internationalization/icudt64l/lang/nus.res" 1683
"../../../Engine/Content/Internationalization/icudt64l/region/nus.res" 1684
"../../../Engine/Content/Internationalization/icudt64l/lang/nyn.res" 1685
"../../../Engine/Content/Internationalization/icudt64l/region/nyn.res" 1686
"../../../Engine/Content/Internationalization/icudt64l/lang/om.res" 1687
"../../../Engine/Content/Internationalization/icudt64l/region/om.res" 1688
"../../../Engine/Content/Internationalization/icudt64l/lang/or.res" 1689
"../../../Engine/Content/Internationalization/icudt64l/region/or.res" 1690
"../../../Engine/Content/Internationalization/icudt64l/lang/os.res" 1691
"../../../Engine/Content/Internationalization/icudt64l/region/os.res" 1692
"../../../Engine/Content/Internationalization/icudt64l/lang/pa.res" 1693
"../../../Engine/Content/Internationalization/icudt64l/lang/pa_Arab.res" 1694
"../../../Engine/Content/Internationalization/icudt64l/lang/pa_PK.res" 1695
"../../../Engine/Content/Internationalization/icudt64l/lang/pa_Arab_PK.res" 1696
"../../../Engine/Content/Internationalization/icudt64l/region/pa_PK.res" 1697
"../../../Engine/Content/Internationalization/icudt64l/region/pa_Arab_PK.res" 1698
"../../../Engine/Content/Internationalization/icudt64l/region/pa_Arab.res" 1699
"../../../Engine/Content/Internationalization/icudt64l/lang/pa_Guru.res" 1700
"../../../Engine/Content/Internationalization/icudt64l/lang/pa_IN.res" 1701
"../../../Engine/Content/Internationalization/icudt64l/lang/pa_Guru_IN.res" 1702
"../../../Engine/Content/Internationalization/icudt64l/region/pa_IN.res" 1703
"../../../Engine/Content/Internationalization/icudt64l/region/pa_Guru_IN.res" 1704
"../../../Engine/Content/Internationalization/icudt64l/region/pa_Guru.res" 1705
"../../../Engine/Content/Internationalization/icudt64l/region/pa.res" 1706
"../../../Engine/Content/Internationalization/icudt64l/lang/pl.res" 1707
"../../../Engine/Content/Internationalization/icudt64l/region/pl.res" 1708
"../../../Engine/Content/Internationalization/icudt64l/lang/ps.res" 1709
"../../../Engine/Content/Internationalization/icudt64l/region/ps.res" 1710
"../../../Engine/Content/Internationalization/icudt64l/lang/ps_PK.res" 1711
"../../../Engine/Content/Internationalization/icudt64l/region/ps_PK.res" 1712
"../../../Engine/Content/Internationalization/icudt64l/lang/pt.res" 1713
"../../../Engine/Content/Internationalization/icudt64l/lang/pt_AO.res" 1714
"../../../Engine/Content/Internationalization/icudt64l/lang/pt_PT.res" 1715
"../../../Engine/Content/Internationalization/icudt64l/region/pt_AO.res" 1716
"../../../Engine/Content/Internationalization/icudt64l/region/pt_PT.res" 1717
"../../../Engine/Content/Internationalization/icudt64l/region/pt.res" 1718
"../../../Engine/Content/Internationalization/icudt64l/lang/pt_CH.res" 1719
"../../../Engine/Content/Internationalization/icudt64l/region/pt_CH.res" 1720
"../../../Engine/Content/Internationalization/icudt64l/lang/pt_CV.res" 1721
"../../../Engine/Content/Internationalization/icudt64l/region/pt_CV.res" 1722
"../../../Engine/Content/Internationalization/icudt64l/lang/pt_GQ.res" 1723
"../../../Engine/Content/Internationalization/icudt64l/region/pt_GQ.res" 1724
"../../../Engine/Content/Internationalization/icudt64l/lang/pt_GW.res" 1725
"../../../Engine/Content/Internationalization/icudt64l/region/pt_GW.res" 1726
"../../../Engine/Content/Internationalization/icudt64l/lang/pt_LU.res" 1727
"../../../Engine/Content/Internationalization/icudt64l/region/pt_LU.res" 1728
"../../../Engine/Content/Internationalization/icudt64l/lang/pt_MO.res" 1729
"../../../Engine/Content/Internationalization/icudt64l/region/pt_MO.res" 1730
"../../../Engine/Content/Internationalization/icudt64l/lang/pt_MZ.res" 1731
"../../../Engine/Content/Internationalization/icudt64l/region/pt_MZ.res" 1732
"../../../Engine/Content/Internationalization/icudt64l/lang/pt_ST.res" 1733
"../../../Engine/Content/Internationalization/icudt64l/region/pt_ST.res" 1734
"../../../Engine/Content/Internationalization/icudt64l/lang/pt_TL.res" 1735
"../../../Engine/Content/Internationalization/icudt64l/region/pt_TL.res" 1736
"../../../Engine/Content/Internationalization/icudt64l/lang/qu.res" 1737
"../../../Engine/Content/Internationalization/icudt64l/region/qu.res" 1738
"../../../Engine/Content/Internationalization/icudt64l/lang/rm.res" 1739
"../../../Engine/Content/Internationalization/icudt64l/region/rm.res" 1740
"../../../Engine/Content/Internationalization/icudt64l/lang/rn.res" 1741
"../../../Engine/Content/Internationalization/icudt64l/region/rn.res" 1742
"../../../Engine/Content/Internationalization/icudt64l/lang/ro.res" 1743
"../../../Engine/Content/Internationalization/icudt64l/lang/ro_MD.res" 1744
"../../../Engine/Content/Internationalization/icudt64l/region/ro_MD.res" 1745
"../../../Engine/Content/Internationalization/icudt64l/region/ro.res" 1746
"../../../Engine/Content/Internationalization/icudt64l/lang/rof.res" 1747
"../../../Engine/Content/Internationalization/icudt64l/region/rof.res" 1748
"../../../Engine/Content/Internationalization/icudt64l/lang/ru.res" 1749
"../../../Engine/Content/Internationalization/icudt64l/region/ru.res" 1750
"../../../Engine/Content/Internationalization/icudt64l/region/ru_UA.res" 1751
"../../../Engine/Content/Internationalization/icudt64l/lang/rw.res" 1752
"../../../Engine/Content/Internationalization/icudt64l/region/rw.res" 1753
"../../../Engine/Content/Internationalization/icudt64l/lang/rwk.res" 1754
"../../../Engine/Content/Internationalization/icudt64l/region/rwk.res" 1755
"../../../Engine/Content/Internationalization/icudt64l/lang/sah.res" 1756
"../../../Engine/Content/Internationalization/icudt64l/region/sah.res" 1757
"../../../Engine/Content/Internationalization/icudt64l/lang/saq.res" 1758
"../../../Engine/Content/Internationalization/icudt64l/region/saq.res" 1759
"../../../Engine/Content/Internationalization/icudt64l/lang/sbp.res" 1760
"../../../Engine/Content/Internationalization/icudt64l/region/sbp.res" 1761
"../../../Engine/Content/Internationalization/icudt64l/lang/sd.res" 1762
"../../../Engine/Content/Internationalization/icudt64l/region/sd.res" 1763
"../../../Engine/Content/Internationalization/icudt64l/lang/se.res" 1764
"../../../Engine/Content/Internationalization/icudt64l/lang/se_FI.res" 1765
"../../../Engine/Content/Internationalization/icudt64l/region/se_FI.res" 1766
"../../../Engine/Content/Internationalization/icudt64l/region/se.res" 1767
"../../../Engine/Content/Internationalization/icudt64l/lang/seh.res" 1768
"../../../Engine/Content/Internationalization/icudt64l/region/seh.res" 1769
"../../../Engine/Content/Internationalization/icudt64l/lang/ses.res" 1770
"../../../Engine/Content/Internationalization/icudt64l/region/ses.res" 1771
"../../../Engine/Content/Internationalization/icudt64l/lang/sg.res" 1772
"../../../Engine/Content/Internationalization/icudt64l/region/sg.res" 1773
"../../../Engine/Content/Internationalization/icudt64l/lang/shi.res" 1774
"../../../Engine/Content/Internationalization/icudt64l/lang/shi_Latn.res" 1775
"../../../Engine/Content/Internationalization/icudt64l/lang/shi_MA.res" 1776
"../../../Engine/Content/Internationalization/icudt64l/lang/shi_Tfng_MA.res" 1777
"../../../Engine/Content/Internationalization/icudt64l/lang/shi_Tfng.res" 1778
"../../../Engine/Content/Internationalization/icudt64l/region/shi_MA.res" 1779
"../../../Engine/Content/Internationalization/icudt64l/region/shi_Tfng_MA.res" 1780
"../../../Engine/Content/Internationalization/icudt64l/region/shi_Tfng.res" 1781
"../../../Engine/Content/Internationalization/icudt64l/region/shi.res" 1782
"../../../Engine/Content/Internationalization/icudt64l/region/shi_Latn.res" 1783
"../../../Engine/Content/Internationalization/icudt64l/lang/si.res" 1784
"../../../Engine/Content/Internationalization/icudt64l/region/si.res" 1785
"../../../Engine/Content/Internationalization/icudt64l/lang/sk.res" 1786
"../../../Engine/Content/Internationalization/icudt64l/region/sk.res" 1787
"../../../Engine/Content/Internationalization/icudt64l/lang/sl.res" 1788
"../../../Engine/Content/Internationalization/icudt64l/region/sl.res" 1789
"../../../Engine/Content/Internationalization/icudt64l/lang/smn.res" 1790
"../../../Engine/Content/Internationalization/icudt64l/region/smn.res" 1791
"../../../Engine/Content/Internationalization/icudt64l/lang/sn.res" 1792
"../../../Engine/Content/Internationalization/icudt64l/region/sn.res" 1793
"../../../Engine/Content/Internationalization/icudt64l/lang/so.res" 1794
"../../../Engine/Content/Internationalization/icudt64l/region/so.res" 1795
"../../../Engine/Content/Internationalization/icudt64l/lang/sq.res" 1796
"../../../Engine/Content/Internationalization/icudt64l/region/sq.res" 1797
"../../../Engine/Content/Internationalization/icudt64l/lang/sr.res" 1798
"../../../Engine/Content/Internationalization/icudt64l/lang/sr_Cyrl.res" 1799
"../../../Engine/Content/Internationalization/icudt64l/lang/sr_BA.res" 1800
"../../../Engine/Content/Internationalization/icudt64l/lang/sr_Cyrl_BA.res" 1801
"../../../Engine/Content/Internationalization/icudt64l/region/sr_BA.res" 1802
"../../../Engine/Content/Internationalization/icudt64l/region/sr_Cyrl_BA.res" 1803
"../../../Engine/Content/Internationalization/icudt64l/region/sr_Cyrl.res" 1804
"../../../Engine/Content/Internationalization/icudt64l/region/sr.res" 1805
"../../../Engine/Content/Internationalization/icudt64l/lang/sr_ME.res" 1806
"../../../Engine/Content/Internationalization/icudt64l/lang/sr_Latn_ME.res" 1807
"../../../Engine/Content/Internationalization/icudt64l/lang/sr_Latn.res" 1808
"../../../Engine/Content/Internationalization/icudt64l/region/sr_ME.res" 1809
"../../../Engine/Content/Internationalization/icudt64l/region/sr_Latn_ME.res" 1810
"../../../Engine/Content/Internationalization/icudt64l/region/sr_Latn.res" 1811
"../../../Engine/Content/Internationalization/icudt64l/lang/sr_Cyrl_ME.res" 1812
"../../../Engine/Content/Internationalization/icudt64l/region/sr_Cyrl_ME.res" 1813
"../../../Engine/Content/Internationalization/icudt64l/lang/sr_RS.res" 1814
"../../../Engine/Content/Internationalization/icudt64l/lang/sr_Cyrl_RS.res" 1815
"../../../Engine/Content/Internationalization/icudt64l/region/sr_RS.res" 1816
"../../../Engine/Content/Internationalization/icudt64l/region/sr_Cyrl_RS.res" 1817
"../../../Engine/Content/Internationalization/icudt64l/lang/sr_XK.res" 1818
"../../../Engine/Content/Internationalization/icudt64l/lang/sr_Cyrl_XK.res" 1819
"../../../Engine/Content/Internationalization/icudt64l/region/sr_XK.res" 1820
"../../../Engine/Content/Internationalization/icudt64l/region/sr_Cyrl_XK.res" 1821
"../../../Engine/Content/Internationalization/icudt64l/lang/sr_Latn_BA.res" 1822
"../../../Engine/Content/Internationalization/icudt64l/region/sr_Latn_BA.res" 1823
"../../../Engine/Content/Internationalization/icudt64l/lang/sr_Latn_RS.res" 1824
"../../../Engine/Content/Internationalization/icudt64l/region/sr_Latn_RS.res" 1825
"../../../Engine/Content/Internationalization/icudt64l/lang/sr_Latn_XK.res" 1826
"../../../Engine/Content/Internationalization/icudt64l/region/sr_Latn_XK.res" 1827
"../../../Engine/Content/Internationalization/icudt64l/lang/sv.res" 1828
"../../../Engine/Content/Internationalization/icudt64l/region/sv.res" 1829
"../../../Engine/Content/Internationalization/icudt64l/lang/sv_FI.res" 1830
"../../../Engine/Content/Internationalization/icudt64l/lang/sw.res" 1831
"../../../Engine/Content/Internationalization/icudt64l/lang/sw_CD.res" 1832
"../../../Engine/Content/Internationalization/icudt64l/region/sw_CD.res" 1833
"../../../Engine/Content/Internationalization/icudt64l/region/sw.res" 1834
"../../../Engine/Content/Internationalization/icudt64l/lang/sw_KE.res" 1835
"../../../Engine/Content/Internationalization/icudt64l/region/sw_KE.res" 1836
"../../../Engine/Content/Internationalization/icudt64l/lang/ta.res" 1837
"../../../Engine/Content/Internationalization/icudt64l/region/ta.res" 1838
"../../../Engine/Content/Internationalization/icudt64l/lang/te.res" 1839
"../../../Engine/Content/Internationalization/icudt64l/region/te.res" 1840
"../../../Engine/Content/Internationalization/icudt64l/lang/teo.res" 1841
"../../../Engine/Content/Internationalization/icudt64l/region/teo.res" 1842
"../../../Engine/Content/Internationalization/icudt64l/lang/tg.res" 1843
"../../../Engine/Content/Internationalization/icudt64l/region/tg.res" 1844
"../../../Engine/Content/Internationalization/icudt64l/lang/th.res" 1845
"../../../Engine/Content/Internationalization/icudt64l/lang/th_TH.res" 1846
"../../../Engine/Content/Internationalization/icudt64l/region/th_TH.res" 1847
"../../../Engine/Content/Internationalization/icudt64l/region/th.res" 1848
"../../../Engine/Content/Internationalization/icudt64l/lang/ti.res" 1849
"../../../Engine/Content/Internationalization/icudt64l/region/ti.res" 1850
"../../../Engine/Content/Internationalization/icudt64l/lang/tk.res" 1851
"../../../Engine/Content/Internationalization/icudt64l/region/tk.res" 1852
"../../../Engine/Content/Internationalization/icudt64l/lang/to.res" 1853
"../../../Engine/Content/Internationalization/icudt64l/region/to.res" 1854
"../../../Engine/Content/Internationalization/icudt64l/lang/tr.res" 1855
"../../../Engine/Content/Internationalization/icudt64l/region/tr.res" 1856
"../../../Engine/Content/Internationalization/icudt64l/lang/tt.res" 1857
"../../../Engine/Content/Internationalization/icudt64l/region/tt.res" 1858
"../../../Engine/Content/Internationalization/icudt64l/lang/twq.res" 1859
"../../../Engine/Content/Internationalization/icudt64l/region/twq.res" 1860
"../../../Engine/Content/Internationalization/icudt64l/lang/tzm.res" 1861
"../../../Engine/Content/Internationalization/icudt64l/region/tzm.res" 1862
"../../../Engine/Content/Internationalization/icudt64l/lang/ug.res" 1863
"../../../Engine/Content/Internationalization/icudt64l/region/ug.res" 1864
"../../../Engine/Content/Internationalization/icudt64l/lang/uk.res" 1865
"../../../Engine/Content/Internationalization/icudt64l/region/uk.res" 1866
"../../../Engine/Content/Internationalization/icudt64l/lang/ur.res" 1867
"../../../Engine/Content/Internationalization/icudt64l/lang/ur_IN.res" 1868
"../../../Engine/Content/Internationalization/icudt64l/region/ur_IN.res" 1869
"../../../Engine/Content/Internationalization/icudt64l/region/ur.res" 1870
"../../../Engine/Content/Internationalization/icudt64l/lang/uz.res" 1871
"../../../Engine/Content/Internationalization/icudt64l/lang/uz_Arab.res" 1872
"../../../Engine/Content/Internationalization/icudt64l/lang/uz_AF.res" 1873
"../../../Engine/Content/Internationalization/icudt64l/lang/uz_Arab_AF.res" 1874
"../../../Engine/Content/Internationalization/icudt64l/region/uz_AF.res" 1875
"../../../Engine/Content/Internationalization/icudt64l/region/uz_Arab_AF.res" 1876
"../../../Engine/Content/Internationalization/icudt64l/region/uz_Arab.res" 1877
"../../../Engine/Content/Internationalization/icudt64l/lang/uz_Cyrl.res" 1878
"../../../Engine/Content/Internationalization/icudt64l/lang/uz_UZ.res" 1879
"../../../Engine/Content/Internationalization/icudt64l/lang/uz_Latn_UZ.res" 1880
"../../../Engine/Content/Internationalization/icudt64l/lang/uz_Latn.res" 1881
"../../../Engine/Content/Internationalization/icudt64l/region/uz_UZ.res" 1882
"../../../Engine/Content/Internationalization/icudt64l/region/uz_Latn_UZ.res" 1883
"../../../Engine/Content/Internationalization/icudt64l/region/uz_Latn.res" 1884
"../../../Engine/Content/Internationalization/icudt64l/region/uz.res" 1885
"../../../Engine/Content/Internationalization/icudt64l/region/uz_Cyrl.res" 1886
"../../../Engine/Content/Internationalization/icudt64l/lang/vai.res" 1887
"../../../Engine/Content/Internationalization/icudt64l/lang/vai_Latn.res" 1888
"../../../Engine/Content/Internationalization/icudt64l/lang/vai_LR.res" 1889
"../../../Engine/Content/Internationalization/icudt64l/lang/vai_Vaii_LR.res" 1890
"../../../Engine/Content/Internationalization/icudt64l/lang/vai_Vaii.res" 1891
"../../../Engine/Content/Internationalization/icudt64l/region/vai_LR.res" 1892
"../../../Engine/Content/Internationalization/icudt64l/region/vai_Vaii_LR.res" 1893
"../../../Engine/Content/Internationalization/icudt64l/region/vai_Vaii.res" 1894
"../../../Engine/Content/Internationalization/icudt64l/region/vai.res" 1895
"../../../Engine/Content/Internationalization/icudt64l/region/vai_Latn.res" 1896
"../../../Engine/Content/Internationalization/icudt64l/lang/vi.res" 1897
"../../../Engine/Content/Internationalization/icudt64l/region/vi.res" 1898
"../../../Engine/Content/Internationalization/icudt64l/lang/vun.res" 1899
"../../../Engine/Content/Internationalization/icudt64l/region/vun.res" 1900
"../../../Engine/Content/Internationalization/icudt64l/lang/wae.res" 1901
"../../../Engine/Content/Internationalization/icudt64l/region/wae.res" 1902
"../../../Engine/Content/Internationalization/icudt64l/lang/wo.res" 1903
"../../../Engine/Content/Internationalization/icudt64l/region/wo.res" 1904
"../../../Engine/Content/Internationalization/icudt64l/lang/xh.res" 1905
"../../../Engine/Content/Internationalization/icudt64l/region/xh.res" 1906
"../../../Engine/Content/Internationalization/icudt64l/lang/xog.res" 1907
"../../../Engine/Content/Internationalization/icudt64l/region/xog.res" 1908
"../../../Engine/Content/Internationalization/icudt64l/lang/yav.res" 1909
"../../../Engine/Content/Internationalization/icudt64l/region/yav.res" 1910
"../../../Engine/Content/Internationalization/icudt64l/lang/yi.res" 1911
"../../../Engine/Content/Internationalization/icudt64l/region/yi.res" 1912
"../../../Engine/Content/Internationalization/icudt64l/lang/yo.res" 1913
"../../../Engine/Content/Internationalization/icudt64l/lang/yo_BJ.res" 1914
"../../../Engine/Content/Internationalization/icudt64l/region/yo_BJ.res" 1915
"../../../Engine/Content/Internationalization/icudt64l/region/yo.res" 1916
"../../../Engine/Content/Internationalization/icudt64l/lang/yue.res" 1917
"../../../Engine/Content/Internationalization/icudt64l/lang/yue_Hans.res" 1918
"../../../Engine/Content/Internationalization/icudt64l/lang/yue_CN.res" 1919
"../../../Engine/Content/Internationalization/icudt64l/lang/yue_Hans_CN.res" 1920
"../../../Engine/Content/Internationalization/icudt64l/region/yue_CN.res" 1921
"../../../Engine/Content/Internationalization/icudt64l/region/yue_Hans_CN.res" 1922
"../../../Engine/Content/Internationalization/icudt64l/region/yue_Hans.res" 1923
"../../../Engine/Content/Internationalization/icudt64l/lang/yue_Hant.res" 1924
"../../../Engine/Content/Internationalization/icudt64l/lang/yue_HK.res" 1925
"../../../Engine/Content/Internationalization/icudt64l/lang/yue_Hant_HK.res" 1926
"../../../Engine/Content/Internationalization/icudt64l/region/yue_HK.res" 1927
"../../../Engine/Content/Internationalization/icudt64l/region/yue_Hant_HK.res" 1928
"../../../Engine/Content/Internationalization/icudt64l/region/yue_Hant.res" 1929
"../../../Engine/Content/Internationalization/icudt64l/region/yue.res" 1930
"../../../Engine/Content/Internationalization/icudt64l/lang/zgh.res" 1931
"../../../Engine/Content/Internationalization/icudt64l/region/zgh.res" 1932
"../../../Engine/Content/Internationalization/icudt64l/lang/zh.res" 1933
"../../../Engine/Content/Internationalization/icudt64l/lang/zh_Hans.res" 1934
"../../../Engine/Content/Internationalization/icudt64l/lang/zh_CN.res" 1935
"../../../Engine/Content/Internationalization/icudt64l/lang/zh_Hans_CN.res" 1936
"../../../Engine/Content/Internationalization/icudt64l/region/zh_CN.res" 1937
"../../../Engine/Content/Internationalization/icudt64l/region/zh_Hans_CN.res" 1938
"../../../Engine/Content/Internationalization/icudt64l/region/zh_Hans.res" 1939
"../../../Engine/Content/Internationalization/icudt64l/region/zh.res" 1940
"../../../Engine/Content/Internationalization/icudt64l/lang/zh_HK.res" 1941
"../../../Engine/Content/Internationalization/icudt64l/lang/zh_Hant_HK.res" 1942
"../../../Engine/Content/Internationalization/icudt64l/lang/zh_Hant.res" 1943
"../../../Engine/Content/Internationalization/icudt64l/region/zh_HK.res" 1944
"../../../Engine/Content/Internationalization/icudt64l/region/zh_Hant_HK.res" 1945
"../../../Engine/Content/Internationalization/icudt64l/region/zh_Hant.res" 1946
"../../../Engine/Content/Internationalization/icudt64l/lang/zh_MO.res" 1947
"../../../Engine/Content/Internationalization/icudt64l/lang/zh_Hant_MO.res" 1948
"../../../Engine/Content/Internationalization/icudt64l/region/zh_MO.res" 1949
"../../../Engine/Content/Internationalization/icudt64l/region/zh_Hant_MO.res" 1950
"../../../Engine/Content/Internationalization/icudt64l/lang/zh_SG.res" 1951
"../../../Engine/Content/Internationalization/icudt64l/lang/zh_Hans_SG.res" 1952
"../../../Engine/Content/Internationalization/icudt64l/region/zh_SG.res" 1953
"../../../Engine/Content/Internationalization/icudt64l/region/zh_Hans_SG.res" 1954
"../../../Engine/Content/Internationalization/icudt64l/lang/zh_TW.res" 1955
"../../../Engine/Content/Internationalization/icudt64l/lang/zh_Hant_TW.res" 1956
"../../../Engine/Content/Internationalization/icudt64l/region/zh_TW.res" 1957
"../../../Engine/Content/Internationalization/icudt64l/region/zh_Hant_TW.res" 1958
"../../../Engine/Content/Internationalization/icudt64l/lang/zu.res" 1959
"../../../Engine/Content/Internationalization/icudt64l/region/zu.res" 1960
"../../../Engine/Content/Internationalization/icudt64l/lang/no.res" 1961
"../../../Engine/Content/Internationalization/icudt64l/lang/tl.res" 1962
"../../../Engine/Config/Android/DataDrivenPlatformInfo.ini" 1963
"../../../Engine/Config/IOS/DataDrivenPlatformInfo.ini" 1964
"../../../Engine/Config/Linux/DataDrivenPlatformInfo.ini" 1965
"../../../Engine/Config/Mac/DataDrivenPlatformInfo.ini" 1966
"../../../Engine/Config/TVOS/DataDrivenPlatformInfo.ini" 1967
"../../../Engine/Config/Unix/DataDrivenPlatformInfo.ini" 1968
"../../../Engine/Config/VulkanPC/DataDrivenPlatformInfo.ini" 1969
"../../../Engine/Config/Windows/DataDrivenPlatformInfo.ini" 1970
"../../../Engine/Platforms/VisionOS/Config/DataDrivenPlatformInfo.ini" 1971
"../../../Engine/Content/Renderer/TessellationTable.bin" 1972
"../../../Engine/DerivedDataCache/Compressed.ddp" 1973
"C:/Users/darcy/AppData/Local/UnrealEngine/5.6/Saved/Zen/zen.version" 1974
"C:/Users/darcy/AppData/Local/UnrealEngine/Common/Zen/Install/zen.version" 1975
"C:/Users/darcy/AppData/Local/UnrealEngine/Common/Zen/Install/zenserver.runcontext" 1976
"C:/Users/darcy/AppData/Local/UnrealEngine/Common/DerivedDataCache/TestData/0/TestData_4kb.dat" 1977
"C:/Users/darcy/AppData/Local/UnrealEngine/Common/DerivedDataCache/TestData/1/TestData_4kb.dat" 1978
"C:/Users/darcy/AppData/Local/UnrealEngine/Common/DerivedDataCache/TestData/0/TestData_8kb.dat" 1979
"C:/Users/darcy/AppData/Local/UnrealEngine/Common/DerivedDataCache/TestData/1/TestData_8kb.dat" 1980
"C:/Users/darcy/AppData/Local/UnrealEngine/Common/DerivedDataCache/TestData/0/TestData_16kb.dat" 1981
"C:/Users/darcy/AppData/Local/UnrealEngine/Common/DerivedDataCache/TestData/1/TestData_16kb.dat" 1982
"C:/Users/darcy/AppData/Local/UnrealEngine/Common/DerivedDataCache/TestData/0/TestData_64kb.dat" 1983
"C:/Users/darcy/AppData/Local/UnrealEngine/Common/DerivedDataCache/TestData/1/TestData_64kb.dat" 1984
"C:/Users/darcy/AppData/Local/UnrealEngine/Common/DerivedDataCache/TestData/0/TestData_128kb.dat" 1985
"C:/Users/darcy/AppData/Local/UnrealEngine/Common/DerivedDataCache/TestData/1/TestData_128kb.dat" 1986
"C:/Users/darcy/AppData/Local/UnrealEngine/Common/DerivedDataCache/TestData/0/TestData_256kb.dat" 1987
"C:/Users/darcy/AppData/Local/UnrealEngine/Common/DerivedDataCache/TestData/1/TestData_256kb.dat" 1988
"C:/Users/darcy/AppData/Roaming/Unreal Engine/UnrealBuildTool/BuildConfiguration.xml" 1989
"../../../../../../Users/darcy/Documents/Unreal Projects/UnitB-Project/Intermediate/ShaderAutogen/PCD3D_SM6/AutogenShaderHeaders.ush" 1990
"../../../Engine/Shaders/Private/HairStrands/HairStrandsVertexFactory.ush" 1991
"../../../Engine/Shaders/Private/VertexFactoryCommon.ush" 1992
"../../../Engine/Shaders/Private/Common.ush" 1993
"../../../Engine/Shaders/Public/Platform.ush" 1994
"../../../Engine/Shaders/Public/FP16Math.ush" 1995
"../../../Engine/Shaders/Public/Platform/D3D/D3DCommon.ush" 1996
"../../../Engine/Shaders/Shared/HLSLReservedSpaces.h" 1997
"../../../Engine/Shaders/Public/BindlessResources.ush" 1998
"../../../Engine/Shaders/Public/Platform/D3D/PlatformBindlessResources.ush" 1999
"../../../Engine/Shaders/Shared/RayTracingBuiltInResources.h" 2000
"../../../Engine/Shaders/Shared/RayTracingDefinitions.h" 2001
"../../../Engine/Shaders/Public/OverloadMacros.ush" 2002
"../../../Engine/Shaders/Public/ShaderVersion.ush" 2003
"../../../Engine/Shaders/Shared/ThirdParty/NVIDIA/nvHLSLExtns.h" 2004
"../../../Engine/Shaders/Shared/ThirdParty/NVIDIA/nvHLSLExtnsInternal.h" 2005
"../../../Engine/Shaders/Shared/ThirdParty/NVIDIA/nvShaderExtnEnums.h" 2006
"../../../Engine/Shaders/Private/PackUnpack.ush" 2007
"../../../Engine/Shaders/Private/GeneratedUniformBufferTypes.ush" 2008
"../../../Engine/Shaders/Private/Nanite/NanitePackedNaniteView.ush" 2009
"../../../Engine/Shaders/Private/HairStrands/HairStrandsVisibilityCommonStruct.ush" 2010
"../../../Engine/Shaders/Private/HairStrands/HairStrandsVoxelPageCommonStruct.ush" 2011
"../../../Engine/Shaders/Private/HairStrands/HairStrandsDeepShadowCommonStruct.ush" 2012
"../../../Engine/Shaders/Shared/LightSceneData.h" 2013
"../../../Engine/Shaders/Shared/HLSLTypeAliases.h" 2014
"../../../Engine/Shaders/Private/LargeWorldCoordinates.ush" 2015
"../../../Engine/Shaders/Private/DoubleFloat.ush" 2016
"../../../Engine/Shaders/Private/RandomPCG.ush" 2017
"../../../Engine/Shaders/Private/DoubleFloatOperations.ush" 2018
"../../../Engine/Shaders/Private/DoubleFloatVectorDefinition.ush" 2019
"../../../Engine/Shaders/Private/LWCOperations.ush" 2020
"../../../Engine/Shaders/Shared/LightViewData.h" 2021
"../../../Engine/Shaders/Shared/RayTracingTypes.h" 2022
"../../../Engine/Shaders/Shared/HLSLStaticAssert.h" 2023
"../../../Engine/Shaders/Private/CommonViewUniformBuffer.ush" 2024
"../../../Engine/Shaders/Private/InstancedStereo.ush" 2025
"../../../Engine/Shaders/Private/Definitions.usf" 2026
"../../../Engine/Shaders/Private/AssertionMacros.ush" 2027
"../../../Engine/Shaders/Private/FastMath.ush" 2028
"../../../Engine/Shaders/Private/FastMathThirdParty.ush" 2029
"../../../Engine/Shaders/Private/Random.ush" 2030
"../../../Engine/Shaders/Private/RandomInterleavedGradientNoise.ush" 2031
"../../../Engine/Shaders/Private/SceneData.ush" 2032
"../../../Engine/Shaders/Private/OctahedralCommon.ush" 2033
"../../../Engine/Shaders/Private/WaveOpUtil.ush" 2034
"../../../Engine/Shaders/Private/ByteBuffer.ush" 2035
"../../../Engine/Shaders/Shared/SceneDefinitions.h" 2036
"../../../Engine/Shaders/Private/SceneDataMobileLoader.ush" 2037
"../../../Engine/Shaders/Private/LocalVertexFactoryCommon.ush" 2038
"../../../Engine/Shaders/Private/HairStrands/HairStrandsVisibilityCommon.ush" 2039
"../../../Engine/Shaders/Shared/HairStrandsDefinitions.h" 2040
"../../../Engine/Shaders/Private/HairStrands/HairStrandsVertexFactoryCommon.ush" 2041
"../../../Engine/Shaders/Private/HairStrands/HairStrandsPack.ush" 2042
"../../../Engine/Shaders/Private/HairStrands/HairStrandsAttributeCommon.ush" 2043
"../../../Engine/Shaders/Private/HairStrands/HairStrandsAttributeTemplate.ush" 2044
"../../../Engine/Shaders/Private/VertexFactoryDefaultInterface.ush" 2045
"../../../Engine/Shaders/Private/HairStrands/HairCardsVertexFactory.ush" 2046
"../../../Engine/Shaders/Private/HairStrands/HairCardsAttributeCommon.ush" 2047
"../../../Engine/Shaders/Private/RayTracing/RayTracingCommon.ush" 2048
"../../../Engine/Shaders/Private/ShadingCommon.ush" 2049
"../../../Engine/Shaders/Shared/RayTracingPayloadType.h" 2050
"../../../Engine/Shaders/Private/RayTracing/RayTracingRayCone.ush" 2051
"../../../Engine/Shaders/Private/Substrate/Substrate.ush" 2052
"../../../Engine/Shaders/Private/ShadingEnergyConservation.ush" 2053
"../../../Engine/Shaders/Private/ShadingEnergyConservationTemplate.ush" 2054
"../../../Engine/Shaders/Private/BRDF.ush" 2055
"../../../Engine/Shaders/Private/ColorSpace.ush" 2056
"../../../Engine/Shaders/Private/DeferredShadingCommon.ush" 2057
"../../../Engine/Shaders/Private/LightAccumulator.ush" 2058
"../../../Engine/Shaders/Private/SceneTexturesCommon.ush" 2059
"../../../Engine/Shaders/Private/MonteCarlo.ush" 2060
"../../../Engine/Shaders/Private/GBufferHelpers.ush" 2061
"../../../Engine/Shaders/Private/SceneTextureParameters.ush" 2062
"C:/Users/darcy/Documents/Unreal Projects/UnitB-Project/Intermediate/ShaderAutogen/PCD3D_SM6/AutogenShaderHeaders.ush" 2063
"../../../Engine/Shaders/Private/ParticipatingMediaCommon.ush" 2064
"../../../Engine/Shaders/Private/ThinFilmBSDF.ush" 2065
"../../../Engine/Shaders/Private/MortonCode.ush" 2066
"../../../Engine/Shaders/Private/SubsurfaceProfileCommon.ush" 2067
"../../../Engine/Shaders/Private/BurleyNormalizedSSSCommon.ush" 2068
"../../../Engine/Shaders/Private/GammaCorrectionCommon.ush" 2069
"../../../Engine/Shaders/Shared/SubstrateDefinitions.h" 2070
"../../../Engine/Shaders/Private/Substrate/SubstrateStatisticalOperators.ush" 2071
"../../../Engine/Shaders/Private/Substrate/SubstrateSubsurface.ush" 2072
"../../../Engine/Shaders/Private/TransmissionCommon.ush" 2073
"../../../Engine/Shaders/Private/Substrate/SubstrateExportCommon.ush" 2074
"../../../Engine/Shaders/Private/SpecularProfileCommon.ush" 2075
"../../../Engine/Shaders/Private/RayTracing/RayTracingCommonMetal.ush" 2076
"../../../Engine/Shaders/Private/PositionReconstructionCommon.ush" 2077
"../../../Engine/Shaders/Private/RayTracing/TraceRayInline.ush" 2078
"../../../Engine/Shaders/Private/RayTracing/TraceRayInlineCommon.ush" 2079
"../../../Engine/Shaders/Private/RayTracing/TraceRayInlineVulkan.ush" 2080
"../../../Engine/Shaders/Private/RayTracing/TraceRayInlineMetal.ush" 2081
"../../../Engine/Shaders/Private/RayTracing/TraceRayInlineD3D12.ush" 2082
"../../../Engine/Shaders/Private/RayTracing/RayTracingHitGroupCommon.ush" 2083
"../../../Engine/Shaders/Private/Nanite/NaniteRayTrace.ush" 2084
"../../../Engine/Shaders/Private/Nanite/NaniteDataDecode.ush" 2085
"../../../Engine/Shaders/Private/BitPacking.ush" 2086
"../../../Engine/Shaders/Private/BitStreamReaderImplementation.ush" 2087
"../../../Engine/Shaders/Private/BoneTransform.ush" 2088
"../../../Engine/Shaders/Private/Quaternion.ush" 2089
"../../../Engine/Shaders/Shared/NaniteDefinitions.h" 2090
"../../../Engine/Shaders/Shared/SkinningDefinitions.h" 2091
"../../../Engine/Shaders/Private/Nanite/NaniteAttributeDecode.ush" 2092
"../../../Engine/Shaders/Private/Barycentrics.ush" 2093
"../../../Engine/Shaders/Private/DualNumber.ush" 2094
"../../../Engine/Shaders/Shared/ThirdParty/RayTriangleIntersection.h" 2095
"../../../Engine/Shaders/Private/Nanite/NaniteVertexFetch.ush" 2096
"../../../Engine/Shaders/Private/Nanite/NaniteSceneCommon.ush" 2097
"../../../Engine/Plugins/FX/Niagara/Shaders/Private/NiagaraSpriteVertexFactory.ush" 2098
"../../../Engine/Shaders/Private/ParticleVertexFactoryCommon.ush" 2099
"../../../Engine/Plugins/FX/Niagara/Shaders/Private/NiagaraVFCommon.usf" 2100
"../../../Engine/Plugins/FX/Niagara/Shaders/Private/NiagaraVFParticleAccess.usf" 2101
"../../../Engine/Plugins/FX/Niagara/Shaders/Private/NiagaraParticleAccess.ush" 2102
"../../../Engine/Plugins/FX/Niagara/Shaders/Private/NiagaraRibbonVertexFactory.ush" 2103
"../../../Engine/Plugins/FX/Niagara/Shaders/Private/NiagaraMeshVertexFactory.ush" 2104
"../../../Engine/Plugins/FX/Niagara/Shaders/Private/NiagaraCommon.ush" 2105
"../../../Engine/Plugins/FX/Niagara/Shaders/Private/NiagaraMeshParticleUtils.ush" 2106
"../../../Engine/Shaders/Private/VectorFieldVisualizationVertexFactory.ush" 2107
"../../../Engine/Shaders/Private/Nanite/NaniteVertexFactory.ush" 2108
"../../../Engine/Shaders/Private/LightmapData.ush" 2109
"../../../Engine/Shaders/Private/SplineMeshCommon.ush" 2110
"../../../Engine/Shaders/Shared/SplineMeshShaderParams.h" 2111
"../../../Engine/Shaders/Private/ShaderPrint.ush" 2112
"../../../Engine/Shaders/Private/ShaderPrintCommon.ush" 2113
"../../../Engine/Shaders/Private/MiniFontCommon.ush" 2114
"../../../Engine/Shaders/Private/MaterialCache/MaterialCacheCommon.ush" 2115
"../../../Engine/Shaders/Shared/MaterialCacheDefinitions.h" 2116
"../../../Engine/Shaders/Private/Nanite/NaniteVertexDeformation.ush" 2117
"../../../Engine/Shaders/Private/ViewData.ush" 2118
"../../../Engine/Shaders/Shared/ViewDefinitions.h" 2119
"../../../Engine/Shaders/Private/Matrices.ush" 2120
"../../../Engine/Shaders/Private/ParticleSpriteVertexFactory.ush" 2121
"../../../Engine/Shaders/Private/ParticleGPUSpriteVertexFactory.ush" 2122
"../../../Engine/Shaders/Private/ParticleSimulationCommon.ush" 2123
"../../../Engine/Shaders/Private/ParticleBeamTrailVertexFactory.ush" 2124
"../../../Engine/Shaders/Private/MeshParticleVertexFactory.ush" 2125
"../../../Engine/Shaders/Private/LocalVertexFactory.ush" 2126
"../../../Engine/Shaders/Private/GpuSkinCommon.ush" 2127
"../../../Engine/Shaders/Private/GpuSkinVertexFactory.ush" 2128
"../../../Engine/Shaders/Private/GeometryCollectionVertexFactory.ush" 2129
"../../../Engine/Shaders/Private/GeometryCacheVertexFactory.ush" 2130
"../../../Engine/Shaders/Private/LandscapeVertexFactory.ush" 2131
"../../../Engine/Plugins/Experimental/Compositing/CompositeCore/Shaders/Private/CompositeCoreMerge.usf" 2132
"../../../Engine/Shaders/Private/ScreenPass.ush" 2133
"../../../Engine/Shaders/Private/LensDistortion.ush" 2134
"../../../Engine/Plugins/Experimental/Compositing/CompositeCore/Shaders/Private/CompositeCoreDisplayTransform.usf" 2135
"../../../Engine/Plugins/Experimental/Compositing/CompositeCore/Shaders/Private/CompositeCoreDilate.usf" 2136
"../../../Engine/Plugins/Experimental/NFORDenoise/Shaders/NFORDenoise.usf" 2137
"../../../Engine/Plugins/Experimental/NFORDenoise/Shaders/NFORRegressionCommon.ush" 2138
"../../../Engine/Plugins/Experimental/NFORDenoise/Shaders/NFORRegression.ush" 2139
"../../../Engine/Plugins/VirtualProduction/CameraCalibrationCore/Shaders/Private/CrosshairOverlay.usf" 2140
"../../../Engine/Plugins/VirtualProduction/CameraCalibrationCore/Shaders/Private/DisplacementMapBlending.usf" 2141
"../../../Engine/Plugins/VirtualProduction/CameraCalibrationCore/Shaders/Private/RecenterSTDisplacementMaps.usf" 2142
"../../../Engine/Plugins/VirtualProduction/CameraCalibrationCore/Shaders/Private/FillSTDisplacementMap.usf" 2143
"../../../Engine/Plugins/VirtualProduction/CameraCalibrationCore/Shaders/Private/InvertDisplacementMap.usf" 2144
"../../../Engine/Plugins/VirtualProduction/CameraCalibrationCore/Shaders/Private/CropDisplacementMap.usf" 2145
"../../../Engine/Plugins/VirtualProduction/CameraCalibrationCore/Shaders/Private/BlendDisplacementMaps.usf" 2146
"../../../Engine/Plugins/VirtualProduction/CameraCalibrationCore/Shaders/Private/DrawDisplacementMaps.usf" 2147
"../../../Engine/Plugins/VirtualProduction/CameraCalibrationCore/Shaders/Private/UndistortImagePoints.usf" 2148
"../../../Engine/Plugins/VirtualProduction/CameraCalibrationCore/Shaders/Private/DistortionSTMapProcessor.usf" 2149
"../../../Engine/Plugins/Media/WmfMedia/Shaders/Private/MediaHardwareVideoDecoding.usf" 2150
"../../../Engine/Shaders/Private/ColorUtils.ush" 2151
"../../../Engine/Plugins/Media/ImgMedia/Shaders/Private/ExrSwizzler.usf" 2152
"../../../Engine/Plugins/Runtime/HairStrands/Shaders/Private/NiagaraCopyVelocityGrid.usf" 2153
"../../../Engine/Plugins/Runtime/HairStrands/Shaders/Private/NiagaraClearVelocityGrid.usf" 2154
"../../../Engine/Plugins/Runtime/HairStrands/Shaders/Private/NiagaraClearPressureGrid.usf" 2155
"../../../Engine/Plugins/Runtime/HairStrands/Shaders/Private/NiagaraInterpolateGroomGuides.usf" 2156
"../../../Engine/Plugins/Runtime/HairStrands/Shaders/Private/NiagaraGroomInterpolationUtils.ush" 2157
"../../../Engine/Plugins/FX/Niagara/Shaders/Private/NiagaraQuaternionUtils.ush" 2158
"../../../Engine/Shaders/Private/HairStrands/HairStrandsMesh.usf" 2159
"../../../Engine/Shaders/Private/HairStrands/HairStrandsBindingCommon.ush" 2160
"../../../Engine/Shaders/Private/HairStrands/HairStrandsFollicleMask.usf" 2161
"../../../Engine/Shaders/Private/HairStrands/HairStrandsSkinUpdate.usf" 2162
"../../../Engine/Shaders/Private/HairStrands/HairStrandsClusterCulling.usf" 2163
"../../../Engine/Shaders/Private/ColorMap.ush" 2164
"../../../Engine/Shaders/Private/HairStrands/HairStrandsAABBCommon.ush" 2165
"../../../Engine/Shaders/Private/HairStrands/HairStrandsClusterCommon.ush" 2166
"../../../Engine/Shaders/Private/ThreadGroupPrefixSum.ush" 2167
"../../../Engine/Shaders/Private/HairStrands/HairStrandsRaytracingGeometry.usf" 2168
"../../../Engine/Shaders/Private/HairStrands/HairStrandsTangent.usf" 2169
"../../../Engine/Shaders/Private/HairStrands/HairCardsDeformation.usf" 2170
"../../../Engine/Shaders/Private/HairStrands/HairStrandsInterpolation.usf" 2171
"../../../Engine/Shaders/Private/HairStrands/HairStrandsGuideDeform.usf" 2172
"../../../Engine/Shaders/Private/HairStrands/HairStrandsTexturesGeneration.usf" 2173
"../../../Engine/Shaders/Private/HairStrands/HairCardsTextureCommon.ush" 2174
"../../../Engine/Shaders/Private/HairStrands/HairStrandsTranscode.usf" 2175
"../../../Engine/Shaders/Private/HairStrands/HairStrandsDebug.usf" 2176
"../../../Engine/Shaders/Private/HairShadingCommon.ush" 2177
"../../../Engine/Shaders/Private/PostProcessCommon.ush" 2178
"../../../Engine/Shaders/Private/ShadingModels.ush" 2179
"../../../Engine/Shaders/Private/CapsuleLight.ush" 2180
"../../../Engine/Shaders/Private/RectLight.ush" 2181
"../../../Engine/Shaders/Private/LightData.ush" 2182
"../../../Engine/Shaders/Shared/LightDefinitions.h" 2183
"../../../Engine/Shaders/Private/AreaLightCommon.ush" 2184
"../../../Engine/Shaders/Private/HairBsdf.ush" 2185
"../../../Engine/Shaders/Private/MobileGGX.ush" 2186
"../../../Engine/Shaders/Private/HairStrands/HairStrandsCommon.ush" 2187
"../../../Engine/Shaders/Private/HairStrands/HairStrandsEnvironmentLightingCommon.ush" 2188
"../../../Engine/Shaders/Private/HairStrands/HairStrandsDeepTransmittanceCommon.ush" 2189
"../../../Engine/Shaders/Private/HairStrands/HairStrandsDeepTransmittanceDualScattering.ush" 2190
"../../../Engine/Shaders/Private/HairStrands/HairStrandsDeepShadowCommon.ush" 2191
"../../../Engine/Shaders/Private/HairStrands/HairStrandsDebugCommonStruct.ush" 2192
"../../../Engine/Plugins/Runtime/ComputeFramework/Shaders/Private/ComputeKernel.usf" 2193
"../../../Engine/Plugins/Runtime/ComputeFramework/Shaders/Private/ComputeKernelCommon.ush" 2194
"../../../Engine/Plugins/NNE/NNEDenoiser/Shaders/NNEDenoiserShadersTransferFunctionOidn.usf" 2195
"../../../Engine/Plugins/NNE/NNEDenoiser/Shaders/NNEDenoiserShadersMappedCopy.usf" 2196
"../../../Engine/Plugins/NNE/NNEDenoiser/Shaders/NNEDenoiserShadersDefaultIOProcess.usf" 2197
"../../../Engine/Plugins/NNE/NNEDenoiser/Shaders/NNEDenoiserShadersAutoExposureReduceFinal.usf" 2198
"../../../Engine/Plugins/NNE/NNEDenoiser/Shaders/NNEDenoiserShadersAutoExposureReduce.usf" 2199
"../../../Engine/Plugins/NNE/NNEDenoiser/Shaders/NNEDenoiserShadersAutoExposureDownsample.usf" 2200
"../../../Engine/Plugins/Enterprise/GLTFExporter/Shaders/Private/SimpleTexture2DPS.usf" 2201
"../../../Engine/Shaders/Private/SimpleElementNormalMapPixelShader.usf" 2202
"../../../Engine/Plugins/FX/Niagara/Shaders/Private/NiagaraVertexFactoryExport.usf" 2203
"../../../Engine/Shaders/Private/ComputeShaderUtils.ush" 2204
"../../../Engine/Shaders/Private/MaterialTemplate.ush" 2205
"../../../Engine/Shaders/Private/WorldSpaceMath.ush" 2206
"../../../Engine/Shaders/Private/EyeAdaptationCommon.ush" 2207
"../../../Engine/Shaders/Private/SobolRandom.ush" 2208
"../../../Engine/Shaders/Private/DepthOfFieldCommon.ush" 2209
"../../../Engine/Shaders/Private/CircleDOFCommon.ush" 2210
"../../../Engine/Shaders/Private/DistanceField/GlobalDistanceFieldShared.ush" 2211
"../../../Engine/Shaders/Private/PhysicsFieldSampler.ush" 2212
"../../../Engine/Shaders/Private/PhysicsFieldShared.ush" 2213
"../../../Engine/Shaders/Private/SparseVolumeTexture/SparseVolumeTextureCommon.ush" 2214
"../../../Engine/Shaders/Shared/EnvironmentComponentsFlags.h" 2215
"../../../Engine/Shaders/Private/MeshPaintTextureCommon.ush" 2216
"../../../Engine/Shaders/Private/VirtualTextureMaterial.ush" 2217
"../../../Engine/Shaders/Private/MaterialCache/MaterialCacheMaterialCommon.ush" 2218
"../../../Engine/Shaders/Private/MaterialCache/MaterialCacheABuffer.ush" 2219
"../../../Engine/Shaders/Private/SpeedTreeCommon.ush" 2220
"../../../Engine/Shaders/Private/VirtualTextureCommon.ush" 2221
"../../../Engine/Shaders/Private/MaterialTexture.ush" 2222
"../../../Engine/Shaders/Private/MinMaterialTexCoords.ush" 2223
"../../../Engine/Shaders/Private/SkyAtmosphereCommon.ush" 2224
"../../../Engine/Shaders/Private/SingleLayerWaterCommon.ush" 2225
"../../../Engine/Shaders/Private/TextureSampling.ush" 2226
"../../../Engine/Shaders/Private/PaniniProjection.ush" 2227
"../../../Engine/Shaders/Private/DBufferNormalReprojection.ush" 2228
"../../../Engine/Shaders/Public/SubstratePublic.ush" 2229
"../../../Engine/Shaders/Private/Substrate/SubstrateTree.ush" 2230
"../../../Engine/Shaders/Private/Substrate/SubstrateEvaluation.ush" 2231
"../../../Engine/Shaders/Private/Substrate/Glint/GlintThirdParty.ush" 2232
"../../../Engine/Shaders/Private/BlueNoise.ush" 2233
"../../../Engine/Shaders/Private/SHCommon.ush" 2234
"../../../Engine/Shaders/Private/ShadingModelsSampling.ush" 2235
"../../../Engine/Shaders/Private/HairStrands/HairBsdfSample.ush" 2236
"../../../Engine/Shaders/Private/Substrate/SubstrateLegacyConversion.ush" 2237
"../../../Engine/Shaders/Private/DBufferDecalShared.ush" 2238
"../../../Engine/Plugins/FX/Niagara/Shaders/Private/NiagaraSortKeyGen.usf" 2239
"../../../Engine/Plugins/FX/Niagara/Shaders/Private/NiagaraGPURayTracingTransforms.usf" 2240
"../../../Engine/Plugins/FX/Niagara/Shaders/Private/NiagaraDrawIndirectArgsGen.usf" 2241
"../../../Engine/Plugins/FX/Niagara/Shaders/Private/NiagaraDispatchIndirectArgsGen.usf" 2242
"../../../Engine/Plugins/FX/Niagara/Shaders/Private/Stateless/NiagaraStatelessSimulationDefault.usf" 2243
"../../../Engine/Plugins/FX/Niagara/Shaders/Private/Stateless/NiagaraStatelessSimulationTemplate.ush" 2244
"../../../Engine/Plugins/FX/Niagara/Shaders/Private/Stateless/NiagaraStatelessCommon.ush" 2245
"../../../Engine/Plugins/FX/Niagara/Shaders/Shared/NiagaraStatelessDefinitions.h" 2246
"../../../Engine/Plugins/FX/Niagara/Shaders/Shared/NiagaraStatelessBuiltDistribution.h" 2247
"../../../Engine/Plugins/FX/Niagara/Shaders/Private/Stateless/NiagaraStatelessDistribution.ush" 2248
"../../../Engine/Plugins/FX/Niagara/Shaders/Private/Stateless/Modules/NiagaraStatelessModule_CalculateAccurateVelocity.ush" 2249
"../../../Engine/Plugins/FX/Niagara/Shaders/Private/Stateless/Modules/NiagaraStatelessModule_CameraOffset.ush" 2250
"../../../Engine/Plugins/FX/Niagara/Shaders/Private/Stateless/Modules/NiagaraStatelessModule_DynamicMaterialParameters.ush" 2251
"../../../Engine/Plugins/FX/Niagara/Shaders/Private/Stateless/Modules/NiagaraStatelessModule_InitializeParticle.ush" 2252
"../../../Engine/Plugins/FX/Niagara/Shaders/Private/Stateless/Modules/NiagaraStatelessModule_InitialMeshOrientation.ush" 2253
"../../../Engine/Plugins/FX/Niagara/Shaders/Private/Stateless/Modules/NiagaraStatelessModule_MeshIndex.ush" 2254
"../../../Engine/Plugins/FX/Niagara/Shaders/Private/Stateless/Modules/NiagaraStatelessModule_MeshRotationRate.ush" 2255
"../../../Engine/Plugins/FX/Niagara/Shaders/Private/Stateless/Modules/NiagaraStatelessModule_RotateAroundPoint.ush" 2256
"../../../Engine/Plugins/FX/Niagara/Shaders/Private/Stateless/Modules/NiagaraStatelessModule_ShapeLocation.ush" 2257
"../../../Engine/Plugins/FX/Niagara/Shaders/Private/Stateless/Modules/NiagaraStatelessModule_ScaleColor.ush" 2258
"../../../Engine/Plugins/FX/Niagara/Shaders/Private/Stateless/Modules/NiagaraStatelessModule_ScaleRibbonWidth.ush" 2259
"../../../Engine/Plugins/FX/Niagara/Shaders/Private/Stateless/Modules/NiagaraStatelessModule_ScaleSpriteSize.ush" 2260
"../../../Engine/Plugins/FX/Niagara/Shaders/Private/Stateless/Modules/NiagaraStatelessModule_ScaleSpriteSizeBySpeed.ush" 2261
"../../../Engine/Plugins/FX/Niagara/Shaders/Private/Stateless/Modules/NiagaraStatelessModule_ScaleMeshSize.ush" 2262
"../../../Engine/Plugins/FX/Niagara/Shaders/Private/Stateless/Modules/NiagaraStatelessModule_ScaleMeshSizebySpeed.ush" 2263
"../../../Engine/Plugins/FX/Niagara/Shaders/Private/Stateless/Modules/NiagaraStatelessModule_SolveVelocitiesAndForces.ush" 2264
"../../../Engine/Plugins/FX/Niagara/Shaders/Private/Stateless/Modules/NiagaraStatelessModule_SpriteFacingAndAlignment.ush" 2265
"../../../Engine/Plugins/FX/Niagara/Shaders/Private/Stateless/Modules/NiagaraStatelessModule_SpriteRotationRate.ush" 2266
"../../../Engine/Plugins/FX/Niagara/Shaders/Private/Stateless/Modules/NiagaraStatelessModule_SubUVAnimation.ush" 2267
"../../../Engine/Plugins/FX/Niagara/Shaders/Private/NiagaraBlendSVTsToDenseBuffer.usf" 2268
"../../../Engine/Plugins/FX/Niagara/Shaders/Private/NiagaraSVTToDenseBuffer.usf" 2269
"../../../Engine/Plugins/FX/Niagara/Shaders/Private/NiagaraFillIntBuffer.usf" 2270
"../../../Engine/Plugins/FX/Niagara/Shaders/Private/NiagaraComputeFreeIDs.usf" 2271
"../../../Engine/Plugins/FX/Niagara/Shaders/Private/NiagaraInitFreeIDBuffer.usf" 2272
"../../../Engine/Plugins/FX/Niagara/Shaders/Private/NiagaraEmitterInstanceShader.usf" 2273
"../../../Engine/Plugins/FX/Niagara/Shaders/Private/NiagaraShaderVersion.ush" 2274
"../../../Engine/Plugins/FX/Niagara/Shaders/Private/NiagaraPhysicsCommon.ush" 2275
"../../../Engine/Plugins/FX/Niagara/Shaders/Private/Ribbons/NiagaraRibbonAggregationApply.usf" 2276
"../../../Engine/Plugins/FX/Niagara/Shaders/Private/Ribbons/NiagaraRibbonCommon.ush" 2277
"../../../Engine/Plugins/FX/Niagara/Shaders/Private/Ribbons/NiagaraRibbonAggregationStep.usf" 2278
"../../../Engine/Plugins/FX/Niagara/Shaders/Private/Ribbons/NiagaraRibbonGenerateIndices.usf" 2279
"../../../Engine/Plugins/FX/Niagara/Shaders/Private/Ribbons/NiagaraRibbonInitializeIndices.usf" 2280
"../../../Engine/Plugins/FX/Niagara/Shaders/Private/Ribbons/NiagaraRibbonRibbonUVParamCalculation.usf" 2281
"../../../Engine/Plugins/FX/Niagara/Shaders/Private/Ribbons/NiagaraRibbonVertexReductionFinalization.usf" 2282
"../../../Engine/Plugins/FX/Niagara/Shaders/Private/Ribbons/NiagaraRibbonVertexReductionInitialization.usf" 2283
"../../../Engine/Plugins/FX/Niagara/Shaders/Private/Ribbons/NiagaraRibbonSortParticles.usf" 2284
"../../../Engine/Plugins/FX/Niagara/Shaders/Private/NiagaraLWCHelper.usf" 2285
"../../../Engine/Plugins/FX/Niagara/Shaders/Private/NiagaraUpdateMeshGPUSceneInstances.usf" 2286
"../../../Engine/Shaders/Private/GPUScene/GPUSceneWriter.ush" 2287
"../../../Engine/Plugins/FX/Niagara/Shaders/Private/NiagaraGenerateMips.usf" 2288
"../../../Engine/Plugins/FX/Niagara/Shaders/Private/NiagaraDebugDraw.usf" 2289
"../../../Engine/Plugins/FX/Niagara/Shaders/Private/NiagaraDebugDraw.ush" 2290
"../../../Engine/Plugins/FX/Niagara/Shaders/Private/NiagaraVisualizeTexture.usf" 2291
"../../../Engine/Plugins/FX/Niagara/Shaders/Private/NiagaraClearCounts.usf" 2292
"../../../Engine/Plugins/FX/Niagara/Shaders/Private/NiagaraBatchedElements.usf" 2293
"../../../Engine/Plugins/FX/Niagara/Shaders/Private/NiagaraRayTracingShaders.usf" 2294
"../../../Engine/Plugins/FX/Niagara/Shaders/Private/NiagaraAsyncGpuTraceCommon.ush" 2295
"../../../Engine/Shaders/Private/HashTable.ush" 2296
"../../../Engine/Shaders/Private/Hash.ush" 2297
"../../../Engine/Shaders/Private/RayTracing/VFXTraceRay.ush" 2298
"../../../Engine/Plugins/FX/Niagara/Shaders/Private/NiagaraRayMarchingShaders.usf" 2299
"../../../Engine/Plugins/FX/Niagara/Shaders/Private/NiagaraRayTraceCollisionGroupShaders.usf" 2300
"../../../Engine/Plugins/FX/Niagara/Shaders/Private/NiagaraAsyncGpuTraceUtils.usf" 2301
"../../../Engine/Shaders/Private/VirtualTextureAdapter.usf" 2302
"../../../Engine/Shaders/Private/BlockCompressionCommon.ush" 2303
"../../../Engine/Shaders/Private/BCCompressionCommon.ush" 2304
"../../../Engine/Shaders/Private/TranslucentLightingShaders.usf" 2305
"../../../Engine/Shaders/Private/CubemapCommon.ush" 2306
"../../../Engine/Shaders/Private/VectorFieldCompositeShaders.usf" 2307
"../../../Engine/Shaders/Private/UpdateTextureShaders.usf" 2308
"../../../Engine/Shaders/Private/StereoLayerShader.usf" 2309
"../../../Engine/Shaders/Private/SparseVolumeTexture/UpdateSparseVolumeTexture.usf" 2310
"../../../Engine/Shaders/Private/MorphTargets.usf" 2311
"../../../Engine/Shaders/Private/SimpleElementColorChannelMaskPixelShader.usf" 2312
"../../../Engine/Shaders/Private/SimpleElementHitProxyPixelShader.usf" 2313
"../../../Engine/Shaders/Private/SimpleElementPixelShader.usf" 2314
"../../../Engine/Shaders/Private/IESLightProfilesCommon.ush" 2315
"../../../Engine/Shaders/Private/SimpleElementVertexShader.usf" 2316
"../../../Engine/Shaders/Private/ScreenPixelShaderOES.usf" 2317
"../../../Engine/Shaders/Private/ScreenVertexShader.usf" 2318
"../../../Engine/Shaders/Private/ScreenPixelShader.usf" 2319
"../../../Engine/Shaders/Private/SSProfilePreIntegratedMobile.usf" 2320
"../../../Engine/Shaders/Private/SpecularProfile.usf" 2321
"../../../Engine/Shaders/Private/Nanite/NaniteStreaming.usf" 2322
"../../../Engine/Shaders/Private/Nanite/NaniteStreaming.ush" 2323
"../../../Engine/Shaders/Private/Nanite/NaniteTranscode.usf" 2324
"../../../Engine/Shaders/Private/VolumetricLightmapStreaming.usf" 2325
"../../../Engine/Shaders/Private/PhysicsFieldReset.usf" 2326
"../../../Engine/Shaders/Private/PhysicsFieldBuilder.usf" 2327
"../../../Engine/Shaders/Private/PhysicsFieldEval.ush" 2328
"../../../Engine/Shaders/Private/ParticleSortKeyGen.usf" 2329
"../../../Engine/Shaders/Private/ParticleBoundsShader.usf" 2330
"../../../Engine/Shaders/Private/ParticleSimVisualizeShader.usf" 2331
"../../../Engine/Shaders/Private/ParticleInjectionShader.usf" 2332
"../../../Engine/Shaders/Private/ParticleSimulationShader.usf" 2333
"../../../Engine/Shaders/Private/ParticleCurveInjectionShader.usf" 2334
"../../../Engine/Shaders/Private/CopyUIntBuffer.usf" 2335
"../../../Engine/Shaders/Private/RadixSortShaders.usf" 2336
"../../../Engine/Shaders/Private/RecomputeTangentsPerVertexPass.usf" 2337
"../../../Engine/Shaders/Private/RecomputeTangentsCommon.ush" 2338
"../../../Engine/Shaders/Private/RecomputeTangentsPerTrianglePass.usf" 2339
"../../../Engine/Shaders/Private/GpuSkinCacheComputeShader.usf" 2340
"../../../Engine/Shaders/Private/HeightFieldAtlasManagement.usf" 2341
"../../../Engine/Shaders/Private/Landscape/LandscapeEditLayersUtils.usf" 2342
"../../../Engine/Shaders/Private/Landscape/LandscapeCommon.ush" 2343
"../../../Engine/Shaders/Private/Landscape/LandscapeEditLayersWeightmaps.usf" 2344
"../../../Engine/Shaders/Private/Landscape/LandscapeEditLayersHeightmaps.usf" 2345
"../../../Engine/Shaders/Private/Landscape/LandscapeLayersWeightmapsPS.usf" 2346
"../../../Engine/Shaders/Private/Landscape/LandscapeLayersHeightmapsPS.usf" 2347
"../../../Engine/Shaders/Private/LandscapeLayersCS.usf" 2348
"../../../Engine/Shaders/Private/LandscapeLayersPS.usf" 2349
"../../../Engine/Shaders/Private/LandscapeLayersVS.usf" 2350
"../../../Engine/Shaders/Private/LandscapePhysicalMaterial.usf" 2351
"../../../Engine/Shaders/Private/LandscapeGrassWeight.usf" 2352
"../../../Engine/Shaders/Private/Landscape/LandscapeCulling.usf" 2353
"../../../Engine/Shaders/Private/Nanite/NaniteHZBCull.ush" 2354
"../../../Engine/Shaders/Private/HZB.ush" 2355
"../../../Engine/Shaders/Private/Landscape/LandscapeMergeTexturesPS.usf" 2356
"../../../Engine/Shaders/Private/WideCustomResolveShaders.usf" 2357
"../../../Engine/Shaders/Private/WideCustomResolve_Wide.ush" 2358
"../../../Engine/Shaders/Private/WideCustomResolve_Wider.ush" 2359
"../../../Engine/Shaders/Private/WideCustomResolve_Widest.ush" 2360
"../../../Engine/Shaders/Private/WaterInfoTextureBlur.usf" 2361
"../../../Engine/Shaders/Private/WaterInfoTextureMerge.usf" 2362
"../../../Engine/Shaders/Private/PageTableUpdate.usf" 2363
"../../../Engine/Shaders/Private/VirtualTextureCompress.usf" 2364
"../../../Engine/Shaders/Private/ASTCCompressionCommon.ush" 2365
"../../../Engine/Shaders/Private/IntegerSequenceEncoding.ush" 2366
"../../../Engine/Shaders/Private/ETCCompressionCommon.ush" 2367
"../../../Engine/Shaders/Private/VirtualTextureMaterial.usf" 2368
"../../../Engine/Shaders/Private/PixelShaderOutputCommon.ush" 2369
"../../../Engine/Shaders/Private/ShaderOutputCommon.ush" 2370
"../../../Engine/Shaders/Private/VolumetricRenderTarget.usf" 2371
"../../../Engine/Shaders/Private/HeightFogCommon.ush" 2372
"../../../Engine/Shaders/Private/LocalFogVolumes/LocalFogVolumeCommon.ush" 2373
"../../../Engine/Shaders/Private/ReflectionEnvironmentShared.ush" 2374
"../../../Engine/Shaders/Private/VolumetricFogVoxelization.usf" 2375
"../../../Engine/Shaders/Private/VolumetricCloudMaterialPixelCommon.ush" 2376
"../../../Engine/Shaders/Private/VolumetricFogLightFunction.usf" 2377
"../../../Engine/Shaders/Private/LightFunctionCommon.ush" 2378
"../../../Engine/Shaders/Private/VolumetricFog.usf" 2379
"../../../Engine/Shaders/Private/DeferredLightingCommon.ush" 2380
"../../../Engine/Shaders/Private/DynamicLightingCommon.ush" 2381
"../../../Engine/Shaders/Private/CapsuleLightIntegrate.ush" 2382
"../../../Engine/Shaders/Private/CapsuleLightSampling.ush" 2383
"../../../Engine/Shaders/Private/RectLightIntegrate.ush" 2384
"../../../Engine/Shaders/Private/ScreenSpaceShadowRayCast.ush" 2385
"../../../Engine/Shaders/Private/LightFunctionAtlas/LightFunctionAtlasCommon.usf" 2386
"../../../Engine/Shaders/Private/HeterogeneousVolumes/HeterogeneousVolumesAdaptiveVolumetricShadowMapSampling.ush" 2387
"../../../Engine/Shaders/Private/HeterogeneousVolumes/HeterogeneousVolumesAdaptiveVolumetricShadowMapUtils.ush" 2388
"../../../Engine/Shaders/Private/HeterogeneousVolumes/HeterogeneousVolumesRayMarchingUtils.ush" 2389
"../../../Engine/Shaders/Private/HeterogeneousVolumes/HeterogeneousVolumesRayMarchingTypes.ush" 2390
"../../../Engine/Shaders/Private/PathTracing/Utilities/PathTracingRandomSequence.ush" 2391
"../../../Engine/Shaders/Private/HeterogeneousVolumes/HeterogeneousVolumesTracingUtils.ush" 2392
"../../../Engine/Shaders/Private/VelocityCommon.ush" 2393
"../../../Engine/Shaders/Private/HeterogeneousVolumes/HeterogeneousVolumesTransmittanceVolumeUtils.ush" 2394
"../../../Engine/Shaders/Private/ForwardShadowingCommon.ush" 2395
"../../../Engine/Shaders/Private/ShadowFilteringCommon.ush" 2396
"../../../Engine/Shaders/Private/PixelQuadMessagePassing.ush" 2397
"../../../Engine/Shaders/Private/VolumeLightingCommon.ush" 2398
"../../../Engine/Shaders/Private/ShadowProjectionCommon.ush" 2399
"../../../Engine/Shaders/Private/VolumeLightingCommonSampling.ush" 2400
"../../../Engine/Shaders/Private/Lumen/LumenTranslucencyVolumeShared.ush" 2401
"../../../Engine/Shaders/Private/Lumen/LumenRadianceCacheInterpolation.ush" 2402
"../../../Engine/Shaders/Private/HeterogeneousVolumes/HeterogeneousVolumesAdaptiveVolumetricShadowMapSampler.ush" 2403
"../../../Engine/Shaders/Private/LightGridCommon.ush" 2404
"../../../Engine/Shaders/Private/DistanceFieldAOShared.ush" 2405
"../../../Engine/Shaders/Private/IntersectionUtils.ush" 2406
"../../../Engine/Shaders/Private/VolumetricLightmapShared.ush" 2407
"../../../Engine/Shaders/Private/LightDataUniforms.ush" 2408
"../../../Engine/Shaders/Private/VirtualShadowMaps/VirtualShadowMapProjectionCommon.ush" 2409
"../../../Engine/Shaders/Private/VirtualShadowMaps/VirtualShadowMapPageAccessCommon.ush" 2410
"../../../Engine/Shaders/Shared/VirtualShadowMapDefinitions.h" 2411
"../../../Engine/Shaders/Shared/HLSLMathAliases.h" 2412
"../../../Engine/Shaders/Private/VirtualShadowMaps/VirtualShadowMapProjectionStructs.ush" 2413
"../../../Engine/Shaders/Private/VolumetricCloudCommon.ush" 2414
"../../../Engine/Shaders/Private/VolumetricCloud.usf" 2415
"../../../Engine/Shaders/Private/VisualizeVolumetricLightmap.usf" 2416
"../../../Engine/Shaders/Private/VirtualShadowMaps/VirtualShadowMapProjectionComposite.usf" 2417
"../../../Engine/Shaders/Private/LightShaderParameters.ush" 2418
"../../../Engine/Shaders/Private/VirtualShadowMaps/VirtualShadowMapMaskBitsCommon.ush" 2419
"../../../Engine/Shaders/Private/VirtualShadowMaps/VirtualShadowMapLightGrid.ush" 2420
"../../../Engine/Shaders/Private/VirtualShadowMaps/VirtualShadowMapProjection.usf" 2421
"../../../Engine/Shaders/Private/Visualization.ush" 2422
"../../../Engine/Shaders/Private/VirtualShadowMaps/VirtualShadowMapProjectionFilter.ush" 2423
"../../../Engine/Shaders/Private/VirtualShadowMaps/VirtualShadowMapProjectionDirectional.ush" 2424
"../../../Engine/Shaders/Private/VirtualShadowMaps/VirtualShadowMapSMRTCommon.ush" 2425
"../../../Engine/Shaders/Private/VirtualShadowMaps/VirtualShadowMapSMRTTemplate.ush" 2426
"../../../Engine/Shaders/Private/VirtualShadowMaps/VirtualShadowMapProjectionSpot.ush" 2427
"../../../Engine/Shaders/Private/VirtualShadowMaps/VirtualShadowMapTransmissionCommon.ush" 2428
"../../../Engine/Shaders/Private/VirtualShadowMaps/VirtualShadowMapScreenRayTrace.ush" 2429
"../../../Engine/Shaders/Private/VirtualShadowMaps/VirtualShadowMapStats.ush" 2430
"../../../Engine/Shaders/Private/HairStrands/HairStrandsVoxelPageCommon.ush" 2431
"../../../Engine/Shaders/Private/HairStrands/HairStrandsVoxelPageTraversal.ush" 2432
"../../../Engine/Shaders/Private/VirtualShadowMaps/VirtualShadowMapCacheGPUInvalidation.usf" 2433
"../../../Engine/Shaders/Private/VirtualShadowMaps/VirtualShadowMapPageCacheCommon.ush" 2434
"../../../Engine/Shaders/Private/VirtualShadowMaps/VirtualShadowMapCacheInvalidation.ush" 2435
"../../../Engine/Shaders/Private/VirtualShadowMaps/VirtualShadowMapPageOverlap.ush" 2436
"../../../Engine/Shaders/Private/ScreenSpaceDenoise/SSDDefinitions.ush" 2437
"../../../Engine/Shaders/Private/InstanceCulling/InstanceCullingLoadBalancer.ush" 2438
"../../../Engine/Shaders/Private/VirtualShadowMaps/VirtualShadowMapCacheLoadBalancer.usf" 2439
"../../../Engine/Shaders/Private/VirtualShadowMaps/VirtualShadowMapCopyStats.usf" 2440
"../../../Engine/Shaders/Private/VirtualShadowMaps/VirtualShadowMapDebug.usf" 2441
"../../../Engine/Shaders/Private/VirtualShadowMaps/Desaturate.usf" 2442
"../../../Engine/Shaders/Private/VirtualShadowMaps/VirtualShadowMapPhysicalPageManagement.usf" 2443
"../../../Engine/Shaders/Private/ReductionCommon.ush" 2444
"../../../Engine/Shaders/Private/GPUMessaging.ush" 2445
"../../../Engine/Shaders/Private/VirtualShadowMaps/VirtualShadowMapPerPageDispatch.ush" 2446
"../../../Engine/Shaders/Private/VirtualShadowMaps/VirtualShadowMapCompactViews.usf" 2447
"../../../Engine/Shaders/Shared/SceneCullingDefinitions.h" 2448
"../../../Engine/Shaders/Private/VirtualShadowMaps/VirtualShadowMapBuildPerPageDrawCommands.usf" 2449
"../../../Engine/Shaders/Private/Nanite/NaniteCullingCommon.ush" 2450
"../../../Engine/Shaders/Private/Nanite/NaniteCulling.ush" 2451
"../../../Engine/Shaders/Private/Nanite/NaniteHierarchyTraversalCommon.ush" 2452
"../../../Engine/Shaders/Private/InstanceCulling/InstanceCullingCommon.ush" 2453
"../../../Engine/Shaders/Shared/InstanceCullingDefinitions.h" 2454
"../../../Engine/Shaders/Private/VirtualShadowMaps/VirtualShadowMapPrintStats.usf" 2455
"../../../Engine/Shaders/Private/VirtualShadowMaps/VirtualShadowMapPageManagement.usf" 2456
"../../../Engine/Shaders/Private/VirtualShadowMaps/VirtualShadowMapPageMarking.usf" 2457
"../../../Engine/Shaders/Shared/SingleLayerWaterDefinitions.h" 2458
"../../../Engine/Shaders/Private/HairStrands/HairStrandsTileCommon.ush" 2459
"../../../Engine/Shaders/Private/Froxel/Froxel.ush" 2460
"../../../Engine/Shaders/Shared/FroxelDefinitions.h" 2461
"../../../Engine/Shaders/Private/DiaphragmDOF/DOFCommon.ush" 2462
"../../../Engine/Shaders/Private/VariableRateShading/VRSShadingRatePreview.usf" 2463
"../../../Engine/Shaders/Private/VariableRateShading/VRSShadingRateCommon.ush" 2464
"../../../Engine/Shaders/Private/VariableRateShading/VRSShadingRateCombine.usf" 2465
"../../../Engine/Shaders/Private/VariableRateShading/VRSShadingRateFoveated.usf" 2466
"../../../Engine/Shaders/Private/VariableRateShading/VRSShadingRateReproject.usf" 2467
"../../../Engine/Shaders/Private/VariableRateShading/VRSShadingRateCalculate.usf" 2468
"../../../Engine/Shaders/Private/TranslucencyUpsampling.usf" 2469
"../../../Engine/Shaders/Private/ComposeSeparateTranslucency.usf" 2470
"../../../Engine/Shaders/Private/SeparateTranslucency.ush" 2471
"../../../Engine/Shaders/Private/TranslucentLightInjectionShaders.usf" 2472
"../../../Engine/Shaders/Private/TranslucentShadowDepthShaders.usf" 2473
"../../../Engine/Shaders/Private/ShadowDepthCommon.ush" 2474
"../../../Engine/Shaders/Private/RayTracing/RayTracingTest.usf" 2475
"../../../Engine/Shaders/Private/PostprocessSubsurfaceTile.usf" 2476
"../../../Engine/Shaders/Private/PostProcessSubsurfaceCommon.ush" 2477
"../../../Engine/Shaders/Private/Substrate/SubstrateVisualize.usf" 2478
"../../../Engine/Shaders/Private/Substrate/SubstrateTile.ush" 2479
"../../../Engine/Shaders/Shared/SubstrateVisualizeDefinitions.h" 2480
"../../../Engine/Shaders/Private/Substrate/SubstrateVisualizeCommon.ush" 2481
"../../../Engine/Shaders/Private/SkyLightingDiffuseShared.ush" 2482
"../../../Engine/Shaders/Private/SkyLightingShared.ush" 2483
"../../../Engine/Shaders/Private/ClearCoatCommon.ush" 2484
"../../../Engine/Shaders/Private/ReflectionEnvironmentComposite.ush" 2485
"../../../Engine/Shaders/Private/Substrate/SubstrateLightingCommon.ush" 2486
"../../../Engine/Shaders/Private/Substrate/SubstrateRoughRefraction.usf" 2487
"../../../Engine/Shaders/Private/PathTracing/Material/PathTracingFresnel.ush" 2488
"../../../Engine/Shaders/Private/PathTracing/Material/PathTracingGlossy.ush" 2489
"../../../Engine/Shaders/Private/Substrate/SubstrateMaterialSampling.usf" 2490
"../../../Engine/Shaders/Private/Substrate/SubstrateMaterialSampling.ush" 2491
"../../../Engine/Shaders/Private/Lumen/LumenPosition.ush" 2492
"../../../Engine/Shaders/Private/Substrate/SubstrateTile.usf" 2493
"../../../Engine/Shaders/Private/Substrate/SubstrateMaterialClassification.usf" 2494
"../../../Engine/Shaders/Private/Substrate/SubstrateDBuffer.usf" 2495
"../../../Engine/Shaders/Private/StochasticLighting/StochasticLightingDenoising.usf" 2496
"../../../Engine/Shaders/Private/Lumen/LumenMaterial.ush" 2497
"../../../Engine/Shaders/Private/StochasticLighting/StochasticLightingCommon.ush" 2498
"../../../Engine/Shaders/Private/SplineMeshSceneTexture.usf" 2499
"../../../Engine/Shaders/Private/SparseVolumeTexture/VisualizeSparseVolumeTexture.usf" 2500
"../../../Engine/Shaders/Private/SkyAtmosphere.usf" 2501
"../../../Engine/Shaders/Private/Skinning/SkinnedMeshDebug.usf" 2502
"../../../Engine/Shaders/Private/Skinning/AnimBankEval.usf" 2503
"../../../Engine/Shaders/Private/SingleLayerWaterComposite.usf" 2504
"../../../Engine/Shaders/Private/Froxel/FroxelBuild.ush" 2505
"../../../Engine/Shaders/Private/SingleLayerWaterRefractionCulling.usf" 2506
"../../../Engine/Shaders/Private/ScreenSpaceShadows.usf" 2507
"../../../Engine/Shaders/Private/bend_sss_gpu.ush" 2508
"../../../Engine/Shaders/Private/ShadowFactorsUpsampleCommon.ush" 2509
"../../../Engine/Shaders/Private/FirstPersonSelfShadow.usf" 2510
"../../../Engine/Shaders/Private/HZBTracing.ush" 2511
"../../../Engine/Shaders/Private/ShadowProjectionVertexShader.usf" 2512
"../../../Engine/Shaders/Private/ShadowProjectionPixelShader.usf" 2513
"../../../Engine/Shaders/Private/MobileLightingCommon.ush" 2514
"../../../Engine/Shaders/Private/PlanarReflectionShared.ush" 2515
"../../../Engine/Shaders/Private/MobileSSR.ush" 2516
"../../../Engine/Shaders/Private/SSRT/SSRTRayCast.ush" 2517
"../../../Engine/Shaders/Private/ShadowPercentageCloserFiltering.ush" 2518
"../../../Engine/Shaders/Private/TransmissionThickness.ush" 2519
"../../../Engine/Shaders/Private/CopyShadowMaps.usf" 2520
"../../../Engine/Shaders/Private/ShadowDepthPixelShader.usf" 2521
"../../../Engine/Shaders/Private/ShadowDepthVertexShader.usf" 2522
"../../../Engine/Shaders/Private/ShadingEnergyConservationTable.usf" 2523
"../../../Engine/Shaders/Shared/PathTracingDefinitions.h" 2524
"../../../Engine/Shaders/Private/ShadingFurnaceTest.usf" 2525
"../../../Engine/Shaders/Private/Substrate/SubstrateDeferredLighting.ush" 2526
"../../../Engine/Shaders/Private/ShaderPrintDraw.usf" 2527
"../../../Engine/Shaders/Private/ShaderPrintDrawPrimitive.usf" 2528
"../../../Engine/Shaders/Private/DefaultSSRTiles.usf" 2529
"../../../Engine/Shaders/Private/ScreenSpaceReflectionTileCommons.ush" 2530
"../../../Engine/Shaders/Private/SSRT/SSRTDiffuseIndirect.usf" 2531
"../../../Engine/Shaders/Private/SSRT/SSRTTileClassificationBuffer.ush" 2532
"../../../Engine/Shaders/Private/SSRT/SSRTReflections.usf" 2533
"../../../Engine/Shaders/Private/ScreenSpaceDenoise/SSDPublic.ush" 2534
"../../../Engine/Shaders/Private/SSRT/SSRTTileClassification.usf" 2535
"../../../Engine/Shaders/Private/SSRT/SSRTPrevFrameReduction.usf" 2536
"../../../Engine/Shaders/Private/ScreenSpaceDenoise/SSDComposeHarmonics.usf" 2537
"../../../Engine/Shaders/Private/ScreenSpaceDenoise/SSDPublicHarmonics.ush" 2538
"../../../Engine/Shaders/Private/ScreenSpaceDenoise/SSDSignalFramework.ush" 2539
"../../../Engine/Shaders/Private/ScreenSpaceDenoise/SSDCommon.ush" 2540
"../../../Engine/Shaders/Private/SphericalGaussian.ush" 2541
"../../../Engine/Shaders/Public/WaveBroadcastIntrinsics.ush" 2542
"../../../Engine/Shaders/Private/ScreenSpaceDenoise/SSDMetadata.ush" 2543
"../../../Engine/Shaders/Private/ScreenSpaceDenoise/SSDSignalCore.ush" 2544
"../../../Engine/Shaders/Private/ScreenSpaceDenoise/DenoisingCommon.ush" 2545
"../../../Engine/Shaders/Private/ScreenSpaceDenoise/SSDSignalArray.ush" 2546
"../../../Engine/Shaders/Private/ScreenSpaceDenoise/SSDSignalBufferEncoding.ush" 2547
"../../../Engine/Shaders/Private/ScreenSpaceDenoise/SSDPublicBufferEncoding.ush" 2548
"../../../Engine/Shaders/Private/Lumen/LumenBufferEncoding.ush" 2549
"../../../Engine/Shaders/Private/ScreenSpaceDenoise/SSDTemporalAccumulation.usf" 2550
"../../../Engine/Shaders/Private/ScreenSpaceDenoise/SSDSpatialKernel.ush" 2551
"../../../Engine/Shaders/Private/ScreenSpaceDenoise/SSDSignalAccumulatorArray.ush" 2552
"../../../Engine/Shaders/Private/ScreenSpaceDenoise/SSDSignalAccumulator.ush" 2553
"../../../Engine/Shaders/Private/ScreenSpaceDenoise/SSDSignalCompression.ush" 2554
"../../../Engine/Shaders/Private/ScreenSpaceDenoise/SSDSpatialAccumulation.usf" 2555
"../../../Engine/Shaders/Private/ScreenSpaceDenoise/SSDInjest.usf" 2556
"../../../Engine/Shaders/Private/ScreenSpaceDenoise/SSDCompressMetadata.usf" 2557
"../../../Engine/Shaders/Private/DownsampleDepthPixelShader.usf" 2558
"../../../Engine/Shaders/Private/ScreenPass.usf" 2559
"../../../Engine/Shaders/Private/HZB.usf" 2560
"../../../Engine/Shaders/Private/OcclusionFeedbackShaders.usf" 2561
"../../../Engine/Shaders/Private/HZBOcclusion.usf" 2562
"../../../Engine/Shaders/Private/OcclusionQueryPixelShader.usf" 2563
"../../../Engine/Shaders/Private/OcclusionQueryVertexShader.usf" 2564
"../../../Engine/Shaders/Private/HitProxyCopy.usf" 2565
"../../../Engine/Shaders/Private/HitProxyPixelShader.usf" 2566
"../../../Engine/Shaders/Private/HitProxyVertexShader.usf" 2567
"../../../Engine/Shaders/Private/SceneCulling/SceneCullingDebugRender.usf" 2568
"../../../Engine/Shaders/Private/SceneCulling/SceneCulling.ush" 2569
"../../../Engine/Shaders/Private/SceneCulling/SceneCullingBuildExplicitBounds.usf" 2570
"../../../Engine/Shaders/Private/SceneCapturePixelShader.usf" 2571
"../../../Engine/Shaders/Private/RendererUtils.usf" 2572
"../../../Engine/Shaders/Private/RTWriteMaskDecode.usf" 2573
"../../../Engine/Shaders/Private/ReflectionEnvironmentShaders.usf" 2574
"../../../Engine/Shaders/Private/RectLightAtlas.usf" 2575
"../../../Engine/Shaders/Private/RayTracing/TraceRayInlineStatistics.usf" 2576
"../../../Engine/Shaders/Private/RayTracing/CompositeSkyLightPS.usf" 2577
"../../../Engine/Shaders/Private/RayTracing/GenerateSkyLightVisibilityRaysCS.usf" 2578
"../../../Engine/Shaders/Private/RayTracing/RayTracingSkyLightCommon.ush" 2579
"../../../Engine/Shaders/Private/RayTracing/SkyLightVisibilityRaysData.ush" 2580
"../../../Engine/Shaders/Private/Raytracing/RaytracingSkylightRGS.usf" 2581
"../../../Engine/Shaders/Private/HairStrands/HairStrandsRaytracing.ush" 2582
"../../../Engine/Shaders/Private/Raytracing/RayTracingSkyLightEvaluation.ush" 2583
"../../../Engine/Shaders/Private/Raytracing/RayTracingDeferredShadingCommon.ush" 2584
"../../../Engine/Shaders/Private/RayTracing/RayTracingOcclusionRGS.usf" 2585
"../../../Engine/Shaders/Private/RayTracing/RayTracingDirectionalLight.ush" 2586
"../../../Engine/Shaders/Private/RayTracing/RayTracingRectLight.ush" 2587
"../../../Engine/Shaders/Private/RayTracing/RayTracingSphereLight.ush" 2588
"../../../Engine/Shaders/Private/RayTracing/RayTracingCapsuleLight.ush" 2589
"../../../Engine/Shaders/Private/Raytracing/RayTracingFeedback.usf" 2590
"../../../Engine/Shaders/Shared/RayTracingDebugTypes.h" 2591
"../../../Engine/Shaders/Private/RayTracing/RayTracingPrimaryRays.usf" 2592
"../../../Engine/Shaders/Private/RayTracing/RayTracingLightingCommon.ush" 2593
"../../../Engine/Shaders/Private/RayTracing/RayTracingLightCullingCommon.ush" 2594
"../../../Engine/Shaders/Private/RayTracing/RayTracingMaterialDefaultHitShaders.usf" 2595
"../../../Engine/Shaders/Private/RayTracing/RayTracingMaterialHitShaders.usf" 2596
"../../../Engine/Shaders/Private/RayTracing/RayTracingShaderUtils.ush" 2597
"../../../Engine/Shaders/Private/RayTracing/RayTracingCalcInterpolants.ush" 2598
"../../../Engine/Shaders/Private/LightmapCommon.ush" 2599
"../../../Engine/Shaders/Private/Lumen/LumenHardwareRayTracingPayloadCommon.ush" 2600
"../../../Engine/Shaders/Shared/LumenDefinitions.h" 2601
"../../../Engine/Shaders/Private/Substrate/SubstrateExport.ush" 2602
"../../../Engine/Shaders/Private/RayTracing/RayTracingLightingMS.usf" 2603
"../../../Engine/Shaders/Private/Lumen/LumenDiffuseColorBoost.ush" 2604
"../../../Engine/Shaders/Private/RayTracing/RayTracingLightFunctionCommon.ush" 2605
"../../../Engine/Shaders/Private/RayTracing/RayTracingBuildLightGrid.usf" 2606
"../../../Engine/Shaders/Private/Raytracing/RayTracingInstanceBufferUtil.usf" 2607
"../../../Engine/Shaders/Private/RayTracing/RayTracingDynamicMesh.usf" 2608
"../../../Engine/Shaders/Private/RayTracing/RayTracingDefaultDecalHitShader.usf" 2609
"../../../Engine/Shaders/Private/RayTracing/RayTracingDecalMaterialShader.usf" 2610
"../../../Engine/Shaders/Private/PathTracing/PathTracingShaderUtils.ush" 2611
"../../../Engine/Shaders/Private/PathTracing/PathTracingCommon.ush" 2612
"../../../Engine/Shaders/Private/PathTracing/Material/PathTracingMaterialCommon.ush" 2613
"../../../Engine/Shaders/Private/PathTracing/Utilities/PathTracingRIS.ush" 2614
"../../../Engine/Shaders/Private/RayTracing/RayTracingBuildDecalGrid.usf" 2615
"../../../Engine/Shaders/Private/RayTracing/RayTracingDebugHitStatsUtils.usf" 2616
"../../../Engine/Shaders/Private/RayTracing/RayTracingDebugInstanceOverlap.usf" 2617
"../../../Engine/Shaders/Private/RayTracing/RayTracingDebugPicking.usf" 2618
"../../../Engine/Shaders/Private/RayTracing/RayTracingDebugUtils.ush" 2619
"../../../Engine/Shaders/Private/RayTracing/RayTracingDebugTraversal.usf" 2620
"../../../Engine/Shaders/Private/RayTracing/RayTracingDeferredMaterials.ush" 2621
"../../../Engine/Shaders/Shared/ThirdParty/AMD/ags_shader_intrinsics_dx12.h" 2622
"../../../Engine/Shaders/Shared/RayTracingDebugDefinitions.h" 2623
"../../../Engine/Shaders/Private/RayTracing/RayTracingDebugHitStatsCHS.usf" 2624
"../../../Engine/Shaders/Private/RayTracing/RayTracingDebugHitStats.usf" 2625
"../../../Engine/Shaders/Private/RayTracing/RayTracingDebugMS.usf" 2626
"../../../Engine/Shaders/Private/RayTracing/RayTracingDebugCHS.usf" 2627
"../../../Engine/Shaders/Private/RayTracing/RayTracingDebug.usf" 2628
"../../../Engine/Shaders/Private/RayTracing/RayTracingBuiltInShaders.usf" 2629
"../../../Engine/Shaders/Private/RayTracing/RayTracingBarycentrics.usf" 2630
"../../../Engine/Shaders/Private/RayTracing/RayTracingAmbientOcclusionRGS.usf" 2631
"../../../Engine/Shaders/Private/VisualizeShadingModels.usf" 2632
"../../../Engine/Shaders/Private/MotionBlur/VisualizeMotionVectors.usf" 2633
"../../../Engine/Shaders/Private/TemporalSuperResolution/TSRVisualize.usf" 2634
"../../../Engine/Shaders/Private/TemporalSuperResolution/TSRColorSpace.ush" 2635
"../../../Engine/Shaders/Private/TemporalSuperResolution/TSRCommon.ush" 2636
"../../../Engine/Shaders/Public/DualPixelVectorization.ush" 2637
"../../../Engine/Shaders/Private/TemporalSuperResolution/TSRReprojectionField.ush" 2638
"../../../Engine/Shaders/Private/TemporalSuperResolution/TSRResolveHistory.usf" 2639
"../../../Engine/Shaders/Private/TemporalSuperResolution/TSRConvolutionNetwork.ush" 2640
"../../../Engine/Shaders/Private/TemporalSuperResolution/TSRKernels.ush" 2641
"../../../Engine/Shaders/Public/LaneVectorization.ush" 2642
"../../../Engine/Shaders/Private/TemporalSuperResolution/TSRUpdateHistory.usf" 2643
"../../../Engine/Shaders/Private/TemporalSuperResolution/TSRSpatialAntiAliasing.ush" 2644
"../../../Engine/Shaders/Private/TemporalSuperResolution/TSRSpatialAntiAliasing.usf" 2645
"../../../Engine/Shaders/Private/TemporalSuperResolution/TSRRejectShading.usf" 2646
"../../../Engine/Shaders/Private/TemporalSuperResolution/TSRShadingAnalysis.ush" 2647
"../../../Engine/Shaders/Private/TemporalSuperResolution/TSRConvolutionNetworkPass.ush" 2648
"../../../Engine/Shaders/Private/TemporalSuperResolution/TSRDecimateHistory.usf" 2649
"../../../Engine/Shaders/Private/TemporalSuperResolution/TSRDepthVelocityAnalysis.ush" 2650
"../../../Engine/Shaders/Private/TemporalSuperResolution/TSRClosestOccluder.ush" 2651
"../../../Engine/Shaders/Private/TemporalSuperResolution/TSRWeightRelaxation.usf" 2652
"../../../Engine/Shaders/Private/TemporalSuperResolution/TSRThinGeometryCommon.ush" 2653
"../../../Engine/Shaders/Private/TemporalSuperResolution/TSRDetectThinGeometry.usf" 2654
"../../../Engine/Shaders/Private/TemporalSuperResolution/TSRDilateVelocity.usf" 2655
"../../../Engine/Shaders/Private/MotionBlur/MotionBlurVelocityFlatten.ush" 2656
"../../../Engine/Shaders/Private/MotionBlur/MotionBlurCommon.ush" 2657
"../../../Engine/Shaders/Private/TemporalSuperResolution/TSRClearPrevTextures.usf" 2658
"../../../Engine/Shaders/Private/TemporalSuperResolution/TSRMeasureCoverage.usf" 2659
"../../../Engine/Shaders/Private/TemporalSuperResolution/TSRMeasureFlickeringLuma.usf" 2660
"../../../Engine/Shaders/Private/TemporalAA.usf" 2661
"../../../Engine/Shaders/Private/FilterPixelShader.usf" 2662
"../../../Engine/Shaders/Private/FilterVertexShader.usf" 2663
"../../../Engine/Shaders/Private/VisualizeVirtualTexture.usf" 2664
"../../../Engine/Shaders/Private/PostProcessVisualizeBuffer.usf" 2665
"../../../Engine/Shaders/Private/PostProcessVisualizeLocalExposure.usf" 2666
"../../../Engine/Shaders/Private/PostProcessHistogramCommon.ush" 2667
"../../../Engine/Shaders/Private/TonemapCommon.ush" 2668
"../../../Engine/Shaders/Private/ACES/ACESCommon.ush" 2669
"../../../Engine/Shaders/Private/ACES/ACESOutputTransform.ush" 2670
"../../../Engine/Shaders/Private/ACES/ACESUtilities.ush" 2671
"../../../Engine/Shaders/Private/ACES/ACESTonescale.ush" 2672
"../../../Engine/Shaders/Private/ACES/ACESDisplayEncoding.ush" 2673
"../../../Engine/Shaders/Private/ACES/ACES_v1.3.ush" 2674
"../../../Engine/Shaders/Private/PostProcessVisualizeLevelInstance.usf" 2675
"../../../Engine/Shaders/Private/PostProcessVisualizeHDR.usf" 2676
"../../../Engine/Shaders/Private/ShaderComplexityApplyPixelShader.usf" 2677
"../../../Engine/Shaders/Private/QuadOverdraw.ush" 2678
"../../../Engine/Shaders/Private/PostProcessUpscale.usf" 2679
"../../../Engine/Shaders/Private/PostProcessTonemap.usf" 2680
"../../../Engine/Shaders/Private/PostProcessing/FilmGrainPackConstants.usf" 2681
"../../../Engine/Shaders/Private/PostProcessing/FilmGrainReduce.usf" 2682
"../../../Engine/Shaders/Private/PostProcessTestImage.usf" 2683
"../../../Engine/Shaders/Private/PostProcessSubsurface.usf" 2684
"../../../Engine/Shaders/Private/SeparableSSS.ush" 2685
"../../../Engine/Shaders/Private/SubsurfaceBurleyNormalized.ush" 2686
"../../../Engine/Shaders/Private/PostProcessSelectionOutline.usf" 2687
"../../../Engine/Shaders/Private/MotionBlur/MotionBlurVisualize.usf" 2688
"../../../Engine/Shaders/Private/MotionBlur/MotionBlurApply.usf" 2689
"../../../Engine/Shaders/Private/MotionBlur/MotionBlurFilterTileClassify.usf" 2690
"../../../Engine/Shaders/Private/MotionBlur/MotionBlurTileScatter.usf" 2691
"../../../Engine/Shaders/Private/MotionBlur/MotionBlurTileGather.usf" 2692
"../../../Engine/Shaders/Private/MotionBlur/MotionBlurVelocityFlatten.usf" 2693
"../../../Engine/Shaders/Private/PostProcessMobile.usf" 2694
"../../../Engine/Shaders/Private/PostProcessMitchellNetravali.usf" 2695
"../../../Engine/Shaders/Private/PostProcessMaterialShaders.usf" 2696
"../../../Engine/Shaders/Private/NeuralPostProcessCommon.usf" 2697
"../../../Engine/Shaders/Private/PostProcessLocalExposure.usf" 2698
"../../../Engine/Shaders/Private/PostProcessLensFlares.usf" 2699
"../../../Engine/Shaders/Private/PostProcessGBufferHints.usf" 2700
"../../../Engine/Shaders/Private/PostProcessHMD.usf" 2701
"../../../Engine/Shaders/Private/Histogram.usf" 2702
"../../../Engine/Shaders/Private/PostProcessHistogramReduce.usf" 2703
"../../../Engine/Shaders/Private/PostProcessHistogram.usf" 2704
"../../../Engine/Shaders/Private/Bloom/BloomFinalizeApplyConstants.usf" 2705
"../../../Engine/Shaders/Private/Bloom/BloomCommon.ush" 2706
"../../../Engine/Shaders/Private/Bloom/BloomResizeKernel.usf" 2707
"../../../Engine/Shaders/Private/Bloom/BloomDownsampleKernel.usf" 2708
"../../../Engine/Shaders/Private/Bloom/BloomClampKernel.usf" 2709
"../../../Engine/Shaders/Private/Bloom/BloomPackKernelConstants.usf" 2710
"../../../Engine/Shaders/Private/Bloom/BloomSumScatterDispersionEnergy.usf" 2711
"../../../Engine/Shaders/Private/Bloom/BloomReduceKernelSurvey.usf" 2712
"../../../Engine/Shaders/Private/Bloom/BloomSurveyKernelCenterEnergy.usf" 2713
"../../../Engine/Shaders/Private/Bloom/BloomSurveyMaxScatterDispersion.usf" 2714
"../../../Engine/Shaders/Private/Bloom/BloomFindKernelCenter.usf" 2715
"../../../Engine/Shaders/Private/PostProcessEyeAdaptation.usf" 2716
"../../../Engine/Shaders/Private/TranslucencyVolumeCommon.ush" 2717
"../../../Engine/Shaders/Private/PostProcessEyeAdaptationUtils.usf" 2718
"../../../Engine/Shaders/Private/PostProcessDownsample.usf" 2719
"../../../Engine/Shaders/Private/PostProcessDOF.usf" 2720
"../../../Engine/Shaders/Private/PostProcessDeviceEncodingOnly.usf" 2721
"../../../Engine/Shaders/Private/PostProcessCompositePrimitives.usf" 2722
"../../../Engine/Shaders/Private/PostProcessCombineLUTs.usf" 2723
"../../../Engine/Shaders/Private/PostProcessVisualizeDOF.usf" 2724
"../../../Engine/Shaders/Private/PostProcessBloom.usf" 2725
"../../../Engine/Shaders/Private/PostProcessAmbientOcclusionMobile.usf" 2726
"../../../Engine/Shaders/Private/PostProcessAmbientOcclusionCommon.ush" 2727
"../../../Engine/Shaders/Private/FXAAShader.usf" 2728
"../../../Engine/Shaders/Private/Fxaa3_11.ush" 2729
"../../../Engine/Shaders/Private/PaniniProjection.usf" 2730
"../../../Engine/Shaders/Private/DiaphragmDOF/DOFRecombine.usf" 2731
"../../../Engine/Shaders/Private/DiaphragmDOF/DOFHybridScatterPixelShader.usf" 2732
"../../../Engine/Shaders/Private/DiaphragmDOF/DOFHybridScatterCommon.ush" 2733
"../../../Engine/Shaders/Private/DiaphragmDOF/DOFVignetteCommon.ush" 2734
"../../../Engine/Shaders/Private/DiaphragmDOF/DOFHybridScatterVertexShader.usf" 2735
"../../../Engine/Shaders/Private/DiaphragmDOF/DOFPostfiltering.usf" 2736
"../../../Engine/Shaders/Private/DiaphragmDOF/DOFGatherTileSuggest.ush" 2737
"../../../Engine/Shaders/Private/DiaphragmDOF/DOFCocTileCommon.ush" 2738
"../../../Engine/Shaders/Private/DiaphragmDOF/DOFGatherPass.usf" 2739
"../../../Engine/Shaders/Private/DiaphragmDOF/DOFGatherCommon.ush" 2740
"../../../Engine/Shaders/Private/DiaphragmDOF/DOFGatherAccumulator.ush" 2741
"../../../Engine/Shaders/Private/DiaphragmDOF/DOFGatherKernel.ush" 2742
"../../../Engine/Shaders/Private/DiaphragmDOF/DOFBokehLUT.usf" 2743
"../../../Engine/Shaders/Private/DiaphragmDOF/DOFHybridScatterCompilation.usf" 2744
"../../../Engine/Shaders/Private/DiaphragmDOF/DOFReduce.usf" 2745
"../../../Engine/Shaders/Private/DiaphragmDOF/DOFDownsample.ush" 2746
"../../../Engine/Shaders/Private/DiaphragmDOF/DOFHybridScatterCompilation.ush" 2747
"../../../Engine/Shaders/Private/DiaphragmDOF/DOFDownsample.usf" 2748
"../../../Engine/Shaders/Private/DiaphragmDOF/DOFCocTileDilate.usf" 2749
"../../../Engine/Shaders/Private/DiaphragmDOF/DOFCocTileFlatten.usf" 2750
"../../../Engine/Shaders/Private/DiaphragmDOF/DOFSetup.usf" 2751
"../../../Engine/Shaders/Private/Tools/DebugAlphaChannel.usf" 2752
"../../../Engine/Shaders/Private/PostProcessAlphaInvert.usf" 2753
"../../../Engine/Shaders/Private/PlanarReflectionShaders.usf" 2754
"../../../Engine/Shaders/Private/PhysicsFieldVisualizer.usf" 2755
"../../../Engine/Shaders/Private/PathTracing/PathTracingSpatialTemporalDenoising.usf" 2756
"../../../Engine/Shaders/Private/ColorDifference.ush" 2757
"../../../Engine/Shaders/Private/PathTracing/PathTracingCompositingPixelShader.usf" 2758
"../../../Engine/Shaders/Private/PathTracing/PathTracingAdaptiveUtils.ush" 2759
"../../../Engine/Shaders/Private/PathTracing/PathTracingDefaultHitShader.usf" 2760
"../../../Engine/Shaders/Private/PathTracing/PathTracingGPULightmassMaterialHitShader.usf" 2761
"../../../Engine/Shaders/Private/PathTracing/PathTracingMaterialHitShader.usf" 2762
"../../../Engine/Shaders/Private/PathTracing/Material/PathTracingSubstrateCommon.ush" 2763
"../../../Engine/Shaders/Private/PathTracing/PathTracingLightingMissShader.usf" 2764
"../../../Engine/Shaders/Private/PathTracing/PathTracingMissShader.usf" 2765
"../../../Engine/Shaders/Private/PathTracing/PathTracingAdaptiveStart.usf" 2766
"../../../Engine/Shaders/Private/PathTracing/PathTracingBuildAdaptiveError.usf" 2767
"../../../Engine/Shaders/Private/PathTracing/PathTracingVolumetricCloudMaterialShader.usf" 2768
"../../../Engine/Shaders/Private/PathTracing/Volume/PathTracingCloudsMaterialCommon.ush" 2769
"../../../Engine/Shaders/Private/PathTracing/Volume/PathTracingVolumeCommon.ush" 2770
"../../../Engine/Shaders/Private/PathTracing/Volume/PathTracingCloudsCommon.ush" 2771
"../../../Engine/Shaders/Private/PathTracing/Volume/PathTracingFog.ush" 2772
"../../../Engine/Shaders/Private/PathTracing/Volume/PathTracingAtmosphere.ush" 2773
"../../../Engine/Shaders/Private/PathTracing/Volume/PathTracingAtmosphereCommon.ush" 2774
"../../../Engine/Shaders/Private/PathTracing/Volume/PathTracingVolumeSampling.ush" 2775
"../../../Engine/Shaders/Private/PathTracing/PathTracingBuildCloudAccelerationMap.usf" 2776
"../../../Engine/Shaders/Private/PathTracing/PathTracingBuildAtmosphereLUT.usf" 2777
"../../../Engine/Shaders/Private/PathTracing/PathTracingSwizzleScanlines.usf" 2778
"../../../Engine/Shaders/Private/PathTracing/PathTracingInitExtinctionCoefficient.usf" 2779
"../../../Engine/Shaders/Private/PathTracing/PathTracingCopyDepth.usf" 2780
"../../../Engine/Shaders/Private/PathTracing/PathTracingDebug.usf" 2781
"../../../Engine/Shaders/Private/RayTracing/RayTracingDecalGrid.ush" 2782
"../../../Engine/Shaders/Private/PathTracing/Material/PathTracingMaterialSampling.ush" 2783
"../../../Engine/Shaders/Private/PathTracing/Material/PathTracingLambert.ush" 2784
"../../../Engine/Shaders/Private/PathTracing/Material/PathTracingSubstrate.ush" 2785
"../../../Engine/Shaders/Private/PathTracing/Material/PathTracingSubstrateFoliage.ush" 2786
"../../../Engine/Shaders/Private/PathTracing/Material/PathTracingSubstrateSolidGlass.ush" 2787
"../../../Engine/Shaders/Private/PathTracing/Material/PathTracingSubstrateThinGlass.ush" 2788
"../../../Engine/Shaders/Private/PathTracing/Material/PathTracingSolidGlass.ush" 2789
"../../../Engine/Shaders/Private/PathTracing/Material/PathTracingEnergyConservation.ush" 2790
"../../../Engine/Shaders/Private/PathTracing/Material/PathTracingThinGlass.ush" 2791
"../../../Engine/Shaders/Private/PathTracing/Material/PathTracingDefaultLit.ush" 2792
"../../../Engine/Shaders/Private/PathTracing/Material/PathTracingClearCoat.ush" 2793
"../../../Engine/Shaders/Private/PathTracing/Material/PathTracingTwoSidedFoliage.ush" 2794
"../../../Engine/Shaders/Private/PathTracing/Material/PathTracingCloth.ush" 2795
"../../../Engine/Shaders/Private/PathTracing/Material/PathTracingSubsurfaceProfile.ush" 2796
"../../../Engine/Shaders/Private/PathTracing/Material/PathTracingEye.ush" 2797
"../../../Engine/Shaders/Private/PathTracing/Material/PathTracingHair.ush" 2798
"../../../Engine/Shaders/Private/PathTracing/Material/PathTracingMedium.ush" 2799
"../../../Engine/Shaders/Private/PathTracing/Light/PathTracingLightSampling.ush" 2800
"../../../Engine/Shaders/Private/PathTracing/Light/PathTracingLightCommon.ush" 2801
"../../../Engine/Shaders/Private/PathTracing/Light/PathTracingDirectionalLight.ush" 2802
"../../../Engine/Shaders/Private/PathTracing/Light/PathTracingPointLight.ush" 2803
"../../../Engine/Shaders/Private/PathTracing/Light/PathTracingCapsuleLight.ush" 2804
"../../../Engine/Shaders/Private/PathTracing/Light/PathTracingRectLight.ush" 2805
"../../../Engine/Shaders/Private/PathTracing/Light/PathTracingSkyLight.ush" 2806
"../../../Engine/Shaders/Private/PathTracing/Light/PathTracingLightGrid.ush" 2807
"../../../Engine/Shaders/Private/PathTracing/PathTracing.usf" 2808
"../../../Engine/Shaders/Private/PathTracing/PathTracingCore.ush" 2809
"../../../Engine/Shaders/Private/HeterogeneousVolumes/HeterogeneousVolumesVoxelGridTypes.ush" 2810
"../../../Engine/Shaders/Private/PathTracing/Volume/PathTracingVolume.ush" 2811
"../../../Engine/Shaders/Private/PathTracing/Volume/PathTracingClouds.ush" 2812
"../../../Engine/Shaders/Private/PathTracing/Volume/PathTracingHeterogeneousVolumes.ush" 2813
"../../../Engine/Shaders/Private/HeterogeneousVolumes/HeterogeneousVolumesVoxelGridTraversal.ush" 2814
"../../../Engine/Shaders/Private/HeterogeneousVolumes/HeterogeneousVolumesVoxelGridUtils.ush" 2815
"../../../Engine/Shaders/Private/HeterogeneousVolumes/HeterogeneousVolumesFrustumVoxelGridUtils.ush" 2816
"../../../Engine/Shaders/Private/PathTracing/PathTracingBuildLightGrid.usf" 2817
"../../../Engine/Shaders/Private/PathTracing/PathTracingSkylightMISCompensation.usf" 2818
"../../../Engine/Shaders/Private/PathTracing/PathTracingSkylightPrepare.usf" 2819
"../../../Engine/Shaders/Private/OIT/OITSorting.usf" 2820
"../../../Engine/Shaders/Private/OITCombine.usf" 2821
"../../../Engine/Shaders/Private/OITCommon.ush" 2822
"../../../Engine/Shaders/Private/Nanite/Voxel/RasterizeBricks.usf" 2823
"../../../Engine/Shaders/Private/Nanite/Voxel/Brick.ush" 2824
"../../../Engine/Shaders/Private/Nanite/Voxel/Voxel.ush" 2825
"../../../Engine/Shaders/Private/Nanite/Voxel/ScatterBricks.usf" 2826
"../../../Engine/Shaders/Private/Nanite/Voxel/TileBricks.usf" 2827
"../../../Engine/Shaders/Private/Nanite/Voxel/AutoVoxel.usf" 2828
"../../../Engine/Shaders/Private/Nanite/NaniteDebugViews.usf" 2829
"../../../Engine/Shaders/Private/Nanite/NaniteEditorCommon.ush" 2830
"../../../Engine/Shaders/Private/BinarySearch.ush" 2831
"../../../Engine/Shaders/Private/Nanite/NaniteDepthDecode.usf" 2832
"../../../Engine/Shaders/Private/HTileEncoding.ush" 2833
"../../../Engine/Shaders/Private/Nanite/NaniteVisualize.usf" 2834
"../../../Engine/Shaders/Private/Nanite/NaniteStreamOut.usf" 2835
"../../../Engine/Shaders/Private/Nanite/NaniteHierarchyTraversal.ush" 2836
"../../../Engine/Shaders/Private/Nanite/NaniteSkinningUpdateViewData.usf" 2837
"../../../Engine/Shaders/Private/Skinning/TransformProviders.usf" 2838
"../../../Engine/Shaders/Private/Nanite/NaniteShadeBinning.usf" 2839
"../../../Engine/Shaders/Private/Nanite/NaniteShadeCommon.ush" 2840
"../../../Engine/Shaders/Private/Nanite/NaniteFastClear.usf" 2841
"../../../Engine/Shaders/Private/Nanite/NaniteExportGBuffer.usf" 2842
"../../../Engine/Shaders/Private/Nanite/NaniteClusterCulling.usf" 2843
"../../../Engine/Shaders/Private/Nanite/NanitePrintStats.usf" 2844
"../../../Engine/Shaders/Private/Nanite/NaniteRasterizer.usf" 2845
"../../../Engine/Shaders/Private/Nanite/NaniteRasterizationCommon.ush" 2846
"../../../Engine/Shaders/Private/Nanite/NaniteRasterizer.ush" 2847
"../../../Engine/Shaders/Private/Nanite/NaniteWritePixel.ush" 2848
"../../../Engine/Shaders/Private/Nanite/NaniteTessellation.ush" 2849
"../../../Engine/Shaders/Private/WorkDistribution.ush" 2850
"../../../Engine/Shaders/Private/Nanite/NaniteDice.ush" 2851
"../../../Engine/Shaders/Private/ShaderBundleWorkGraphCommon.ush" 2852
"../../../Engine/Shaders/Public/RootConstants.ush" 2853
"../../../Engine/Shaders/Public/Platform/D3D/D3DRootConstants.ush" 2854
"../../../Engine/Shaders/Private/Nanite/NaniteSplit.usf" 2855
"../../../Engine/Shaders/Private/Nanite/NaniteRasterBinning.usf" 2856
"../../../Engine/Shaders/Private/Nanite/NaniteInstanceCulling.usf" 2857
"../../../Engine/Shaders/Private/Nanite/NaniteImposter.ush" 2858
"../../../Engine/Shaders/Private/Nanite/NaniteInstanceHierarchyCulling.usf" 2859
"../../../Engine/Shaders/Private/WorkGroupLoadBalancer.ush" 2860
"../../../Engine/Shaders/Private/Nanite/NanitePrimitiveFilter.usf" 2861
"../../../Engine/Shaders/Private/Nanite/NaniteRasterClear.usf" 2862
"../../../Engine/Shaders/Private/Nanite/NaniteDepthExport.usf" 2863
"../../../Engine/Shaders/Private/Nanite/NaniteEmitShadow.usf" 2864
"../../../Engine/Shaders/Private/MobileDeferredUtils.usf" 2865
"../../../Engine/Shaders/Private/MobileLocalLightsBuffer.usf" 2866
"../../../Engine/Shaders/Private/MobileFog.usf" 2867
"../../../Engine/Shaders/Private/DistortApplyScreenPS.usf" 2868
"../../../Engine/Shaders/Private/MobileDeferredShading.usf" 2869
"../../../Engine/Shaders/Private/MobileBasePassPixelShader.usf" 2870
"../../../Engine/Shaders/Private/MobileBasePassCommon.ush" 2871
"../../../Engine/Shaders/Private/BasePassCommon.ush" 2872
"../../../Engine/Shaders/Private/ShadingModelsMaterial.ush" 2873
"../../../Engine/Shaders/Private/ThinTranslucentCommon.ush" 2874
"../../../Engine/Shaders/Private/SingleLayerWaterShading.ush" 2875
"../../../Engine/Shaders/Private/DistortionCommon.ush" 2876
"../../../Engine/Shaders/Private/Substrate/SubstrateMobileForwardLighting.ush" 2877
"../../../Engine/Shaders/Private/MobileBasePassVertexShader.usf" 2878
"../../../Engine/Shaders/Private/MeshEdges.usf" 2879
"../../../Engine/Shaders/Private/MegaLights/MegaLightsVSMTracing.usf" 2880
"../../../Engine/Shaders/Private/MegaLights/MegaLights.ush" 2881
"../../../Engine/Shaders/Shared/MegaLightsDefinitions.h" 2882
"../../../Engine/Shaders/Private/HairStrands/HairStrandsVisibilityUtils.ush" 2883
"../../../Engine/Shaders/Private/MegaLights/MegaLightsRayTracing.ush" 2884
"../../../Engine/Shaders/Private/MegaLights/MegaLightsRayTracing.usf" 2885
"../../../Engine/Shaders/Private/DistanceField/GlobalDistanceFieldUtils.ush" 2886
"../../../Engine/Shaders/Private/Lumen/LumenScreenTracing.ush" 2887
"../../../Engine/Shaders/Private/MegaLights/MegaLightsVolumeRayTracing.usf" 2888
"../../../Engine/Shaders/Private/MegaLights/MegaLightsVolume.ush" 2889
"../../../Engine/Shaders/Private/MegaLights/MegaLightsVolumeHardwareRayTracing.usf" 2890
"../../../Engine/Shaders/Private/Lumen/LumenHardwareRayTracingCommon.ush" 2891
"../../../Engine/Shaders/Private/RayTracing/RayTracingReflectionEnvironment.ush" 2892
"../../../Engine/Shaders/Private/Lumen/LumenHardwareRayTracingPlatformCommon.ush" 2893
"../../../Engine/Shaders/Private/Lumen/LumenReflectionsCombine.ush" 2894
"../../../Engine/Shaders/Private/Lumen/LumenTracingCommon.ush" 2895
"../../../Engine/Shaders/Private/Lumen/SurfaceCache/LumenSurfaceCacheSampling.ush" 2896
"../../../Engine/Shaders/Private/Lumen/SurfaceCache/LumenSurfaceCache.ush" 2897
"../../../Engine/Shaders/Private/Lumen/LumenCardCommon.ush" 2898
"../../../Engine/Shaders/Private/Lumen/LumenCardTileShadowDownsampleFactor.ush" 2899
"../../../Engine/Shaders/Private/MegaLights/MegaLightsHardwareRayTracing.usf" 2900
"../../../Engine/Shaders/Private/MegaLights/MegaLights.usf" 2901
"../../../Engine/Shaders/Private/MegaLights/MegaLightsShading.ush" 2902
"../../../Engine/Shaders/Private/MegaLights/MegaLightsFilterVisibleLightHash.usf" 2903
"../../../Engine/Shaders/Private/MegaLights/MegaLightsDenoiserSpatial.usf" 2904
"../../../Engine/Shaders/Private/Lumen/LumenReflectionDenoiserCommon.ush" 2905
"../../../Engine/Shaders/Private/MegaLights/MegaLightsDenoiserTemporal.usf" 2906
"../../../Engine/Shaders/Private/MegaLights/MegaLightsShading.usf" 2907
"../../../Engine/Shaders/Private/StochasticLighting/StochasticLightingUpsample.ush" 2908
"../../../Engine/Shaders/Private/MegaLights/MegaLightsVisibleLightHash.usf" 2909
"../../../Engine/Shaders/Private/MegaLights/MegaLightsVolumeShading.usf" 2910
"../../../Engine/Shaders/Private/MegaLights/MegaLightsSampling.usf" 2911
"../../../Engine/Shaders/Private/MegaLights/MegaLightsSampling.ush" 2912
"../../../Engine/Shaders/Private/MegaLights/MegaLightsVolumeSampling.usf" 2913
"../../../Engine/Shaders/Private/MaterialCache/MaterialCacheABufferPages.usf" 2914
"../../../Engine/Shaders/Private/MaterialCache/MaterialCacheShade.usf" 2915
"../../../Engine/Shaders/Private/MaterialCache/MaterialCacheUnwrapNaniteShade.usf" 2916
"../../../Engine/Shaders/Private/MaterialCache/MaterialCacheUnwrapPixelShader.usf" 2917
"../../../Engine/Shaders/Private/MaterialCache/MaterialCacheUnwrapVertexShader.usf" 2918
"../../../Engine/Shaders/Private/Lumen/LumenVisualizeRadianceCache.usf" 2919
"../../../Engine/Shaders/Private/Lumen/LumenRadianceCacheCommon.ush" 2920
"../../../Engine/Shaders/Private/Lumen/LumenVisualizeHardwareRayTracing.usf" 2921
"../../../Engine/Shaders/Private/Lumen/LumenVisualize.ush" 2922
"../../../Engine/Shaders/Private/Lumen/LumenHairTracing.ush" 2923
"../../../Engine/Shaders/Private/Lumen/LumenVisualize.usf" 2924
"../../../Engine/Shaders/Private/Lumen/LumenSoftwareRayTracing.ush" 2925
"../../../Engine/Shaders/Private/DistanceField/GlobalDistanceFieldObjectGrid.ush" 2926
"../../../Engine/Shaders/Private/DistanceFieldLightingShared.ush" 2927
"../../../Engine/Shaders/Private/Lumen/LumenVisualizeTraces.ush" 2928
"../../../Engine/Shaders/Private/Lumen/LumenTranslucencyVolumeLighting.usf" 2929
"../../../Engine/Shaders/Private/Lumen/LumenRadianceCacheMarkCommon.ush" 2930
"../../../Engine/Shaders/Private/Lumen/LumenTranslucencyVolumeLightingShared.ush" 2931
"../../../Engine/Shaders/Private/Lumen/LumenScreenProbeCommon.ush" 2932
"../../../Engine/Shaders/Private/RayTracing/RayGenUtils.ush" 2933
"../../../Engine/Shaders/Private/Lumen/LumenRadianceCacheTracingCommon.ush" 2934
"../../../Engine/Shaders/Private/Lumen/LumenTranslucencyVolumeHardwareRayTracing.usf" 2935
"../../../Engine/Shaders/Private/Lumen/LumenTranslucencyRadianceCacheMarkShaders.usf" 2936
"../../../Engine/Shaders/Private/Lumen/SurfaceCache/LumenSurfaceCache.usf" 2937
"../../../Engine/Shaders/Private/Lumen/LumenShortRangeAOHardwareRayTracing.usf" 2938
"../../../Engine/Shaders/Private/Lumen/LumenScreenSpaceBentNormal.ush" 2939
"../../../Engine/Shaders/Private/Lumen/LumenScreenSpaceBentNormal.usf" 2940
"../../../Engine/Shaders/Private/Lumen/LumenScreenProbeTracing.usf" 2941
"../../../Engine/Shaders/Private/Lumen/LumenScreenProbeTracingCommon.ush" 2942
"../../../Engine/Shaders/Private/Lumen/LumenFloatQuantization.ush" 2943
"../../../Engine/Shaders/Private/Lumen/LumenScreenProbeImportanceSampling.usf" 2944
"../../../Engine/Shaders/Private/Lumen/LumenScreenProbeImportanceSamplingShared.ush" 2945
"../../../Engine/Shaders/Private/Lumen/LumenScreenProbeHardwareRayTracing.usf" 2946
"../../../Engine/Shaders/Private/Lumen/LumenScreenProbeDebug.usf" 2947
"../../../Engine/Shaders/Private/Lumen/LumenScreenProbeGather.usf" 2948
"../../../Engine/Shaders/Private/Lumen/LumenScreenProbeGatherTemporal.usf" 2949
"../../../Engine/Shaders/Private/Lumen/LumenScreenProbeFiltering.usf" 2950
"../../../Engine/Shaders/Private/Lumen/LumenSceneLighting.usf" 2951
"../../../Engine/Shaders/Private/Lumen/LumenCardTile.ush" 2952
"../../../Engine/Shaders/Private/Lumen/LumenSceneLighting.ush" 2953
"../../../Engine/Shaders/Private/Lumen/Radiosity/LumenRadiosity.ush" 2954
"../../../Engine/Shaders/Private/Lumen/LumenSceneLightingDebug.usf" 2955
"../../../Engine/Shaders/Private/Lumen/LumenScene.usf" 2956
"../../../Engine/Shaders/Private/Lumen/LumenSceneDirectLightingHardwareRayTracing.usf" 2957
"../../../Engine/Shaders/Private/Lumen/LumenSceneDirectLightingStochastic.ush" 2958
"../../../Engine/Shaders/Private/Lumen/LumenReflectionCommon.ush" 2959
"../../../Engine/Shaders/Private/Lumen/LumenSceneDirectLighting.ush" 2960
"../../../Engine/Shaders/Private/Lumen/LumenSceneDebugHardwareRayTracing.usf" 2961
"../../../Engine/Shaders/Private/Lumen/LumenSceneDirectLightingStochastic.usf" 2962
"../../../Engine/Shaders/Private/Lumen/LumenSceneDirectLightingSoftwareRayTracing.usf" 2963
"../../../Engine/Shaders/Private/DistanceFieldShadowingShared.ush" 2964
"../../../Engine/Shaders/Private/Lumen/LumenSceneDirectLightingPerLightShadowCommon.ush" 2965
"../../../Engine/Shaders/Private/Lumen/LumenSceneDirectLightingShadowMask.usf" 2966
"../../../Engine/Shaders/Private/Lumen/LumenSceneDirectLighting.usf" 2967
"../../../Engine/Shaders/Private/Lumen/LumenSceneDirectLightingCulling.usf" 2968
"../../../Engine/Shaders/Private/Lumen/LumenCardComputeShader.usf" 2969
"../../../Engine/Shaders/Private/Lumen/LumenCardBasePass.ush" 2970
"../../../Engine/Shaders/Private/Lumen/LumenCardPixelShader.usf" 2971
"../../../Engine/Shaders/Private/Lumen/LumenCardVertexShader.usf" 2972
"../../../Engine/Shaders/Private/Lumen/LumenReSTIRGather.usf" 2973
"../../../Engine/Shaders/Private/Lumen/LumenReflectionTracing.usf" 2974
"../../../Engine/Shaders/Private/Lumen/LumenReflectionDenoiserSpatial.usf" 2975
"../../../Engine/Shaders/Private/Lumen/LumenReflectionDenoiserClear.usf" 2976
"../../../Engine/Shaders/Private/Lumen/LumenReflectionDenoiserTemporal.usf" 2977
"../../../Engine/Shaders/Private/Lumen/LumenReflectionResolve.usf" 2978
"../../../Engine/Shaders/Private/Lumen/LumenReflections.usf" 2979
"../../../Engine/Shaders/Private/Lumen/RayTracedTranslucency.usf" 2980
"../../../Engine/Shaders/Private/Lumen/LumenReflectionHardwareRayTracing.usf" 2981
"../../../Engine/Shaders/Private/Lumen/Radiosity/LumenVisualizeRadiosityProbes.usf" 2982
"../../../Engine/Shaders/Private/Lumen/Radiosity/LumenRadiosity.usf" 2983
"../../../Engine/Shaders/Private/Lumen/Radiosity/LumenRadiosityHardwareRayTracing.usf" 2984
"../../../Engine/Shaders/Private/Lumen/Radiosity/LumenRadiosityCulling.usf" 2985
"../../../Engine/Shaders/Private/Lumen/LumenRadianceCacheHardwareRayTracing.usf" 2986
"../../../Engine/Shaders/Private/Lumen/LumenRadianceCache.usf" 2987
"../../../Engine/Shaders/Private/Lumen/LumenRadianceCacheUpdate.ush" 2988
"../../../Engine/Shaders/Private/Lumen/LumenRadianceCacheDebug.usf" 2989
"../../../Engine/Shaders/Private/Lumen/LumenRadianceCacheUpdate.usf" 2990
"../../../Engine/Shaders/Private/Lumen/LumenMeshSDFCulling.usf" 2991
"../../../Engine/Shaders/Private/HybridIndirectLighting.ush" 2992
"../../../Engine/Shaders/Private/MeshDistanceFieldCommon.ush" 2993
"../../../Engine/Shaders/Private/Lumen/LumenIrradianceFieldGather.usf" 2994
"../../../Engine/Shaders/Private/Lumen/LumenHardwareRayTracingMaterials.usf" 2995
"../../../Engine/Shaders/Private/Lumen/LumenFrontLayerTranslucency.usf" 2996
"../../../Engine/Shaders/Private/LocalFogVolumes/LocalFogVolumeSplat.usf" 2997
"../../../Engine/Shaders/Private/LocalFogVolumes/LocalFogVolumeTiledCulling.usf" 2998
"../../../Engine/Shaders/Private/LightShaftShader.usf" 2999
"../../../Engine/Shaders/Private/StationaryLightOverlapShaders.usf" 3000
"../../../Engine/Shaders/Private/DeferredLightPixelShaders.usf" 3001
"../../../Engine/Shaders/Private/DeferredLightVertexShaders.usf" 3002
"../../../Engine/Shaders/Private/LightMapDensityShader.usf" 3003
"../../../Engine/Shaders/Private/LightGridInjection.usf" 3004
"../../../Engine/Shaders/Shared/LightGridDefinitions.h" 3005
"../../../Engine/Shaders/Private/LightFunctionPixelShader.usf" 3006
"../../../Engine/Shaders/Private/LightFunctionVertexShader.usf" 3007
"../../../Engine/Shaders/Private/LightFunctionAtlas/LightFunctionAtlasRender.usf" 3008
"../../../Engine/Shaders/Private/InstanceCulling/InstanceCullingOcclusionQuery.usf" 3009
"../../../Engine/Shaders/Private/InstanceCulling/InstanceCullingSetup.ush" 3010
"../../../Engine/Shaders/Private/InstanceCulling/BuildInstanceDrawCommands.usf" 3011
"../../../Engine/Shaders/Private/InstanceCulling/InstanceCompactionCommon.ush" 3012
"../../../Engine/Shaders/Private/SceneDataMobileWriter.ush" 3013
"../../../Engine/Shaders/Private/InstanceCulling/CompactVisibleInstances.usf" 3014
"../../../Engine/Shaders/Private/ReflectionEnvironmentPixelShader.usf" 3015
"../../../Engine/Shaders/Private/AmbientCubemapComposite.usf" 3016
"../../../Engine/Shaders/Private/DiffuseIndirectComposite.usf" 3017
"../../../Engine/Shaders/Private/IESAtlas.usf" 3018
"../../../Engine/Shaders/Private/HeterogeneousVolumes/HeterogeneousVolumesVoxelGridShadows.usf" 3019
"../../../Engine/Shaders/Private/HeterogeneousVolumes/HeterogeneousVolumesStochasticFiltering.ush" 3020
"../../../Engine/Shaders/Private/HeterogeneousVolumes/HeterogeneousVolumesVoxelGridRenderingUtils.ush" 3021
"../../../Engine/Shaders/Private/HeterogeneousVolumes/HeterogeneousVolumesLightingUtils.ush" 3022
"../../../Engine/Shaders/Private/HeterogeneousVolumes/HeterogeneousVolumesVoxelGridRendering.usf" 3023
"../../../Engine/Shaders/Private/HeterogeneousVolumes/HeterogeneousVolumesVoxelGridPipeline.usf" 3024
"../../../Engine/Shaders/Private/HeterogeneousVolumes/HeterogeneousVolumesMaterialBakingPipeline.usf" 3025
"../../../Engine/Shaders/Private/HeterogeneousVolumes/HeterogeneousVolumesLiveShadingUtils.ush" 3026
"../../../Engine/Shaders/Private/HeterogeneousVolumes/HeterogeneousVolumesFrustumVoxelGrid.usf" 3027
"../../../Engine/Shaders/Private/HeterogeneousVolumes/HeterogeneousVolumesSparseVoxelPipeline.usf" 3028
"../../../Engine/Shaders/Private/HeterogeneousVolumes/HeterogeneousVolumesSparseVoxelUtils.ush" 3029
"../../../Engine/Shaders/Private/HeterogeneousVolumes/HeterogeneousVolumesSparseVoxelUniformBufferUtils.ush" 3030
"../../../Engine/Shaders/Private/HeterogeneousVolumes/HeterogeneousVolumesPreshadingPipeline.usf" 3031
"../../../Engine/Shaders/Private/HeterogeneousVolumes/HeterogeneousVolumesLiveShadingShadows.usf" 3032
"../../../Engine/Shaders/Private/HeterogeneousVolumes/HeterogeneousVolumesLiveShadingGlobalPipeline.usf" 3033
"../../../Engine/Shaders/Private/HeterogeneousVolumes/HeterogeneousVolumesLiveShadingPipeline.usf" 3034
"../../../Engine/Shaders/Private/HeterogeneousVolumes/HeterogeneousVolumesHardwareRayTracing.usf" 3035
"../../../Engine/Shaders/Private/HeterogeneousVolumes/HeterogeneousVolumesAmbientOcclusionPipeline.usf" 3036
"../../../Engine/Shaders/Private/HeterogeneousVolumes/HeterogeneousVolumesComposite.usf" 3037
"../../../Engine/Shaders/Private/HdrCustomResolveShaders.usf" 3038
"../../../Engine/Shaders/Private/HairStrands/RenderCurveRaster.usf" 3039
"../../../Engine/Shaders/Private/HairStrands/HairStrandsVoxelRasterCompute.usf" 3040
"../../../Engine/Shaders/Private/HairStrands/HairStrandsHitProxy.usf" 3041
"../../../Engine/Shaders/Private/HairStrands/HairStrandsVisibilityRasterComputeNaive.usf" 3042
"../../../Engine/Shaders/Private/HairStrands/HairStrandsVisibilityRasterHW.usf" 3043
"../../../Engine/Shaders/Private/HairStrands/HairStrandsVisibilityRasterCompute.usf" 3044
"../../../Engine/Shaders/Private/HairStrands/HairStrandsVisibilityRasterClassification.usf" 3045
"../../../Engine/Shaders/Private/HairStrands/HairStrandsCoverage.usf" 3046
"../../../Engine/Shaders/Private/HairStrands/HairStrandsVisibilityDepthPS.usf" 3047
"../../../Engine/Shaders/Private/HairStrands/HairStrandsVisibilityTransmittanceDepthPS.usf" 3048
"../../../Engine/Shaders/Private/HairStrands/HairStrandsVisibilityFillOpaqueDepthPS.usf" 3049
"../../../Engine/Shaders/Private/HairStrands/HairStrandsVisibilityCompactionComputeRaster.usf" 3050
"../../../Engine/Shaders/Private/HairStrands/HairStrandsVisibilityCompaction.usf" 3051
"../../../Engine/Shaders/Private/HairStrands/HairStrandsVisibilityCopyIndirectArg.usf" 3052
"../../../Engine/Shaders/Private/HairStrands/HairStrandsVisibilityClearPS.usf" 3053
"../../../Engine/Shaders/Private/HairStrands/HairStrandsVisibilityPS.usf" 3054
"../../../Engine/Shaders/Private/HairStrands/HairStrandsVisibilityVS.usf" 3055
"../../../Engine/Shaders/Private/HairStrands/HairStrandsVelocity.usf" 3056
"../../../Engine/Shaders/Private/HairStrands/HairStrandsVisibilityComputeSampleCoverage.usf" 3057
"../../../Engine/Shaders/Private/HairStrands/HairStrandsMaterialPS.usf" 3058
"../../../Engine/Shaders/Private/HairStrands/HairStrandsMaterialCommon.ush" 3059
"../../../Engine/Shaders/Private/HairStrands/HairStrandsMaterialVS.usf" 3060
"../../../Engine/Shaders/Private/HairStrands/HairStrandsLightSample.usf" 3061
"../../../Engine/Shaders/Private/HairStrands/HairStrandsDeepShadowMask.usf" 3062
"../../../Engine/Shaders/Private/HairStrands/HairStrandsDeepTransmittanceMask.usf" 3063
"../../../Engine/Shaders/Private/HairStrands/HairStrandsVisibilityTile.usf" 3064
"../../../Engine/Shaders/Private/HairStrands/HairStrandsDeepShadowPS.usf" 3065
"../../../Engine/Shaders/Private/HairStrands/HairStrandsDeepShadowVS.usf" 3066
"../../../Engine/Shaders/Private/HairStrands/HairStrandsAABB.usf" 3067
"../../../Engine/Shaders/Private/HairStrands/HairStrandsLUT.usf" 3068
"../../../Engine/Shaders/Private/HairStrands/HairStrandsForwardRaster.usf" 3069
"../../../Engine/Shaders/Private/HairStrands/HairStrandsForwardCulling.usf" 3070
"../../../Engine/Shaders/Private/HairStrands/HairStrandsEnvironmentLighting.usf" 3071
"../../../Engine/Shaders/Private/HairStrands/HairStrandsEnvironmentAO.usf" 3072
"../../../Engine/Shaders/Private/HairStrands/HairStrandsDeepShadowAllocation.usf" 3073
"../../../Engine/Shaders/Private/HairStrands/HairStrandsVoxelDebug.usf" 3074
"../../../Engine/Shaders/Private/HairStrands/HairStrandsComposition.usf" 3075
"../../../Engine/Shaders/Private/HairStrands/HairStrandsGBufferCommon.ush" 3076
"../../../Engine/Shaders/Private/GPUScene/GPUSceneDataManagement.usf" 3077
"../../../Engine/Shaders/Private/GPUSceneDebugRender.usf" 3078
"../../../Engine/Shaders/Private/GPUFeedbackCompaction.usf" 3079
"../../../Engine/Shaders/Private/GPUFastFourierTransform.usf" 3080
"../../../Engine/Shaders/Private/GPUFastFourierTransform2DCore.ush" 3081
"../../../Engine/Shaders/Private/GPUFastFourierTransformCore.ush" 3082
"../../../Engine/Shaders/Private/GPUBenchmark.usf" 3083
"../../../Engine/Shaders/Private/DistanceField/GlobalDistanceFieldDebug.usf" 3084
"../../../Engine/Shaders/Private/DistanceField/GlobalDistanceFieldUpdate.ush" 3085
"../../../Engine/Shaders/Private/DistanceField/GlobalDistanceFieldMip.usf" 3086
"../../../Engine/Shaders/Private/DistanceField/GlobalDistanceField.usf" 3087
"../../../Engine/Shaders/Private/DistanceField/GlobalDistanceFieldCompositeObjects.usf" 3088
"../../../Engine/Shaders/Private/DistanceField/GlobalDistanceFieldHeightfields.usf" 3089
"../../../Engine/Shaders/Private/HeightfieldLightingShared.ush" 3090
"../../../Engine/Shaders/Private/GenerateConservativeDepth.usf" 3091
"../../../Engine/Shaders/Private/HeightFogPixelShader.usf" 3092
"../../../Engine/Shaders/Private/HeightFogVertexShader.usf" 3093
"../../../Engine/Shaders/Private/DistortFiltering.usf" 3094
"../../../Engine/Shaders/Private/DistortAccumulatePS.usf" 3095
"../../../Engine/Shaders/Private/DistortAccumulateVS.usf" 3096
"../../../Engine/Shaders/Private/DistanceFieldVisualization.usf" 3097
"../../../Engine/Shaders/Private/DistanceFieldStreaming.usf" 3098
"../../../Engine/Shaders/Private/DistanceFieldShadowing.usf" 3099
"../../../Engine/Shaders/Private/DistanceFieldScreenGridLighting.usf" 3100
"../../../Engine/Shaders/Private/DistanceFieldObjectCulling.usf" 3101
"../../../Engine/Shaders/Private/DistanceFieldLightingPost.usf" 3102
"../../../Engine/Shaders/Private/DitheredTransitionStencil.usf" 3103
"../../../Engine/Shaders/Private/CopyDepthTexture.usf" 3104
"../../../Engine/Shaders/Private/CopyDepthTextureCS.usf" 3105
"../../../Engine/Shaders/Private/DeferredDecal.usf" 3106
"../../../Engine/Shaders/Private/DecalCommon.ush" 3107
"../../../Engine/Shaders/Private/DebugViewModeVertexShader.usf" 3108
"../../../Engine/Shaders/Private/DebugViewModeCommon.ush" 3109
"../../../Engine/Shaders/Private/DebugViewModePixelShader.usf" 3110
"../../../Engine/Shaders/Private/DebugProbes.usf" 3111
"../../../Engine/Shaders/Private/MeshDecals.usf" 3112
"../../../Engine/Shaders/Private/PostProcessAmbientOcclusion.usf" 3113
"../../../Engine/Shaders/Private/ClusteredDeferredShadingPixelShader.usf" 3114
"../../../Engine/Shaders/Private/ClusteredDeferredShadingVertexShader.usf" 3115
"../../../Engine/Shaders/Private/CapsuleShadowShaders.usf" 3116
"../../../Engine/Shaders/Private/BasePassPixelShader.usf" 3117
"../../../Engine/Shaders/Private/ForwardLightingCommon.ush" 3118
"../../../Engine/Shaders/Private/Substrate/SubstrateForwardLighting.ush" 3119
"../../../Engine/Shaders/Private/ComputeShaderOutputCommon.ush" 3120
"../../../Engine/Shaders/Private/BasePassVertexShader.usf" 3121
"../../../Engine/Shaders/Private/BasePassVertexCommon.ush" 3122
"../../../Engine/Shaders/Private/SimpleElementVolumeTexturePreviewPixelShader.usf" 3123
"../../../Engine/Shaders/Private/SimpleElementTexture2DPreviewPixelShader.usf" 3124
"../../../Engine/Shaders/Private/meshpaintdilatepixelshader.usf" 3125
"../../../Engine/Shaders/Private/meshpaintdilatevertexshader.usf" 3126
"../../../Engine/Shaders/Private/MeshPaintPixelShader.usf" 3127
"../../../Engine/Shaders/Private/MeshPaintVertexShader.usf" 3128
"../../../Engine/Shaders/Private/SlateElementPixelShader.usf" 3129
"../../../Engine/Shaders/Private/SlateShaderCommon.ush" 3130
"../../../Engine/Shaders/Private/SlateMaskingShader.usf" 3131
"../../../Engine/Shaders/Private/SlateVertexShader.usf" 3132
"../../../Engine/Shaders/Private/CompositeUIPixelShader.usf" 3133
"../../../Engine/Shaders/Private/ColorDeficiency.ush" 3134
"../../../Engine/Shaders/Private/SlatePostProcessColorDeficiencyPixelShader.usf" 3135
"../../../Engine/Shaders/Private/SlatePostProcessPixelShader.usf" 3136
"../../../Engine/Shaders/Private/Tools/VisualizeTexture.usf" 3137
"../../../Engine/Shaders/Private/UpdateDescriptorHandle.usf" 3138
"../../../Engine/Shaders/Private/ByteBuffer.usf" 3139
"../../../Engine/Shaders/Private/ShaderBundleWorkGraphDispatch.usf" 3140
"../../../Engine/Shaders/Private/ShaderBundleDispatch.usf" 3141
"../../../Engine/Shaders/Private/ResolveVertexShader.usf" 3142
"../../../Engine/Shaders/Private/ResolvePixelShader.usf" 3143
"../../../Engine/Shaders/Private/Tools/SetupIndirectArgs.usf" 3144
"../../../Engine/Shaders/Private/ClearReplacementShaders.usf" 3145
"../../../Engine/Shaders/Private/Tools/DrawTexture.usf" 3146
"../../../Engine/Shaders/Private/RayTracing/RayTracingValidation.usf" 3147
"../../../Engine/Shaders/Private/RenderGraphUtilities.usf" 3148
"../../../Engine/Shaders/Private/OneColorShader.usf" 3149
"../../../Engine/Shaders/Private/OculusShaders.usf" 3150
"../../../Engine/Shaders/Private/MediaShaders.usf" 3151
"../../../Engine/Shaders/Private/GPUMessaging.usf" 3152
"../../../Engine/Shaders/Private/Tools/GPUDebugCrashUtils.usf" 3153
"../../../Engine/Shaders/Private/NullPixelShader.usf" 3154
"../../../Engine/Shaders/Private/ComputeGenerateMips.usf" 3155
"../../../Engine/Shaders/Private/Tools/DumpTexture.usf" 3156
"../../../Engine/Shaders/Private/CopyTextureShaders.usf" 3157
"../../../Engine/Shaders/Private/Tools/FullscreenVertexShader.usf" 3158
"../../../Engine/Shaders/Private/RayTracing/RayTracingDispatchDesc.usf" 3159
"../../../Engine/Shaders/Private/Bink.usf" 3160
"../../../Engine/Shaders/Private/VelocityShader.usf" 3161
"../../../Engine/Shaders/Private/DepthOnlyPixelShader.usf" 3162
"../../../Engine/Shaders/Private/PositionOnlyDepthVertexShader.usf" 3163
"../../../Engine/Shaders/Private/DepthOnlyVertexShader.usf" 3164
"../../../Engine/Shaders/Private/AnisotropyPassShader.usf" 3165
"/Engine/EngineResources/WhiteSquareTexture" 3166
"../../../Engine/Content/EngineResources/WhiteSquareTexture.uasset" 3167
"/Engine/EngineResources/GradientTexture0" 3168
"../../../Engine/Content/EngineResources/GradientTexture0.uasset" 3169
"/Engine/EngineResources/Black" 3170
"../../../Engine/Content/EngineResources/Black.uasset" 3171
"/Engine/EditorResources/S_Actor" 3172
"../../../Engine/Content/EditorResources/S_Actor.uasset" 3173
"/Engine/EngineFonts/RobotoDistanceField" 3174
"../../../Engine/Content/EngineFonts/RobotoDistanceField.uasset" 3175
"/Engine/EngineMaterials/DefaultTextMaterialOpaque" 3176
"../../../Engine/Content/EngineMaterials/DefaultTextMaterialOpaque.uasset" 3177
"/Engine/Functions/Engine_MaterialFunctions01/Shading/PowerToRoughness" 3178
"../../../Engine/Content/Functions/Engine_MaterialFunctions01/Shading/PowerToRoughness.uasset" 3179
"/Engine/Functions/Engine_MaterialFunctions01/Shading/ConvertFromDiffSpec" 3180
"../../../Engine/Content/Functions/Engine_MaterialFunctions01/Shading/ConvertFromDiffSpec.uasset" 3181
"/Engine/EngineMaterials/WorldGridMaterial" 3182
"../../../Engine/Content/EngineMaterials/WorldGridMaterial.uasset" 3183
"../../../Engine/Content/Functions/Engine_MaterialFunctions01/Opacity/CameraDepthFade.uasset" 3184
"../../../Engine/Content/EngineMaterials/T_Default_Material_Grid_M.uasset" 3185
"../../../Engine/Content/EngineMaterials/T_Default_Material_Grid_N.uasset" 3186
"/Engine/EngineMaterials/DefaultDeferredDecalMaterial" 3187
"../../../Engine/Content/EngineMaterials/DefaultDeferredDecalMaterial.uasset" 3188
"../../../Engine/Content/EngineMaterials/DefaultDiffuse.uasset" 3189
"/Engine/EngineMaterials/DefaultLightFunctionMaterial" 3190
"../../../Engine/Content/EngineMaterials/DefaultLightFunctionMaterial.uasset" 3191
"/Engine/EngineMaterials/DefaultPostProcessMaterial" 3192
"../../../Engine/Content/EngineMaterials/DefaultPostProcessMaterial.uasset" 3193
"../../../Engine/Content/Functions/Engine_MaterialFunctions02/Utility/BreakOutFloat2Components.uasset" 3194
"/Engine/EditorResources/S_Trigger" 3195
"../../../Engine/Content/EditorResources/S_Trigger.uasset" 3196
"/Engine/EditorResources/S_BoxReflectionCapture" 3197
"../../../Engine/Content/EditorResources/S_BoxReflectionCapture.uasset" 3198
"/Engine/EngineResources/DefaultTexture" 3199
"../../../Engine/Content/EngineResources/DefaultTexture.uasset" 3200
"/Engine/EditorResources/S_TriggerBox" 3201
"../../../Engine/Content/EditorResources/S_TriggerBox.uasset" 3202
"/Engine/EditorResources/S_TriggerCapsule" 3203
"../../../Engine/Content/EditorResources/S_TriggerCapsule.uasset" 3204
"/Engine/EditorResources/S_TriggerSphere" 3205
"../../../Engine/Content/EditorResources/S_TriggerSphere.uasset" 3206
"/Engine/EngineDamageTypes/DmgTypeBP_Environmental" 3207
"../../../Engine/Content/EngineDamageTypes/DmgTypeBP_Environmental.uasset" 3208
"/Engine/EngineMeshes/Sphere" 3209
"../../../Engine/Content/EngineMeshes/Sphere.uasset" 3210
"/Engine/EngineResources/DefaultTextureCube" 3211
"../../../Engine/Content/EngineResources/DefaultTextureCube.uasset" 3212
"/Engine/EngineResources/DefaultVolumeTexture" 3213
"../../../Engine/Content/EngineResources/DefaultVolumeTexture.uasset" 3214
"../../../Engine/Content/EngineResources/DefaultVolumeTexture2D.uasset" 3215
"/Engine/VREditor/TransformGizmo/SM_Sequencer_Node" 3216
"../../../Engine/Content/VREditor/TransformGizmo/SM_Sequencer_Node.uasset" 3217
"../../../Engine/Content/VREditor/TransformGizmo/Main.uasset" 3218
"../../../Engine/Content/VREditor/TransformGizmo/Xray.uasset" 3219
"/Engine/EditorResources/S_Solver" 3220
"../../../Engine/Content/EditorResources/S_Solver.uasset" 3221
"/Engine/EngineDebugMaterials/VolumeToRender" 3222
"../../../Engine/Content/EngineDebugMaterials/VolumeToRender.uasset" 3223
"/Engine/EngineDebugMaterials/M_VolumeRenderSphereTracePP" 3224
"../../../Engine/Content/EngineDebugMaterials/M_VolumeRenderSphereTracePP.uasset" 3225
"../../../Engine/Content/Functions/Engine_MaterialFunctions02/Utility/CameraDirectionVector.uasset" 3226
"/Engine/EditorMeshes/Camera/SM_CraneRig_Base" 3227
"../../../Engine/Content/EditorMeshes/Camera/SM_CraneRig_Base.uasset" 3228
"../../../Engine/Content/EditorMaterials/Camera/MI_CineMat_Rig.uasset" 3229
"../../../Engine/Content/EditorMaterials/Camera/CineMat.uasset" 3230
"/Engine/EditorMeshes/Camera/SM_CraneRig_Arm" 3231
"../../../Engine/Content/EditorMeshes/Camera/SM_CraneRig_Arm.uasset" 3232
"/Engine/EditorMeshes/Camera/SM_CraneRig_Mount" 3233
"../../../Engine/Content/EditorMeshes/Camera/SM_CraneRig_Mount.uasset" 3234
"/Engine/EditorMeshes/Camera/SM_CraneRig_Body" 3235
"../../../Engine/Content/EditorMeshes/Camera/SM_CraneRig_Body.uasset" 3236
"/Engine/EditorMeshes/Camera/SM_RailRig_Track" 3237
"../../../Engine/Content/EditorMeshes/Camera/SM_RailRig_Track.uasset" 3238
"/Engine/EditorMeshes/Camera/SM_RailRig_Mount" 3239
"../../../Engine/Content/EditorMeshes/Camera/SM_RailRig_Mount.uasset" 3240
"/Engine/EditorLandscapeResources/SplineEditorMesh" 3241
"../../../Engine/Content/EditorLandscapeResources/SplineEditorMesh.uasset" 3242
"../../../Engine/Content/EditorLandscapeResources/SplineEditorMeshMat.uasset" 3243
"/HairStrands/Materials/HairDebugMaterial" 3244
"../../Plugins/Runtime/HairStrands/Content/Materials/HairDebugMaterial.uasset" 3245
"../../../Engine/Content/Functions/Engine_MaterialFunctions02/Utility/MakeFloat2.uasset" 3246
"../../../Engine/Content/Functions/Engine_MaterialFunctions02/Utility/MakeFloat3.uasset" 3247
"../../../Engine/Content/EngineMaterials/HairColorMap.uasset" 3248
"../../../Engine/Content/EngineMaterials/HairDebugColor.uasset" 3249
"../../Plugins/Runtime/HairStrands/Content/Materials/HairGroupColors.uasset" 3250
"/HairStrands/Materials/HairDefaultMaterial" 3251
"../../Plugins/Runtime/HairStrands/Content/Materials/HairDefaultMaterial.uasset" 3252
"/HairStrands/Materials/HairCardsDefaultMaterial" 3253
"../../Plugins/Runtime/HairStrands/Content/Materials/HairCardsDefaultMaterial.uasset" 3254
"/HairStrands/Materials/HairMeshesDefaultMaterial" 3255
"../../Plugins/Runtime/HairStrands/Content/Materials/HairMeshesDefaultMaterial.uasset" 3256
"/Engine/BasicShapes/Cube" 3257
"../../../Engine/Content/BasicShapes/Cube.uasset" 3258
"/CameraCalibrationCore/Materials/M_DefaultOddSquare" 3259
"../../Plugins/VirtualProduction/CameraCalibrationCore/Content/Materials/M_DefaultOddSquare.uasset" 3260
"/CameraCalibrationCore/Materials/M_DefaultEvenSquare" 3261
"../../Plugins/VirtualProduction/CameraCalibrationCore/Content/Materials/M_DefaultEvenSquare.uasset" 3262
"/Engine/EngineMaterials/Widget3DPassThrough_Translucent" 3263
"../../../Engine/Content/EngineMaterials/Widget3DPassThrough_Translucent.uasset" 3264
"../../../Engine/Content/EngineMaterials/Widget3DPassThrough.uasset" 3265
"/Engine/EngineMaterials/Widget3DPassThrough_Translucent_OneSided" 3266
"../../../Engine/Content/EngineMaterials/Widget3DPassThrough_Translucent_OneSided.uasset" 3267
"/Engine/EngineMaterials/Widget3DPassThrough_Opaque" 3268
"../../../Engine/Content/EngineMaterials/Widget3DPassThrough_Opaque.uasset" 3269
"/Engine/EngineMaterials/Widget3DPassThrough_Opaque_OneSided" 3270
"../../../Engine/Content/EngineMaterials/Widget3DPassThrough_Opaque_OneSided.uasset" 3271
"/Engine/EngineMaterials/Widget3DPassThrough_Masked" 3272
"../../../Engine/Content/EngineMaterials/Widget3DPassThrough_Masked.uasset" 3273
"/Engine/EngineMaterials/Widget3DPassThrough_Masked_OneSided" 3274
"../../../Engine/Content/EngineMaterials/Widget3DPassThrough_Masked_OneSided.uasset" 3275
"/Engine/VREditor/ViewportInteractionAssetContainerData" 3276
"../../../Engine/Content/VREditor/ViewportInteractionAssetContainerData.uasset" 3277
"../../../Engine/Content/VREditor/SnapGrid/SnapGridMaterial.uasset" 3278
"../../../Engine/Content/VREditor/TransformGizmo/TransformGizmoMaterial_Inst.uasset" 3279
"../../../Engine/Content/VREditor/TransformGizmo/TranslucentTransformGizmoMaterial_Inst.uasset" 3280
"../../../Engine/Content/VREditor/SnapGrid/SnapGridPlaneMesh.uasset" 3281
"../../../Engine/Content/VREditor/Sounds/UI/Drop_Item_From_ContentBrowser.uasset" 3282
"../../../Engine/Content/VREditor/Sounds/UI/Gizmo_Handle_Clicked.uasset" 3283
"../../../Engine/Content/VREditor/Sounds/UI/Object_PickUp.uasset" 3284
"../../../Engine/Content/VREditor/Sounds/UI/Object_Snaps_To_Another_Actor.uasset" 3285
"../../../Engine/Content/VREditor/Sounds/UI/Object_Snaps_To_Grid.uasset" 3286
"../../../Engine/Content/VREditor/Sounds/UI/Scaling_Down.uasset" 3287
"../../../Engine/Content/VREditor/Sounds/UI/Scaling_Up.uasset" 3288
"../../../Engine/Content/VREditor/Sounds/UI/Selection_Changes.uasset" 3289
"../../../Engine/Content/VREditor/TransformGizmo/PlaneTranslationHandle.uasset" 3290
"../../../Engine/Content/VREditor/TransformGizmo/RotationHandleFull.uasset" 3291
"../../../Engine/Content/VREditor/TransformGizmo/RotationHandleIndicator.uasset" 3292
"../../../Engine/Content/VREditor/TransformGizmo/RotationHandleQuarter.uasset" 3293
"../../../Engine/Content/VREditor/TransformGizmo/StartRotationHandleIndicator.uasset" 3294
"../../../Engine/Content/VREditor/TransformGizmo/TransformGizmoFreeRotation.uasset" 3295
"../../../Engine/Content/VREditor/TransformGizmo/TranslateArrowHandle.uasset" 3296
"../../../Engine/Content/VREditor/TransformGizmo/UniformScaleHandle.uasset" 3297
"../../../Engine/Content/Functions/Engine_MaterialFunctions02/Math/Transform3x3Matrix.uasset" 3298
"../../../Engine/Content/Functions/Engine_MaterialFunctions02/SplitComponents.uasset" 3299
"../../../Engine/Content/VREditor/TransformGizmo/TransformGizmoMaterial.uasset" 3300
"../../../Engine/Content/VREditor/TransformGizmo/TranslucentTransformGizmoMaterial.uasset" 3301
"../../../Engine/Content/Functions/Engine_MaterialFunctions02/Utility/BreakOutFloat3Components.uasset" 3302
"../../../Engine/Content/VREditor/LaserPointer/VR_LaserPower_01.uasset" 3303
"/Engine/VREditor/TransformGizmo/BoundingBoxCorner" 3304
"../../../Engine/Content/VREditor/TransformGizmo/BoundingBoxCorner.uasset" 3305
"/Engine/VREditor/TransformGizmo/BoundingBoxEdge" 3306
"../../../Engine/Content/VREditor/TransformGizmo/BoundingBoxEdge.uasset" 3307
"/Engine/ArtTools/RenderToTexture/Meshes/S_1_Unit_Plane" 3308
"../../../Engine/Content/ArtTools/RenderToTexture/Meshes/S_1_Unit_Plane.uasset" 3309
"/Engine/EngineDebugMaterials/M_SimpleUnlitTranslucent" 3310
"../../../Engine/Content/EngineDebugMaterials/M_SimpleUnlitTranslucent.uasset" 3311
"/Engine/EngineFonts/Roboto" 3312
"../../../Engine/Content/EngineFonts/Roboto.uasset" 3313
"../../../Engine/Content/EngineFonts/Faces/DroidSansFallback.uasset" 3314
"../../../Engine/Content/EngineFonts/Faces/RobotoBold.uasset" 3315
"../../../Engine/Content/EngineFonts/Faces/RobotoBoldItalic.uasset" 3316
"../../../Engine/Content/EngineFonts/Faces/RobotoItalic.uasset" 3317
"../../../Engine/Content/EngineFonts/Faces/RobotoLight.uasset" 3318
"../../../Engine/Content/EngineFonts/Faces/RobotoRegular.uasset" 3319
"/Engine/EditorMaterials/ParticleSystems/PSysThumbnail_NoImage" 3320
"../../../Engine/Content/EditorMaterials/ParticleSystems/PSysThumbnail_NoImage.uasset" 3321
"/Engine/EditorMaterials/ParticleSystems/PSysThumbnail_OOD" 3322
"../../../Engine/Content/EditorMaterials/ParticleSystems/PSysThumbnail_OOD.uasset" 3323
"/Engine/EngineResources/LandscapeVisibilityLayerInfo" 3324
"../../../Engine/Content/EngineResources/LandscapeVisibilityLayerInfo.uasset" 3325
"/ACLPlugin/ACLAnimBoneCompressionSettings" 3326
"../../Plugins/Animation/ACLPlugin/Content/ACLAnimBoneCompressionSettings.uasset" 3327
"/Engine/Animation/DefaultRecorderBoneCompression" 3328
"../../../Engine/Content/Animation/DefaultRecorderBoneCompression.uasset" 3329
"/ACLPlugin/ACLAnimCurveCompressionSettings" 3330
"../../Plugins/Animation/ACLPlugin/Content/ACLAnimCurveCompressionSettings.uasset" 3331
"/Engine/Animation/DefaultVariableFrameStrippingSettings" 3332
"../../../Engine/Content/Animation/DefaultVariableFrameStrippingSettings.uasset" 3333
"/AudioWidgets/Resources/ScrubHandleDown_Clamped" 3334
"../../Plugins/Runtime/AudioWidgets/Content/Resources/ScrubHandleDown_Clamped.uasset" 3335
"/Paper2D/MaskedUnlitSpriteMaterial" 3336
"../../Plugins/2D/Paper2D/Content/MaskedUnlitSpriteMaterial.uasset" 3337
"../../Plugins/2D/Paper2D/Content/DefaultSpriteMaterial.uasset" 3338
"../../Plugins/2D/Paper2D/Content/PlaceholderTextures/DummySpriteTexture.uasset" 3339
"/Paper2D/OpaqueUnlitSpriteMaterial" 3340
"../../Plugins/2D/Paper2D/Content/OpaqueUnlitSpriteMaterial.uasset" 3341
"/Paper2D/DefaultPaperTerrainMaterial" 3342
"../../Plugins/2D/Paper2D/Content/DefaultPaperTerrainMaterial.uasset" 3343
"../../Plugins/2D/Paper2D/Content/DummySprite.uasset" 3344
"/ControlRig/Controls/ControlRigXRayMaterial" 3345
"../../Plugins/Animation/ControlRig/Content/Controls/ControlRigXRayMaterial.uasset" 3346
"/ControlRig/Controls/DefaultGizmoLibraryNormalized" 3347
"../../Plugins/Animation/ControlRig/Content/Controls/DefaultGizmoLibraryNormalized.uasset" 3348
"/ControlRig/M_Manip" 3349
"../../Plugins/Animation/ControlRig/Content/M_Manip.uasset" 3350
"../../../Engine/Content/Functions/Engine_MaterialFunctions02/WorldPositionOffset/CameraOffset.uasset" 3351
"/MediaPlate/SM_MediaPlateScreen" 3352
"../../Plugins/Media/MediaPlate/Content/SM_MediaPlateScreen.uasset" 3353
"../../../Engine/Intermediate/ProjectFiles/PrimaryProjectPath.txt" 3354
"/SpeedTreeImporter/SpeedTree9/SpeedTreeMaster" 3355
"../../Plugins/Editor/SpeedTreeImporter/Content/SpeedTree9/SpeedTreeMaster.uasset" 3356
"../../../Engine/Content/Functions/Engine_MaterialFunctions02/ObjectLocalBounds.uasset" 3357
"../../../Engine/Content/Functions/Engine_MaterialFunctions02/SafeNormalize.uasset" 3358
"../../../Engine/Content/Functions/Engine_MaterialFunctions02/Utility/VectorLength.uasset" 3359
"../../../Engine/Content/Functions/Engine_MaterialFunctions02/UVs/BoundingBoxBased_0-1_UVW.uasset" 3360
"../../../Engine/Content/Functions/Engine_MaterialFunctions02/WorldPositionOffset/ObjectScale.uasset" 3361
"../../Plugins/Editor/SpeedTreeImporter/Content/SpeedTree9/SpeedTreeBranchMotion.uasset" 3362
"../../Plugins/Editor/SpeedTreeImporter/Content/SpeedTree9/SpeedTreeCameraFacing.uasset" 3363
"../../Plugins/Editor/SpeedTreeImporter/Content/SpeedTree9/SpeedTreeWind.uasset" 3364
"../../Plugins/Editor/SpeedTreeImporter/Content/SpeedTree9/SpeedTreeWindMotion.uasset" 3365
"../../Plugins/Editor/SpeedTreeImporter/Content/SpeedTree9/UnpackDirection.uasset" 3366
"../../Plugins/Editor/SpeedTreeImporter/Content/SpeedTree9/UnpackInteger3.uasset" 3367
"../../Plugins/Editor/SpeedTreeImporter/Content/SpeedTree9/Empty.uasset" 3368
"../../Plugins/Editor/SpeedTreeImporter/Content/SpeedTree9/EmptyNormal.uasset" 3369
"../../Plugins/Editor/SpeedTreeImporter/Content/SpeedTree9/game_wind_noise.uasset" 3370
"/SpeedTreeImporter/SpeedTree9/SpeedTreeBillboardMaster" 3371
"../../Plugins/Editor/SpeedTreeImporter/Content/SpeedTree9/SpeedTreeBillboardMaster.uasset" 3372
"../../Plugins/Editor/SpeedTreeImporter/Content/SpeedTree9/SpeedTreeBillboard.uasset" 3373
"/Engine/BasicShapes/BasicShapeMaterial" 3374
"../../../Engine/Content/BasicShapes/BasicShapeMaterial.uasset" 3375
"/Engine/EditorMaterials/Dataflow/DataflowVertexMaterial" 3376
"../../../Engine/Content/EditorMaterials/Dataflow/DataflowVertexMaterial.uasset" 3377
"/Engine/EditorMaterials/Dataflow/DataflowTwoSidedVertexMaterial" 3378
"../../../Engine/Content/EditorMaterials/Dataflow/DataflowTwoSidedVertexMaterial.uasset" 3379
"/Engine/EditorLandscapeResources/LayerVisMaterial" 3380
"../../../Engine/Content/EditorLandscapeResources/LayerVisMaterial.uasset" 3381
"../../../Engine/Content/EditorLandscapeResources/WhiteSquareTexture.uasset" 3382
"/Engine/EditorLandscapeResources/SelectBrushMaterial_Selected" 3383
"../../../Engine/Content/EditorLandscapeResources/SelectBrushMaterial_Selected.uasset" 3384
"../../../Engine/Content/EditorLandscapeResources/SelectBrushMaterial.uasset" 3385
"../../../Engine/Content/Functions/Engine_MaterialFunctions03/Math/WithinRangeFloat2.uasset" 3386
"../../../Engine/Content/EditorLandscapeResources/DefaultAlphaTexture.uasset" 3387
"/Engine/EditorLandscapeResources/SelectBrushMaterial_SelectedRegion" 3388
"../../../Engine/Content/EditorLandscapeResources/SelectBrushMaterial_SelectedRegion.uasset" 3389
"/Engine/EditorLandscapeResources/MaskBrushMaterial_MaskedRegion" 3390
"../../../Engine/Content/EditorLandscapeResources/MaskBrushMaterial_MaskedRegion.uasset" 3391
"../../../Engine/Content/EditorLandscapeResources/MaskBrushMaterial.uasset" 3392
"/Engine/EditorLandscapeResources/ColorMaskBrushMaterial_MaskedRegion" 3393
"../../../Engine/Content/EditorLandscapeResources/ColorMaskBrushMaterial_MaskedRegion.uasset" 3394
"../../../Engine/Content/EditorLandscapeResources/ColorMaskBrushMaterial.uasset" 3395
"/Engine/EditorLandscapeResources/LandscapeDirtyMaterial" 3396
"../../../Engine/Content/EditorLandscapeResources/LandscapeDirtyMaterial.uasset" 3397
"/Engine/EditorLandscapeResources/LandscapeLayerUsageMaterial" 3398
"../../../Engine/Content/EditorLandscapeResources/LandscapeLayerUsageMaterial.uasset" 3399
"../../../Engine/Content/Functions/Engine_MaterialFunctions01/Debug/DebugIntValues.uasset" 3400
"../../../Engine/Content/Functions/Engine_MaterialFunctions01/Texturing/ScaleUVsByCenter.uasset" 3401
"../../../Engine/Content/Functions/Engine_MaterialFunctions02/WorldPositionOffset/LocalPosition.uasset" 3402
"../../../Engine/Content/Functions/Engine_MaterialFunctions01/Texturing/TextureCropping.uasset" 3403
"../../../Engine/Content/Functions/Engine_MaterialFunctions02/ExampleContent/DebugNumberStrip.uasset" 3404
"C:/Users/darcy/AppData/Local/UnrealEngine/Editor/UInteractiveToolsPresetCollectionAsset_DefaultCollection.json" 3405
"/Engine/EngineMaterials/NaniteHiddenSectionMaterial" 3406
"../../../Engine/Content/EngineMaterials/NaniteHiddenSectionMaterial.uasset" 3407
"/Engine/EngineMaterials/RemoveSurfaceMaterial" 3408
"../../../Engine/Content/EngineMaterials/RemoveSurfaceMaterial.uasset" 3409
"/Engine/EngineDebugMaterials/DebugMeshMaterial" 3410
"../../../Engine/Content/EngineDebugMaterials/DebugMeshMaterial.uasset" 3411
"/Engine/EngineMaterials/EmissiveMeshMaterial" 3412
"../../../Engine/Content/EngineMaterials/EmissiveMeshMaterial.uasset" 3413
"../../../Engine/Content/EngineMaterials/DefaultWhiteGrid_Low.uasset" 3414
"/Engine/EngineMaterials/M_InvalidLightmapSettings" 3415
"../../../Engine/Content/EngineMaterials/M_InvalidLightmapSettings.uasset" 3416
"../../../Engine/Content/EngineMaterials/InvalidLightmapSettings.uasset" 3417
"/Engine/EngineMaterials/GizmoMaterial" 3418
"../../../Engine/Content/EngineMaterials/GizmoMaterial.uasset" 3419
"/Engine/EngineMaterials/PhAT_JointLimitMaterial" 3420
"../../../Engine/Content/EngineMaterials/PhAT_JointLimitMaterial.uasset" 3421
"/Engine/EngineMaterials/FlattenMaterial" 3422
"../../../Engine/Content/EngineMaterials/FlattenMaterial.uasset" 3423
"../../../Engine/Content/EngineMaterials/BaseFlattenDiffuseMap.uasset" 3424
"../../../Engine/Content/EngineMaterials/BaseFlattenEmissiveMap.uasset" 3425
"../../../Engine/Content/EngineMaterials/BaseFlattenGrayscaleMap.uasset" 3426
"../../../Engine/Content/EngineMaterials/BaseFlattenLinearColor.uasset" 3427
"../../../Engine/Content/EngineMaterials/BaseFlattenNormalMap.uasset" 3428
"../../../Engine/Content/Functions/Engine_MaterialFunctions02/PivotPainter2/Black_1x1_EXR_Texture.uasset" 3429
"/Engine/EngineMaterials/FlattenMaterial_VT" 3430
"../../../Engine/Content/EngineMaterials/FlattenMaterial_VT.uasset" 3431
"../../../Engine/Content/EngineMaterials/BaseFlattenDiffuseMap_VT.uasset" 3432
"../../../Engine/Content/EngineMaterials/BaseFlattenEmissiveMap_VT.uasset" 3433
"../../../Engine/Content/EngineMaterials/BaseFlattenGrayscaleMap_VT.uasset" 3434
"../../../Engine/Content/EngineMaterials/BaseFlattenLinearColor_VT.uasset" 3435
"../../../Engine/Content/EngineMaterials/BaseFlattenNormalMap_VT.uasset" 3436
"../../../Engine/Content/EngineMaterials/Black_1x1_EXR_Texture_VT.uasset" 3437
"/Engine/EngineMaterials/FlattenMaterial_WS_Normal_VT" 3438
"../../../Engine/Content/EngineMaterials/FlattenMaterial_WS_Normal_VT.uasset" 3439
"/Engine/EngineMaterials/Good64x64TilingNoiseHighFreq" 3440
"../../../Engine/Content/EngineMaterials/Good64x64TilingNoiseHighFreq.uasset" 3441
"/Engine/EngineMaterials/DefaultBokeh" 3442
"../../../Engine/Content/EngineMaterials/DefaultBokeh.uasset" 3443
"/Engine/EngineMaterials/MiniFont" 3444
"../../../Engine/Content/EngineMaterials/MiniFont.uasset" 3445
"/Engine/EngineMaterials/WeightMapPlaceholderTexture" 3446
"../../../Engine/Content/EngineMaterials/WeightMapPlaceholderTexture.uasset" 3447
"/Engine/EngineMaterials/WeightMapArrayPlaceholderTexture" 3448
"../../../Engine/Content/EngineMaterials/WeightMapArrayPlaceholderTexture.uasset" 3449
"/Engine/EngineMaterials/DefaultWhiteGrid" 3450
"../../../Engine/Content/EngineMaterials/DefaultWhiteGrid.uasset" 3451
"/Engine/EngineMaterials/PreintegratedSkinBRDF" 3452
"../../../Engine/Content/EngineMaterials/PreintegratedSkinBRDF.uasset" 3453
"/Engine/EngineMaterials/LTC/GGX_LTCAmp" 3454
"../../../Engine/Content/EngineMaterials/LTC/GGX_LTCAmp.uasset" 3455
"/Engine/EngineMaterials/LTC/GGX_LTCMat" 3456
"../../../Engine/Content/EngineMaterials/LTC/GGX_LTCMat.uasset" 3457
"/Engine/EngineMaterials/EnergyConservation/GGX_ReflectionEnergy" 3458
"../../../Engine/Content/EngineMaterials/EnergyConservation/GGX_ReflectionEnergy.uasset" 3459
"/Engine/EngineMaterials/EnergyConservation/GGX_TransmissionEnergyArray" 3460
"../../../Engine/Content/EngineMaterials/EnergyConservation/GGX_TransmissionEnergyArray.uasset" 3461
"/Engine/EngineMaterials/EnergyConservation/SheenLegacy_Energy" 3462
"../../../Engine/Content/EngineMaterials/EnergyConservation/SheenLegacy_Energy.uasset" 3463
"/Engine/EngineMaterials/DefaultPhysicalMaterial" 3464
"../../../Engine/Content/EngineMaterials/DefaultPhysicalMaterial.uasset" 3465
"/Engine/EngineMaterials/DefaultDestructiblePhysicalMaterial" 3466
"../../../Engine/Content/EngineMaterials/DefaultDestructiblePhysicalMaterial.uasset" 3467
"C:/Users/darcy/AppData/Local/UnrealEngine/5.6/Saved/AutoLoadProject.txt" 3468
"C:/Users/darcy/AppData/Local/UnrealEngine/Editor/ProjectEditorRecords.json" 3469
"/Niagara/ParameterDefinitions/SpriteRenderer" 3470
"../../Plugins/FX/Niagara/Content/ParameterDefinitions/SpriteRenderer.uasset" 3471
"/Niagara/ParameterDefinitions/RibbonRenderer" 3472
"../../Plugins/FX/Niagara/Content/ParameterDefinitions/RibbonRenderer.uasset" 3473
"/Niagara/ParameterDefinitions/MeshRenderer" 3474
"../../Plugins/FX/Niagara/Content/ParameterDefinitions/MeshRenderer.uasset" 3475
"/Niagara/ParameterDefinitions/LightRenderer" 3476
"../../Plugins/FX/Niagara/Content/ParameterDefinitions/LightRenderer.uasset" 3477
"/Niagara/ParameterDefinitions/DecalRenderer" 3478
"../../Plugins/FX/Niagara/Content/ParameterDefinitions/DecalRenderer.uasset" 3479
"/Niagara/ParameterDefinitions/CoreParameters" 3480
"../../Plugins/FX/Niagara/Content/ParameterDefinitions/CoreParameters.uasset" 3481
"/DeformerGraph/Deformers/DG_LinearBlendSkin_Morph_Cloth" 3482
"../../Plugins/Animation/DeformerGraph/Content/Deformers/DG_LinearBlendSkin_Morph_Cloth.uasset" 3483
"../../Plugins/Animation/DeformerGraph/Content/DeformerFunctions/DG_Function_LinearBlendSkin_Morph_Cloth.uasset" 3484
"/DeformerGraph/Deformers/DG_LinearBlendSkin_Morph_Cloth_RecomputeNormals" 3485
"../../Plugins/Animation/DeformerGraph/Content/Deformers/DG_LinearBlendSkin_Morph_Cloth_RecomputeNormals.uasset" 3486
"../../Plugins/Animation/DeformerGraph/Content/DeformerFunctions/DG_Function_ComputeNormalsTangents.uasset" 3487
"../../Plugins/Animation/DeformerGraph/Content/DeformerFunctions/DG_Function_LinearBlendSkin_Morph_Cloth_PositionOnly.uasset" 3488
"/Engine/EditorResources/SequenceRecorder/Countdown" 3489
"../../../Engine/Content/EditorResources/SequenceRecorder/Countdown.uasset" 3490
"/Engine/EditorResources/SequenceRecorder/RecordingIndicator" 3491
"../../../Engine/Content/EditorResources/SequenceRecorder/RecordingIndicator.uasset" 3492
"/Engine/EditorMaterials/PhAT_UnselectedMaterial" 3493
"../../../Engine/Content/EditorMaterials/PhAT_UnselectedMaterial.uasset" 3494
"/Engine/EditorMaterials/PhAT_NoCollisionMaterial" 3495
"../../../Engine/Content/EditorMaterials/PhAT_NoCollisionMaterial.uasset" 3496
"/Engine/BasicShapes/Sphere" 3497
"../../../Engine/Content/BasicShapes/Sphere.uasset" 3498
"../../../Engine/Content/EngineMaterials/DefaultMaterial.uasset" 3499
"/Engine/BasicShapes/Cylinder" 3500
"../../../Engine/Content/BasicShapes/Cylinder.uasset" 3501
"/Engine/BasicShapes/Cone" 3502
"../../../Engine/Content/BasicShapes/Cone.uasset" 3503
"/Engine/BasicShapes/Plane" 3504
"../../../Engine/Content/BasicShapes/Plane.uasset" 3505
"/Engine/EngineFonts/DroidSansMono" 3506
"../../../Engine/Content/EngineFonts/DroidSansMono.uasset" 3507
"../../../Engine/Content/EngineFonts/Faces/DroidSansMono.uasset" 3508
"../../../Engine/Documentation/Source/Shared/Types/ABrush/ABrush.INT.udn" 3509
"../../../Engine/Content/Internationalization/icudt64l/brkitr/en.res" 3510
"../../../Engine/Content/Internationalization/icudt64l/brkitr/root.res" 3511
"../../../Engine/Content/Internationalization/icudt64l/brkitr/char.brk" 3512
"../../../Engine/Content/Internationalization/icudt64l/brkitr/word.brk" 3513
"/Engine/EditorResources/S_Terrain" 3514
"../../../Engine/Content/EditorResources/S_Terrain.uasset" 3515
"../../../Engine/Plugins/FX/Niagara/Shaders/Private/NiagaraDataInterfaceTexture2DArrayTemplate.ush" 3516
"../../../Engine/Plugins/FX/Niagara/Shaders/Private/NiagaraDataInterfaceActorComponentTemplate.ush" 3517
"../../../Engine/Plugins/FX/Niagara/Shaders/Private/NiagaraDataInterfaceArrayTemplate.ush" 3518
"../../../Engine/Plugins/FX/Niagara/Shaders/Private/NiagaraDataInterfaceArrayRWTemplate.ush" 3519
"../../../Engine/Plugins/FX/Niagara/Shaders/Private/NiagaraDataInterfaceAsyncGpuTrace.ush" 3520
"../../../Engine/Plugins/FX/Niagara/Shaders/Private/NiagaraDataInterfaceAsyncGpuTraceTemplate.ush" 3521
"../../../Engine/Plugins/FX/Niagara/Shaders/Private/NiagaraDataInterfaceCamera.ush" 3522
"../../../Engine/Plugins/Experimental/ChaosNiagara/Shaders/NiagaraDataInterfaceChaosDestruction.ush" 3523
"../../../Engine/Plugins/FX/Niagara/Shaders/Private/NiagaraDataInterfaceCollisionQuery.ush" 3524
"C:/Users/darcy/Documents/Unreal Projects/UnitB-Project/Intermediate/ShaderAutogen/PCD3D_SM5/AutogenShaderHeaders.ush" 3525
"../../../Engine/Plugins/FX/Niagara/Shaders/Private/NiagaraDataInterfaceCollisionQueryTemplate.ush" 3526
"../../../Engine/Plugins/FX/Niagara/Shaders/Private/NiagaraDataInterfaceCurveTemplate.ush" 3527
"../../../Engine/Plugins/FX/Niagara/Shaders/Private/NiagaraDataInterfaceCubeTextureTemplate.ush" 3528
"../../../Engine/Plugins/FX/Niagara/Shaders/Private/DataChannel/NiagaraDataInterfaceDataChannelCommon.ush" 3529
"../../../Engine/Plugins/FX/Niagara/Shaders/Private/DataChannel/NiagaraDataInterfaceDataChannelTemplateCommon.ush" 3530
"../../../Engine/Plugins/FX/Niagara/Shaders/Private/DataChannel/NiagaraDataInterfaceDataChannelTemplateReadCommon.ush" 3531
"../../../Engine/Plugins/FX/Niagara/Shaders/Private/DataChannel/NiagaraDataInterfaceDataChannelTemplate_Read.ush" 3532
"../../../Engine/Plugins/FX/Niagara/Shaders/Private/DataChannel/NiagaraDataInterfaceDataChannelTemplate_Consume.ush" 3533
"../../../Engine/Plugins/FX/Niagara/Shaders/Private/DataChannel/NiagaraDataInterfaceDataChannelTemplateWriteCommon.ush" 3534
"../../../Engine/Plugins/FX/Niagara/Shaders/Private/DataChannel/NiagaraDataInterfaceDataChannelTemplate_Append.ush" 3535
"../../../Engine/Plugins/FX/Niagara/Shaders/Private/NiagaraDataInterfaceDataTableTemplate.ush" 3536
"../../../Engine/Plugins/FX/Niagara/Shaders/Private/NiagaraDataInterfaceDebugDraw.ush" 3537
"../../../Engine/Plugins/FX/Niagara/Shaders/Private/NiagaraDataInterfaceDebugDrawTemplate.ush" 3538
"../../../Engine/Plugins/FX/Niagara/Shaders/Private/NiagaraDataInterfaceDynamicMeshTemplate.ush" 3539
"../../../Engine/Plugins/FX/Niagara/Shaders/Private/NiagaraDataInterfaceEmitterPropertiesTemplate.ush" 3540
"../../../Engine/Plugins/FX/Niagara/Shaders/Private/NiagaraDataInterfaceExportTemplate.ush" 3541
"../../../Engine/Plugins/FX/Niagara/Shaders/Private/NiagaraDataInterfaceGBufferTemplate.ush" 3542
"../../../Engine/Plugins/Experimental/ChaosNiagara/Shaders/NiagaraDataInterfaceGeometryCollection.ush" 3543
"../../../Engine/Plugins/FX/Niagara/Shaders/Private/NiagaraTransformUtils.ush" 3544
"../../../Engine/Plugins/Runtime/HairStrands/Shaders/Private/NiagaraStrandsExternalForce.ush" 3545
"../../../Engine/Plugins/Runtime/HairStrands/Shaders/Private/NiagaraHookeSpringMaterial.ush" 3546
"../../../Engine/Plugins/Runtime/HairStrands/Shaders/Private/NiagaraAngularSpringMaterial.ush" 3547
"../../../Engine/Plugins/Runtime/HairStrands/Shaders/Private/NiagaraConstantVolumeMaterial.ush" 3548
"../../../Engine/Plugins/Runtime/HairStrands/Shaders/Private/NiagaraCosseratRodMaterial.ush" 3549
"../../../Engine/Plugins/Runtime/HairStrands/Shaders/Private/NiagaraStaticCollisionConstraint.ush" 3550
"../../../Engine/Plugins/Runtime/HairStrands/Shaders/Private/NiagaraDataInterfaceHairStrands.ush" 3551
"../../../Engine/Plugins/Runtime/HairStrands/Shaders/Private/NiagaraDataInterfaceHairStrandsTemplate.ush" 3552
"../../../Engine/Plugins/FX/Niagara/Shaders/Private/NiagaraDataInterfaceIntRenderTarget2D.ush" 3553
"../../../Engine/Plugins/FX/Niagara/Shaders/Private/NiagaraDataInterfaceLandscape.ush" 3554
"../../../Engine/Plugins/FX/Niagara/Shaders/Private/NiagaraDataInterfaceMemoryBufferTemplate.ush" 3555
"../../../Engine/Plugins/FX/Niagara/Shaders/Private/NiagaraDataInterfaceMeshRendererInfoTemplate.ush" 3556
"../../../Engine/Plugins/FX/Niagara/Shaders/Private/NiagaraDataInterfaceOcclusion.ush" 3557
"../../../Engine/Plugins/FX/Niagara/Shaders/Private/NiagaraDataInterfacePhysicsAsset.ush" 3558
"../../../Engine/Plugins/Experimental/ChaosNiagara/Shaders/NiagaraDataInterfacePhysicsField.ush" 3559
"../../../Engine/Plugins/FX/Niagara/Shaders/Private/NiagaraDataInterfacePlatformSetTemplate.ush" 3560
"../../../Engine/Plugins/Runtime/HairStrands/Shaders/Private/NiagaraDataInterfaceVelocityGrid.ush" 3561
"../../../Engine/Plugins/Runtime/HairStrands/Shaders/Private/NiagaraDataInterfaceVelocityGridTemplate.ush" 3562
"../../../Engine/Plugins/Runtime/HairStrands/Shaders/Private/NiagaraDataInterfacePressureGrid.ush" 3563
"../../../Engine/Plugins/Runtime/HairStrands/Shaders/Private/NiagaraDataInterfacePressureGridTemplate.ush" 3564
"../../../Engine/Plugins/FX/Niagara/Shaders/Private/NiagaraDataInterfaceRenderTarget2DTemplate.ush" 3565
"../../../Engine/Plugins/FX/Niagara/Shaders/Private/NiagaraDataInterfaceRenderTarget2DArrayTemplate.ush" 3566
"../../../Engine/Plugins/FX/Niagara/Shaders/Private/NiagaraDataInterfaceRenderTargetCubeTemplate.ush" 3567
"../../../Engine/Plugins/FX/Niagara/Shaders/Private/NiagaraDataInterfaceRenderTargetVolumeTemplate.ush" 3568
"../../../Engine/Plugins/FX/Niagara/Shaders/Private/NiagaraDataInterfaceRigidMeshCollisionQuery.ush" 3569
"../../../Engine/Plugins/FX/Niagara/Shaders/Private/NiagaraDistanceFieldQueries.ush" 3570
"../../../Engine/Plugins/FX/Niagara/Shaders/Private/NiagaraDataInterfaceSceneCapture2DTemplate.ush" 3571
"../../../Engine/Plugins/FX/Niagara/Shaders/Private/NiagaraDataInterfaceSimCacheReaderTemplate.ush" 3572
"../../../Engine/Plugins/FX/Niagara/Shaders/Private/NiagaraDataInterfaceSimpleCounterTemplate.ush" 3573
"../../../Engine/Plugins/FX/Niagara/Shaders/Private/NiagaraDataInterfaceSkeletalMesh.ush" 3574
"../../../Engine/Plugins/FX/Niagara/Shaders/Private/NiagaraBaryCentricUtils.ush" 3575
"../../../Engine/Plugins/FX/Niagara/Shaders/Private/NiagaraDataInterfaceSkeletalMeshTemplate.ush" 3576
"../../../Engine/Plugins/FX/Niagara/Shaders/Private/NiagaraDataInterfaceSocketReaderTemplate.ush" 3577
"../../../Engine/Plugins/FX/Niagara/Shaders/Private/NiagaraDataInterfaceSparseVolumeTextureTemplate.ush" 3578
"../../../Engine/Plugins/FX/Niagara/Shaders/Private/NiagaraDataInterfaceSplineTemplate.ush" 3579
"../../../Engine/Plugins/FX/Niagara/Shaders/Private/NiagaraDataInterfaceSpriteRendererInfoTemplate.ush" 3580
"../../../Engine/Plugins/FX/Niagara/Shaders/Private/NiagaraDataInterfaceStaticMeshTemplate.ush" 3581
"../../../Engine/Plugins/FX/Niagara/Shaders/Private/NiagaraDataInterfaceTextureTemplate.ush" 3582
"../../../Engine/Plugins/FX/Niagara/Shaders/Private/NiagaraDataInterfaceVirtualTexture.ush" 3583
"../../../Engine/Plugins/FX/Niagara/Shaders/Private/NiagaraDataInterfaceVirtualTextureTemplate.ush" 3584
"../../../Engine/Plugins/FX/Niagara/Shaders/Private/NiagaraDataInterfaceVolumeCache.ush" 3585
"../../../Engine/Plugins/FX/Niagara/Shaders/Private/NiagaraDataInterfaceVolumeTextureTemplate.ush" 3586
"../../../../../../Users/darcy/Documents/Unreal Projects/UnitB-Project/Intermediate/ShaderAutogen/PCD3D_SM5/AutogenShaderHeaders.ush" 3587
"C:/Users/darcy/Documents/Unreal Projects/UnitB-Project/Content/Dev/Darcy/Blueprints/SaveGame/BP_SaveGame.uasset" 3588
"C:/Users/darcy/Documents/Unreal Projects/UnitB-Project/Content/Dev/Darcy/Blueprints/SaveGame/S_ExcavationSitesSave.uasset" 3589
"C:/Users/darcy/Documents/Unreal Projects/UnitB-Project/Content/Concept/Lio/Background_Separate.uasset" 3590
"C:/Users/darcy/Documents/Unreal Projects/UnitB-Project/Content/Concept/Lio/Back_glow_separate.uasset" 3591
"C:/Users/darcy/Documents/Unreal Projects/UnitB-Project/Content/Dev/Darcy/Widgets/Menus/WBP_MainMenu.uasset" 3592
"C:/Users/darcy/Documents/Unreal Projects/UnitB-Project/Content/Dev/Elliot/Widgets/Fonts/DIOGENES_Font.uasset" 3593
"C:/Users/darcy/Documents/Unreal Projects/UnitB-Project/Content/Dev/Darcy/Widgets/Menus/WBP_Options.uasset" 3594
"../../../Engine/Content/EditorBlueprintResources/StandardMacros.uasset" 3595
"C:/Users/darcy/Documents/Unreal Projects/UnitB-Project/Content/Dev/Darcy/Blueprints/SaveGame/S_DayManagerSave.uasset" 3596
"C:/Users/darcy/Documents/Unreal Projects/UnitB-Project/Content/Assets/MummyIdle/MummyIdle.uasset" 3597
"C:/Users/darcy/Documents/Unreal Projects/UnitB-Project/Content/Dev/Elliot/sound_effects/walksounds/step_1.uasset" 3598
"C:/Users/darcy/Documents/Unreal Projects/UnitB-Project/Content/Assets/MummyIdle/MummyIdle_Skeleton.uasset" 3599
"C:/Users/darcy/Documents/Unreal Projects/UnitB-Project/Content/Concept/Lio/Centre_part_separate.uasset" 3600
"../../../Engine/Plugins/Interchange/Assets/Content/Functions/MF_PhongToMetalRoughness.uasset" 3601
"C:/Users/darcy/Documents/Unreal Projects/UnitB-Project/Content/Assets/MummyIdle/MummyIdle_Anim.uasset" 3602
"C:/Users/darcy/Documents/Unreal Projects/UnitB-Project/Content/Dev/Darcy/Widgets/Menus/WBP_TitleScreen.uasset" 3603
"C:/Users/darcy/Documents/Unreal Projects/UnitB-Project/Content/Dev/Elliot/sound_effects/walksounds/step_3.uasset" 3604
"C:/Users/darcy/Documents/Unreal Projects/UnitB-Project/Content/Dev/Darcy/Menus.umap" 3605
"C:/Users/darcy/Documents/Unreal Projects/UnitB-Project/Content/Dev/Elliot/Widgets/Fonts/DIOGENES.uasset" 3606
"C:/Users/darcy/Documents/Unreal Projects/UnitB-Project/Content/Assets/MummyIdle/Material_001.uasset" 3607
"C:/Users/darcy/Documents/Unreal Projects/UnitB-Project/Content/Dev/Darcy/Blueprints/Interfaces/BPI_DugItem.uasset" 3608
"C:/Users/darcy/Documents/Unreal Projects/UnitB-Project/Content/Dev/Darcy/Blueprints/BP_MenuGameMode.uasset" 3609
"C:/Users/darcy/Documents/Unreal Projects/UnitB-Project/Content/Dev/Darcy/Blueprints/Interfaces/BPI_Dirt.uasset" 3610
"C:/Users/darcy/Documents/Unreal Projects/UnitB-Project/Content/Concept/Lio/Title.uasset" 3611
"C:/Users/darcy/Documents/Unreal Projects/UnitB-Project/Content/Assets/MummyIdle/MummyIdle_PhysicsAsset.uasset" 3612
"C:/Users/darcy/Documents/Unreal Projects/UnitB-Project/Content/Concept/Lio/Background.uasset" 3613
"/Game/Concept/Lio/Background_Separate" 3614
"C:/Users/darcy/Documents/Unreal Projects/UnitB-Project/Content/Dev/Elliot/sound_effects/walksounds/step_2.uasset" 3615
"C:/Users/darcy/Documents/Unreal Projects/UnitB-Project/Content/Dev/Elliot/sound_effects/walksounds/steps.uasset" 3616
"C:/Users/darcy/Documents/Unreal Projects/UnitB-Project/Content/Dev/Darcy/Blueprints/Interfaces/BPI_SaveGame.uasset" 3617
"C:/Users/darcy/Documents/Unreal Projects/UnitB-Project/Content/Dev/Darcy/Blueprints/Interfaces/BPI_Camera.uasset" 3618
"C:/Users/darcy/Documents/Unreal Projects/UnitB-Project/Content/Dev/Darcy/Blueprints/AC_Interactable.uasset" 3619
"C:/Users/darcy/Documents/Unreal Projects/UnitB-Project/Content/Dev/Darcy/Blueprints/Interfaces/BPI_DayManager.uasset" 3620
"C:/Users/darcy/Documents/Unreal Projects/UnitB-Project/Content/Dev/Darcy/Blueprints/Interfaces/BPI_Rock.uasset" 3621
"/Game/Dev/Darcy/Blueprints/Interfaces/BPI_SaveGame" 3622
"/Game/Dev/Darcy/Widgets/Menus/WBP_Options" 3623
"../../../../../../Users/darcy/Documents/Unreal Projects/UnitB-Project/Content/Concept/Lio/Background_Separate.uasset" 3624
"/Game/Dev/Darcy/Widgets/Menus/WBP_MainMenu" 3625
"/Game/Dev/Elliot/sound_effects/walksounds/step_1" 3626
"/Game/Dev/Darcy/Blueprints/BP_MenuGameMode" 3627
"/Game/Dev/Darcy/Menus" 3628
"../../../../../../Users/darcy/Documents/Unreal Projects/UnitB-Project/Content/Dev/Darcy/Menus.umap" 3629
"/Game/Assets/MummyIdle/MummyIdle_Anim" 3630
"/InterchangeAssets/Functions/MF_PhongToMetalRoughness" 3631
"/Game/Assets/MummyIdle/Material_001" 3632
"/Game/Assets/MummyIdle/MummyIdle_PhysicsAsset" 3633
"/Game/Assets/MummyIdle/MummyIdle" 3634
"/Game/Dev/Darcy/Blueprints/AC_Interactable" 3635
"../../../../../../Users/darcy/Documents/Unreal Projects/UnitB-Project/Content/Dev/Darcy/Blueprints/Interfaces/BPI_Interaction.uasset" 3636
"../../../../../../Users/darcy/Documents/Unreal Projects/UnitB-Project/Content/Dev/Darcy/Blueprints/Interfaces/BPI_Minigame.uasset" 3637
"../../../../../../Users/darcy/Documents/Unreal Projects/UnitB-Project/Content/Dev/Darcy/Blueprints/ExcavationGame/E_MinigameStage.uasset" 3638
"/Game/Dev/Elliot/sound_effects/walksounds/step_3" 3639
"/Game/Dev/Elliot/sound_effects/walksounds/step_2" 3640
"/Game/Dev/Elliot/sound_effects/walksounds/steps" 3641
"/Game/Concept/Lio/Centre_part_separate" 3642
"/Game/Dev/Darcy/Blueprints/Interfaces/BPI_Camera" 3643
"/Game/Dev/Darcy/Blueprints/Interfaces/BPI_DayManager" 3644
"/Game/Dev/Darcy/Blueprints/Interfaces/BPI_Dirt" 3645
"../../../../../../Users/darcy/Documents/Unreal Projects/UnitB-Project/Content/Dev/Darcy/E_ExcavationDirections.uasset" 3646
"/Game/Dev/Darcy/Blueprints/Interfaces/BPI_DugItem" 3647
"../../../../../../Users/darcy/Documents/Unreal Projects/UnitB-Project/Content/Dev/Darcy/Blueprints/ItemInfo/DataAssets/DA_ItemBase.uasset" 3648
"../../../../../../Users/darcy/Documents/Unreal Projects/UnitB-Project/Content/Dev/Darcy/Blueprints/ItemInfo/E_ItemRarity.uasset" 3649
"../../../../../../Users/darcy/Documents/Unreal Projects/UnitB-Project/Content/Dev/Darcy/Blueprints/ItemInfo/E_ItemType.uasset" 3650
"C:/Users/darcy/Documents/Unreal Projects/UnitB-Project/Content/Dev/Darcy/Blueprints/Interfaces/BPI_Site.uasset" 3651
"C:/Users/darcy/Documents/Unreal Projects/UnitB-Project/Content/Dev/Darcy/Widgets/Art/magnify.uasset" 3652
"C:/Users/darcy/Documents/Unreal Projects/UnitB-Project/Content/Dev/Darcy/Widgets/ExcavationMinigame/WBP_MagnifyMouse.uasset" 3653
"C:/Users/darcy/Documents/Unreal Projects/UnitB-Project/Content/Dev/Darcy/Blueprints/ExcavationGame/Difficulties/DA_DifficultyBase.uasset" 3654
"C:/Users/darcy/Documents/Unreal Projects/UnitB-Project/Content/Dev/Darcy/Widgets/ExcavationMinigame/WBP_DustProgressBar.uasset" 3655
"C:/Users/darcy/Documents/Unreal Projects/UnitB-Project/Content/Concept/Madi/brush.uasset" 3656
"C:/Users/darcy/Documents/Unreal Projects/UnitB-Project/Content/Concept/Madi/heartClear.uasset" 3657
"C:/Users/darcy/Documents/Unreal Projects/UnitB-Project/Content/Dev/Darcy/Blueprints/ExcavationGame/BP_SiteManager.uasset" 3658
"C:/Users/darcy/Documents/Unreal Projects/UnitB-Project/Content/Dev/Darcy/Widgets/ExcavationMinigame/WBP_MinigameFailed.uasset" 3659
"/Game/Dev/Darcy/Blueprints/Interfaces/BPI_Rock" 3660
"C:/Users/darcy/Documents/Unreal Projects/UnitB-Project/Content/Dev/Elliot/Widgets/UI_backgrounds/mouse.uasset" 3661
"C:/Users/darcy/Documents/Unreal Projects/UnitB-Project/Content/Dev/Elliot/Widgets/WBP_DIGMOUSE.uasset" 3662
"C:/Users/darcy/Documents/Unreal Projects/UnitB-Project/Content/Dev/Darcy/Blueprints/Interfaces/BPI_BIndings.uasset" 3663
"C:/Users/darcy/Documents/Unreal Projects/UnitB-Project/Content/Dev/Elliot/Widgets/UI_backgrounds/UI_design_HOVER.uasset" 3664
"C:/Users/darcy/Documents/Unreal Projects/UnitB-Project/Content/Dev/Darcy/Widgets/WBP_Back.uasset" 3665
"C:/Users/darcy/Documents/Unreal Projects/UnitB-Project/Content/Dev/Darcy/Widgets/ExcavationMinigame/WBP_MinigameAttempts.uasset" 3666
"C:/Users/darcy/Documents/Unreal Projects/UnitB-Project/Content/Dev/Elliot/Widgets/UI_backgrounds/UI_design_2.uasset" 3667
"C:/Users/darcy/Documents/Unreal Projects/UnitB-Project/Content/Dev/Darcy/Widgets/ExcavationMinigame/WBP_MagnifyBar.uasset" 3668
"C:/Users/darcy/Documents/Unreal Projects/UnitB-Project/Content/Dev/Darcy/Widgets/WBP_MinigameMouse.uasset" 3669
"C:/Users/darcy/Documents/Unreal Projects/UnitB-Project/Content/Dev/Darcy/Widgets/ExcavationMinigame/WBP_DustMouse.uasset" 3670
"C:/Users/darcy/Documents/Unreal Projects/UnitB-Project/Content/Concept/Madi/needleBackground.uasset" 3671
"C:/Users/darcy/Documents/Unreal Projects/UnitB-Project/Content/Concept/Madi/heartRed.uasset" 3672
"C:/Users/darcy/Documents/Unreal Projects/UnitB-Project/Content/Dev/Elliot/Widgets/WBP_Transition.uasset" 3673
"C:/Users/darcy/Documents/Unreal Projects/UnitB-Project/Content/Dev/Darcy/Widgets/ExcavationMinigame/WBP_ItemDetails.uasset" 3674
"C:/Users/darcy/Documents/Unreal Projects/UnitB-Project/Content/Dev/Darcy/Widgets/ExcavationMinigame/WBP_GameTimer.uasset" 3675
"C:/Users/darcy/Documents/Unreal Projects/UnitB-Project/Content/Dev/Darcy/Widgets/Art/hourglass.uasset" 3676
"C:/Users/darcy/Documents/Unreal Projects/UnitB-Project/Content/Dev/Darcy/Widgets/ExcavationMinigame/WBP_DustZone.uasset" 3677
"C:/Users/darcy/Documents/Unreal Projects/UnitB-Project/Content/Dev/Darcy/Widgets/ExcavationMinigame/WBP_DustNeedle.uasset" 3678
"C:/Users/darcy/Documents/Unreal Projects/UnitB-Project/Content/Dev/Darcy/Widgets/ExcavationMinigame/WBP_Dig.uasset" 3679
"C:/Users/darcy/Documents/Unreal Projects/UnitB-Project/Content/Dev/Darcy/Input/IMC_MiniGame.uasset" 3680
"C:/Users/darcy/Documents/Unreal Projects/UnitB-Project/Content/Dev/Darcy/Blueprints/ExcavationGame/Difficulties/E_Difficulties.uasset" 3681
"C:/Users/darcy/Documents/Unreal Projects/UnitB-Project/Content/Dev/Darcy/Blueprints/AC_Poolable.uasset" 3682
"/Game/Dev/Darcy/Blueprints/AC_Poolable" 3683
"C:/Users/darcy/Documents/Unreal Projects/UnitB-Project/Content/Dev/Darcy/Blueprints/Interfaces/BPI_PauseGame.uasset" 3684
"/Game/Dev/Darcy/Blueprints/ExcavationGame/Difficulties/DA_DifficultyBase" 3685
"/Game/Dev/Darcy/Widgets/WBP_MinigameMouse" 3686
"/Game/Dev/Elliot/Widgets/WBP_Transition" 3687
"/Game/Dev/Darcy/Widgets/ExcavationMinigame/WBP_MinigameFailed" 3688
"/Game/Dev/Darcy/Widgets/ExcavationMinigame/WBP_MinigameAttempts" 3689
"/Game/Dev/Darcy/Widgets/ExcavationMinigame/WBP_MagnifyBar" 3690
"/Game/Dev/Darcy/Widgets/ExcavationMinigame/WBP_ItemDetails" 3691
"/Game/Dev/Darcy/Widgets/ExcavationMinigame/WBP_GameTimer" 3692
"/Game/Dev/Darcy/Widgets/ExcavationMinigame/WBP_DustZone" 3693
"/Game/Dev/Darcy/Widgets/ExcavationMinigame/WBP_DustProgressBar" 3694
"../../../../../../Users/darcy/Documents/Unreal Projects/UnitB-Project/Content/Dev/Jamie/Events/Blueprints/AC_Events.uasset" 3695
"../../../../../../Users/darcy/Documents/Unreal Projects/UnitB-Project/Content/Dev/Jamie/Inventory/Blueprints/BP_InventoryManager.uasset" 3696
"../../../../../../Users/darcy/Documents/Unreal Projects/UnitB-Project/Content/FirstPerson/Blueprints/BP_FirstPersonCharacter.uasset" 3697
"../../../../../../Users/darcy/Documents/Unreal Projects/UnitB-Project/Content/Dev/Darcy/Input/IMC_General.uasset" 3698
"../../../../../../Users/darcy/Documents/Unreal Projects/UnitB-Project/Content/Dev/Jamie/Upgrades/AC_UpgradeManager.uasset" 3699
"../../../../../../Users/darcy/Documents/Unreal Projects/UnitB-Project/Content/Dev/Jamie/Events/Widgets/WB_Events.uasset" 3700
"../../../../../../Users/darcy/Documents/Unreal Projects/UnitB-Project/Content/Input/Blueprints/BI_Interface.uasset" 3701
"../../../../../../Users/darcy/Documents/Unreal Projects/UnitB-Project/Content/Dev/Jamie/Inventory/Datatable/DT_ItemData.uasset" 3702
"../../../../../../Users/darcy/Documents/Unreal Projects/UnitB-Project/Content/Dev/Jamie/Inventory/Struct/F_Item.uasset" 3703
"../../../../../../Users/darcy/Documents/Unreal Projects/UnitB-Project/Content/Dev/Jamie/Inventory/Struct/F_Slot.uasset" 3704
"../../../../../../Users/darcy/Documents/Unreal Projects/UnitB-Project/Content/Characters/Mannequins/Anims/Unarmed/ABP_Unarmed.uasset" 3705
"../../../../../../Users/darcy/Documents/Unreal Projects/UnitB-Project/Content/FirstPerson/Anims/ABP_FP_Copy.uasset" 3706
"../../../../../../Users/darcy/Documents/Unreal Projects/UnitB-Project/Content/Dev/Darcy/Blueprints/Interfaces/BPI_PauseGame.uasset" 3707
"../../../../../../Users/darcy/Documents/Unreal Projects/UnitB-Project/Content/Dev/Jamie/Inventory/Blueprints/ItemDataComponent.uasset" 3708
"../../../../../../Users/darcy/Documents/Unreal Projects/UnitB-Project/Content/Dev/Jamie/Raycast/Blueprint/AC_Raycast.uasset" 3709
"../../../../../../Users/darcy/Documents/Unreal Projects/UnitB-Project/Content/Input/Blueprints/AC_UserInterface.uasset" 3710
"../../../../../../Users/darcy/Documents/Unreal Projects/UnitB-Project/Content/Input/Touch/BPI_TouchInterface.uasset" 3711
"../../../../../../Users/darcy/Documents/Unreal Projects/UnitB-Project/Content/Dev/Darcy/Input/IA_Drag.uasset" 3712
"../../../../../../Users/darcy/Documents/Unreal Projects/UnitB-Project/Content/Dev/Darcy/Input/IA_Interact.uasset" 3713
"../../../../../../Users/darcy/Documents/Unreal Projects/UnitB-Project/Content/Dev/Darcy/Input/IA_Magnify.uasset" 3714
"../../../../../../Users/darcy/Documents/Unreal Projects/UnitB-Project/Content/Dev/Darcy/Input/IA_Pause.uasset" 3715
"../../../../../../Users/darcy/Documents/Unreal Projects/UnitB-Project/Content/Dev/Darcy/Input/IA_ReleaseDrag.uasset" 3716
"../../../../../../Users/darcy/Documents/Unreal Projects/UnitB-Project/Content/Dev/Darcy/Input/IA_Shake.uasset" 3717
"../../../../../../Users/darcy/Documents/Unreal Projects/UnitB-Project/Content/Input/Actions/IA_Jump.uasset" 3718
"../../../../../../Users/darcy/Documents/Unreal Projects/UnitB-Project/Content/Input/Actions/IA_Look.uasset" 3719
"../../../../../../Users/darcy/Documents/Unreal Projects/UnitB-Project/Content/Input/Actions/IA_MouseLook.uasset" 3720
"../../../../../../Users/darcy/Documents/Unreal Projects/UnitB-Project/Content/Input/Actions/IA_Move.uasset" 3721
"../../../../../../Users/darcy/Documents/Unreal Projects/UnitB-Project/Content/Dev/Darcy/Widgets/Menus/WBP_Pause.uasset" 3722
"../../../../../../Users/darcy/Documents/Unreal Projects/UnitB-Project/Content/Input/Touch/UI_TouchSimple.uasset" 3723
"../../../../../../Users/darcy/Documents/Unreal Projects/UnitB-Project/Content/Input/Actions/IA_Inventory.uasset" 3724
"../../../../../../Users/darcy/Documents/Unreal Projects/UnitB-Project/Content/Dev/Darcy/Blueprints/ItemInfo/JamieItems/BP_BeetleJewel.uasset" 3725
"../../../../../../Users/darcy/Documents/Unreal Projects/UnitB-Project/Content/Dev/Darcy/Blueprints/ItemInfo/JamieItems/BP_MaatStatue.uasset" 3726
"../../../../../../Users/darcy/Documents/Unreal Projects/UnitB-Project/Content/Dev/Darcy/Blueprints/ItemInfo/JamieItems/BP_Necklace.uasset" 3727
"../../../../../../Users/darcy/Documents/Unreal Projects/UnitB-Project/Content/Dev/Jamie/LevelPrototyping/Textures/T_GridChecker_A.uasset" 3728
"../../../../../../Users/darcy/Documents/Unreal Projects/UnitB-Project/Content/Characters/Mannequins/Anims/Unarmed/Jump/MM_Fall_Loop.uasset" 3729
"../../../../../../Users/darcy/Documents/Unreal Projects/UnitB-Project/Content/Characters/Mannequins/Anims/Unarmed/Jump/MM_Jump.uasset" 3730
"../../../../../../Users/darcy/Documents/Unreal Projects/UnitB-Project/Content/Characters/Mannequins/Anims/Unarmed/Jump/MM_Land.uasset" 3731
"../../../../../../Users/darcy/Documents/Unreal Projects/UnitB-Project/Content/Characters/Mannequins/Anims/Unarmed/MM_Idle.uasset" 3732
"../../../../../../Users/darcy/Documents/Unreal Projects/UnitB-Project/Content/Characters/Mannequins/Anims/Unarmed/BS_Idle_Walk_Run.uasset" 3733
"../../../../../../Users/darcy/Documents/Unreal Projects/UnitB-Project/Content/Characters/Mannequins/Rigs/CR_Mannequin_FootIK.uasset" 3734
"../../../../../../Users/darcy/Documents/Unreal Projects/UnitB-Project/Content/Characters/Mannequins/Meshes/SK_Mannequin.uasset" 3735
"../../../../../../Users/darcy/Documents/Unreal Projects/UnitB-Project/Content/FirstPerson/Anims/CtrlRig_FPWarp.uasset" 3736
"../../../../../../Users/darcy/Documents/Unreal Projects/UnitB-Project/Content/Dev/Jamie/Inventory/Widgets/WB_PlayerInventory.uasset" 3737
"../../../Engine/Content/MobileResources/HUD/VirtualJoystick_Thumb.uasset" 3738
"../../../../../../Users/darcy/Documents/Unreal Projects/UnitB-Project/Content/Input/Touch/UI_Thumbstick.uasset" 3739
"../../../../../../Users/darcy/Documents/Unreal Projects/UnitB-Project/Content/Dev/Jamie/Actors/Items/Blueprints/BP_ItemBase.uasset" 3740
"../../../../../../Users/darcy/Documents/Unreal Projects/UnitB-Project/Content/Dev/Darcy/Blueprints/ItemInfo/DataAssets/DA_ScarabBeetleJewel.uasset" 3741
"../../../../../../Users/darcy/Documents/Unreal Projects/UnitB-Project/Content/Dev/Darcy/Blueprints/ItemInfo/DataAssets/DA_MaatStatue.uasset" 3742
"../../../../../../Users/darcy/Documents/Unreal Projects/UnitB-Project/Content/Dev/Darcy/Blueprints/ItemInfo/DataAssets/DA_Necklace.uasset" 3743
"../../../Engine/Content/Animation/DefaultAnimBoneCompressionSettings.uasset" 3744
"../../../Engine/Content/Animation/DefaultAnimCurveCompressionSettings.uasset" 3745
"../../../../../../Users/darcy/Documents/Unreal Projects/UnitB-Project/Content/Characters/Mannequins/Anims/Unarmed/Jog/MF_Unarmed_Jog_Bwd.uasset" 3746
"../../../../../../Users/darcy/Documents/Unreal Projects/UnitB-Project/Content/Characters/Mannequins/Anims/Unarmed/Jog/MF_Unarmed_Jog_Bwd_Left.uasset" 3747
"../../../../../../Users/darcy/Documents/Unreal Projects/UnitB-Project/Content/Characters/Mannequins/Anims/Unarmed/Jog/MF_Unarmed_Jog_Bwd_Right.uasset" 3748
"../../../../../../Users/darcy/Documents/Unreal Projects/UnitB-Project/Content/Characters/Mannequins/Anims/Unarmed/Jog/MF_Unarmed_Jog_Fwd.uasset" 3749
"../../../../../../Users/darcy/Documents/Unreal Projects/UnitB-Project/Content/Characters/Mannequins/Anims/Unarmed/Jog/MF_Unarmed_Jog_Fwd_Left.uasset" 3750
"../../../../../../Users/darcy/Documents/Unreal Projects/UnitB-Project/Content/Characters/Mannequins/Anims/Unarmed/Jog/MF_Unarmed_Jog_Fwd_Right.uasset" 3751
"../../../../../../Users/darcy/Documents/Unreal Projects/UnitB-Project/Content/Characters/Mannequins/Anims/Unarmed/Jog/MF_Unarmed_Jog_Left.uasset" 3752
"../../../../../../Users/darcy/Documents/Unreal Projects/UnitB-Project/Content/Characters/Mannequins/Anims/Unarmed/Jog/MF_Unarmed_Jog_Right.uasset" 3753
"../../../../../../Users/darcy/Documents/Unreal Projects/UnitB-Project/Content/Characters/Mannequins/Anims/Unarmed/Walk/MF_Unarmed_Walk_Bwd.uasset" 3754
"../../../../../../Users/darcy/Documents/Unreal Projects/UnitB-Project/Content/Characters/Mannequins/Anims/Unarmed/Walk/MF_Unarmed_Walk_Bwd_Left.uasset" 3755
"../../../../../../Users/darcy/Documents/Unreal Projects/UnitB-Project/Content/Characters/Mannequins/Anims/Unarmed/Walk/MF_Unarmed_Walk_Bwd_Right.uasset" 3756
"../../../../../../Users/darcy/Documents/Unreal Projects/UnitB-Project/Content/Characters/Mannequins/Anims/Unarmed/Walk/MF_Unarmed_Walk_Fwd.uasset" 3757
"../../../../../../Users/darcy/Documents/Unreal Projects/UnitB-Project/Content/Characters/Mannequins/Anims/Unarmed/Walk/MF_Unarmed_Walk_Fwd_Left.uasset" 3758
"../../../../../../Users/darcy/Documents/Unreal Projects/UnitB-Project/Content/Characters/Mannequins/Anims/Unarmed/Walk/MF_Unarmed_Walk_Fwd_Right.uasset" 3759
"../../../../../../Users/darcy/Documents/Unreal Projects/UnitB-Project/Content/Characters/Mannequins/Anims/Unarmed/Walk/MF_Unarmed_Walk_Left.uasset" 3760
"../../../../../../Users/darcy/Documents/Unreal Projects/UnitB-Project/Content/Characters/Mannequins/Anims/Unarmed/Walk/MF_Unarmed_Walk_Right.uasset" 3761
"../../../../../../Users/darcy/Documents/Unreal Projects/UnitB-Project/Content/Dev/Jamie/Inventory/Widgets/WB_InventoryBase.uasset" 3762
"../../../Engine/Content/MobileResources/HUD/VirtualJoystick_Background.uasset" 3763
"../../../../../../Users/darcy/Documents/Unreal Projects/UnitB-Project/Content/Assets/BeetleOrnament/Meshes/Beetle_Ornement_Clean.uasset" 3764
"../../../../../../Users/darcy/Documents/Unreal Projects/UnitB-Project/Content/Assets/feather/clean/featherstatue.uasset" 3765
"../../../../../../Users/darcy/Documents/Unreal Projects/UnitB-Project/Content/Assets/feather/dirty/featherstatue.uasset" 3766
"../../../../../../Users/darcy/Documents/Unreal Projects/UnitB-Project/Content/Assets/necklace/dirtyNecklace/dirtyNecklaceMesh.uasset" 3767
"../../../../../../Users/darcy/Documents/Unreal Projects/UnitB-Project/Content/Assets/necklace/necklace.uasset" 3768
"../../../../../../Users/darcy/Documents/Unreal Projects/UnitB-Project/Content/Dev/Jamie/Inventory/Widgets/WB_InventorySlot.uasset" 3769
"../../../../../../Users/darcy/Documents/Unreal Projects/UnitB-Project/Content/Assets/BeetleOrnament/Materials/lambert1.uasset" 3770
"../../../../../../Users/darcy/Documents/Unreal Projects/UnitB-Project/Content/Assets/feather/clean/cleanfeather.uasset" 3771
"../../../../../../Users/darcy/Documents/Unreal Projects/UnitB-Project/Content/Assets/feather/dirty/standardSurface1.uasset" 3772
"../../../../../../Users/darcy/Documents/Unreal Projects/UnitB-Project/Content/Assets/necklace/dirtyNecklace/dirtynecklace.uasset" 3773
"../../../../../../Users/darcy/Documents/Unreal Projects/UnitB-Project/Content/Assets/necklace/lambert1.uasset" 3774
"../../../../../../Users/darcy/Documents/Unreal Projects/UnitB-Project/Content/Dev/Jamie/Inventory/Blueprints/DD_InventorySlot.uasset" 3775
"../../../../../../Users/darcy/Documents/Unreal Projects/UnitB-Project/Content/Characters/Mannequins/Textures/Shared/T_UE_Logo_M.uasset" 3776
"../../../../../../Users/darcy/Documents/Unreal Projects/UnitB-Project/Content/Dev/Jamie/Inventory/Widgets/WB_ActionMenu.uasset" 3777
"../../../../../../Users/darcy/Documents/Unreal Projects/UnitB-Project/Content/Dev/Jamie/Inventory/Widgets/WB_Drag.uasset" 3778
"../../../../../../Users/darcy/Documents/Unreal Projects/UnitB-Project/Content/Assets/BeetleOrnament/Textures/Beetle_Ornement_Clean_lambert1_BaseColor.uasset" 3779
"../../../../../../Users/darcy/Documents/Unreal Projects/UnitB-Project/Content/Assets/BeetleOrnament/Textures/Beetle_Ornement_Clean_lambert1_Normal.uasset" 3780
"../../../../../../Users/darcy/Documents/Unreal Projects/UnitB-Project/Content/Assets/BeetleOrnament/Textures/Beetle_Ornement_Clean_lambert1_OcclusionRoughnessMetallic.uasset" 3781
"../../../../../../Users/darcy/Documents/Unreal Projects/UnitB-Project/Content/Assets/feather/clean/standardSurface1_Base_color.uasset" 3782
"../../../../../../Users/darcy/Documents/Unreal Projects/UnitB-Project/Content/Assets/feather/clean/standardSurface1_Height.uasset" 3783
"../../../../../../Users/darcy/Documents/Unreal Projects/UnitB-Project/Content/Assets/feather/clean/standardSurface1_Metallic.uasset" 3784
"../../../../../../Users/darcy/Documents/Unreal Projects/UnitB-Project/Content/Assets/feather/clean/standardSurface1_Mixed_AO.uasset" 3785
"../../../../../../Users/darcy/Documents/Unreal Projects/UnitB-Project/Content/Assets/feather/clean/standardSurface1_Normal.uasset" 3786
"../../../../../../Users/darcy/Documents/Unreal Projects/UnitB-Project/Content/Assets/feather/clean/standardSurface1_Roughness.uasset" 3787
"../../../../../../Users/darcy/Documents/Unreal Projects/UnitB-Project/Content/Assets/feather/dirty/standardSurface1_Base_color.uasset" 3788
"../../../../../../Users/darcy/Documents/Unreal Projects/UnitB-Project/Content/Assets/feather/dirty/standardSurface1_Height.uasset" 3789
"../../../../../../Users/darcy/Documents/Unreal Projects/UnitB-Project/Content/Assets/feather/dirty/standardSurface1_Metallic.uasset" 3790
"../../../../../../Users/darcy/Documents/Unreal Projects/UnitB-Project/Content/Assets/feather/dirty/standardSurface1_Mixed_AO.uasset" 3791
"../../../../../../Users/darcy/Documents/Unreal Projects/UnitB-Project/Content/Assets/feather/dirty/standardSurface1_Normal.uasset" 3792
"../../../../../../Users/darcy/Documents/Unreal Projects/UnitB-Project/Content/Assets/feather/dirty/standardSurface1_Roughness.uasset" 3793
"../../../../../../Users/darcy/Documents/Unreal Projects/UnitB-Project/Content/Assets/necklace/dirtyNecklace/lambert1_Base_color.uasset" 3794
"../../../../../../Users/darcy/Documents/Unreal Projects/UnitB-Project/Content/Assets/necklace/dirtyNecklace/lambert1_Height.uasset" 3795
"../../../../../../Users/darcy/Documents/Unreal Projects/UnitB-Project/Content/Assets/necklace/dirtyNecklace/lambert1_Metallic.uasset" 3796
"../../../../../../Users/darcy/Documents/Unreal Projects/UnitB-Project/Content/Assets/necklace/dirtyNecklace/lambert1_Mixed_AO.uasset" 3797
"../../../../../../Users/darcy/Documents/Unreal Projects/UnitB-Project/Content/Assets/necklace/dirtyNecklace/lambert1_Normal.uasset" 3798
"../../../../../../Users/darcy/Documents/Unreal Projects/UnitB-Project/Content/Assets/necklace/dirtyNecklace/lambert1_Roughness.uasset" 3799
"../../../../../../Users/darcy/Documents/Unreal Projects/UnitB-Project/Content/Assets/necklace/lambert1_Base_color.uasset" 3800
"../../../../../../Users/darcy/Documents/Unreal Projects/UnitB-Project/Content/Assets/necklace/lambert1_Height.uasset" 3801
"../../../../../../Users/darcy/Documents/Unreal Projects/UnitB-Project/Content/Assets/necklace/lambert1_Metallic.uasset" 3802
"../../../../../../Users/darcy/Documents/Unreal Projects/UnitB-Project/Content/Assets/necklace/lambert1_Mixed_AO.uasset" 3803
"../../../../../../Users/darcy/Documents/Unreal Projects/UnitB-Project/Content/Assets/necklace/lambert1_Normal.uasset" 3804
"../../../../../../Users/darcy/Documents/Unreal Projects/UnitB-Project/Content/Assets/necklace/lambert1_Roughness.uasset" 3805
"../../../../../../Users/darcy/Documents/Unreal Projects/UnitB-Project/Content/Dev/Elliot/BP_inspect_object.uasset" 3806
"../../../../../../Users/darcy/Documents/Unreal Projects/UnitB-Project/Content/Dev/Elliot/VfX/DUST_TEXTURE.uasset" 3807
"../../../../../../Users/darcy/Documents/Unreal Projects/UnitB-Project/Content/Dev/Elliot/BP_inspect_interact.uasset" 3808
"../../../../../../Users/darcy/Documents/Unreal Projects/UnitB-Project/Content/FirstPerson/Blueprints/BP_FirstPersonPlayerController.uasset" 3809
"../../../../../../Users/darcy/Documents/Unreal Projects/UnitB-Project/Content/Dev/Elliot/inspect/IMC_inspect.uasset" 3810
"../../../../../../Users/darcy/Documents/Unreal Projects/UnitB-Project/Content/Input/IMC_MouseLook.uasset" 3811
"../../../Engine/Content/VREditor/BasicMeshes/SM_Cube_01.uasset" 3812
"../../../Engine/Content/VREditor/BasicMeshes/SM_Cube_02.uasset" 3813
"../../../../../../Users/darcy/Documents/Unreal Projects/UnitB-Project/Content/Dev/Elliot/inspectrendertarget.uasset" 3814
"../../../../../../Users/darcy/Documents/Unreal Projects/UnitB-Project/Content/Dev/Elliot/UI_inspect.uasset" 3815
"../../../../../../Users/darcy/Documents/Unreal Projects/UnitB-Project/Content/Dev/Elliot/Widgets/WBP_inspect.uasset" 3816
"../../../../../../Users/darcy/Documents/Unreal Projects/UnitB-Project/Content/FirstPerson/Blueprints/BP_FirstPersonCameraManager.uasset" 3817
"../../../../../../Users/darcy/Documents/Unreal Projects/UnitB-Project/Content/Dev/Elliot/inspect/IA_ExitInspect.uasset" 3818
"../../../../../../Users/darcy/Documents/Unreal Projects/UnitB-Project/Content/Dev/Elliot/inspect/IA_LeftMouseClick.uasset" 3819
"../../../../../../Users/darcy/Documents/Unreal Projects/UnitB-Project/Content/Dev/Elliot/inspect/IA_MouseMove.uasset" 3820
"../../../../../../Users/darcy/Documents/Unreal Projects/UnitB-Project/Content/Dev/Elliot/inspect/IA_MouseScroll.uasset" 3821
"../../../../../../Users/darcy/Documents/Unreal Projects/UnitB-Project/Content/Dev/Elliot/inspect/IA_RightMouseClick.uasset" 3822
"../../../Engine/Content/VREditor/BasicMeshes/MI_Cube_01.uasset" 3823
"../../../Engine/Content/VREditor/BasicMeshes/MI_Cube_02.uasset" 3824
"../../../../../../Users/darcy/Documents/Unreal Projects/UnitB-Project/Content/Dev/Elliot/inspectrendertarget_Mat.uasset" 3825
"../../../Engine/Content/VREditor/BasicMeshes/M_Floor_01.uasset" 3826
"../../../Engine/Content/VREditor/BasicMeshes/T_CleanFloorGrunge_01_D.uasset" 3827
"C:/Users/darcy/Documents/Unreal Projects/UnitB-Project/Content/FirstPerson/Blueprints/BP_FirstPersonGameMode.uasset" 3828
"C:/Users/darcy/Documents/Unreal Projects/UnitB-Project/Content/__ExternalActors__/FirstPerson/Lvl_FirstPerson/7/NI/7Z9KFUHGDC33I0LYBUUYUQ.uasset" 3829
"../../../Engine/Content/EngineSounds/Submixes/MasterEQEffectPreset.uasset" 3830
"../../../Engine/Content/EngineSounds/Submixes/MasterEQSubmixDefault.uasset" 3831
"../../../Engine/Content/EngineSounds/Submixes/MasterSubmixDefault.uasset" 3832
"C:/Users/darcy/Documents/Unreal Projects/UnitB-Project/Content/FirstPerson/Lvl_FirstPerson.umap" 3833
"../../../Engine/Plugins/Interchange/Assets/Content/gltf/MaterialBodies/MF_ClearCoat_Body.uasset" 3834
"../../../Engine/Plugins/Interchange/Assets/Content/gltf/MaterialFunctions/MF_Emissive.uasset" 3835
"../../../Engine/Plugins/Interchange/Assets/Content/gltf/MaterialFunctions/MF_SpecularAnisotropy.uasset" 3836
"../../../Engine/Content/EngineSounds/Submixes/MasterReverbSubmixDefault.uasset" 3837
"../../../Engine/Content/EngineSounds/Submixes/MasterReverbEffectPreset.uasset" 3838
"../../../Engine/Plugins/Interchange/Assets/Content/gltf/MaterialFunctions/MF_RotateNormals_TS.uasset" 3839
"../../../Engine/Plugins/Interchange/Assets/Content/gltf/MaterialFunctions/MF_Clearcoat.uasset" 3840
"../../../Engine/Plugins/Interchange/Assets/Content/Functions/MF_IridescenceNoLUT.uasset" 3841
"../../../Engine/Plugins/Interchange/Assets/Content/gltf/MaterialFunctions/MF_Occlusion.uasset" 3842
"../../../Engine/Plugins/Interchange/Assets/Content/gltf/MaterialFunctions/MF_Specular.uasset" 3843
"../../../Engine/Plugins/Interchange/Assets/Content/gltf/Textures/T_Generic_N.uasset" 3844
"../../../Engine/Plugins/Interchange/Assets/Content/gltf/MaterialFunctions/MF_TransformUVs.uasset" 3845
"../../../Engine/Content/Functions/Engine_MaterialFunctions01/Texturing/FlattenNormal.uasset" 3846
"../../../Engine/Plugins/Interchange/Assets/Content/gltf/Textures/T_White_Linear.uasset" 3847
"../../../Engine/Plugins/Interchange/Assets/Content/gltf/MaterialFunctions/MF_ScaleNormal.uasset" 3848
"../../../Engine/Plugins/Interchange/Assets/Content/gltf/MaterialFunctions/MF_IOR.uasset" 3849
"../../../Engine/Plugins/Interchange/Assets/Content/gltf/Textures/T_Anisotropy_Direction_Linear.uasset" 3850
"../../../Engine/Plugins/Interchange/Assets/Content/Functions/MF_Iridescence.uasset" 3851
"../../../Engine/Plugins/Interchange/Assets/Content/gltf/MaterialFunctions/MF_BaseColor.uasset" 3852
"../../../Engine/Plugins/Interchange/Assets/Content/gltf/Textures/T_White_srgb.uasset" 3853
"../../../Engine/Plugins/Interchange/Assets/Content/gltf/MaterialFunctions/MF_Iridescence.uasset" 3854
"../../../Engine/Content/Functions/Engine_MaterialFunctions03/Math/RemapValueRange.uasset" 3855
"../../../Engine/Plugins/Interchange/Assets/Content/gltf/MaterialFunctions/MF_Normals.uasset" 3856
"../../../Engine/Plugins/Interchange/Assets/Content/gltf/MaterialFunctions/MF_RotateV2.uasset" 3857
"../../../Engine/Plugins/Interchange/Assets/Content/gltf/MaterialFunctions/MF_MetallicRoughness.uasset" 3858
"/Game/FirstPerson/Blueprints/BP_FirstPersonGameMode" 3859
"/Engine/EngineSounds/Submixes/MasterEQEffectPreset" 3860
"../../../Engine/Plugins/Interchange/Assets/Content/gltf/M_ClearCoat.uasset" 3861
"../../../Engine/Plugins/Interchange/Assets/Content/Utilities/New_LUT.uasset" 3862
"../../../Engine/Plugins/Interchange/Assets/Content/gltf/MaterialInstances/MI_ClearCoat_Opaque.uasset" 3863
"/Game/__ExternalActors__/FirstPerson/Lvl_FirstPerson/7/NI/7Z9KFUHGDC33I0LYBUUYUQ" 3864
"/Engine/EngineSounds/Submixes/MasterReverbEffectPreset" 3865
"/Engine/EngineSounds/Submixes/MasterEQSubmixDefault" 3866
"/Game/__ExternalActors__/FirstPerson/Lvl_FirstPerson/0/33/NNQCSALE396VD75HYK85Z6" 3867
"../../../../../../Users/darcy/Documents/Unreal Projects/UnitB-Project/Content/__ExternalActors__/FirstPerson/Lvl_FirstPerson/0/33/NNQCSALE396VD75HYK85Z6.uasset" 3868
"../../../../../../Users/darcy/Documents/Unreal Projects/UnitB-Project/Content/Assets/Morgue/Morgue.uasset" 3869
"../../../../../../Users/darcy/Documents/Unreal Projects/UnitB-Project/Content/Assets/Morgue/blinn1.uasset" 3870
"../../../../../../Users/darcy/Documents/Unreal Projects/UnitB-Project/Content/Assets/Morgue/Morgue_blinn1_BaseColor.uasset" 3871
"../../../../../../Users/darcy/Documents/Unreal Projects/UnitB-Project/Content/Assets/Morgue/Morgue_blinn1_Normal.uasset" 3872
"../../../../../../Users/darcy/Documents/Unreal Projects/UnitB-Project/Content/Assets/Morgue/Morgue_blinn1_OcclusionRoughnessMetallic.uasset" 3873
"/Game/__ExternalActors__/FirstPerson/Lvl_FirstPerson/0/70/UFP0BPPOD6PKDHZ83BWIC5" 3874
"../../../../../../Users/darcy/Documents/Unreal Projects/UnitB-Project/Content/__ExternalActors__/FirstPerson/Lvl_FirstPerson/0/70/UFP0BPPOD6PKDHZ83BWIC5.uasset" 3875
"../../../../../../Users/darcy/Documents/Unreal Projects/UnitB-Project/Content/Assets/MODULARlevel/meshes/Modular_wall_one_trimsheet_one.uasset" 3876
"../../../../../../Users/darcy/Documents/Unreal Projects/UnitB-Project/Content/Assets/MODULARlevel/materials_textures/modularTrim1.uasset" 3877
"../../../../../../Users/darcy/Documents/Unreal Projects/UnitB-Project/Content/Assets/MODULARlevel/materials_textures/trimlow_standardSurface1_BaseColor.uasset" 3878
"../../../../../../Users/darcy/Documents/Unreal Projects/UnitB-Project/Content/Assets/MODULARlevel/materials_textures/trimlow_standardSurface1_Normal.uasset" 3879
"../../../../../../Users/darcy/Documents/Unreal Projects/UnitB-Project/Content/Assets/MODULARlevel/materials_textures/trimlow_standardSurface1_OcclusionRoughnessMetallic.uasset" 3880
"/Game/__ExternalActors__/FirstPerson/Lvl_FirstPerson/0/7K/9XQBF5IRE4865E1S090GNR" 3881
"../../../../../../Users/darcy/Documents/Unreal Projects/UnitB-Project/Content/__ExternalActors__/FirstPerson/Lvl_FirstPerson/0/7K/9XQBF5IRE4865E1S090GNR.uasset" 3882
"/Game/__ExternalActors__/FirstPerson/Lvl_FirstPerson/0/9O/803ZUU2CJ07F31XFQQGXVM" 3883
"../../../../../../Users/darcy/Documents/Unreal Projects/UnitB-Project/Content/__ExternalActors__/FirstPerson/Lvl_FirstPerson/0/9O/803ZUU2CJ07F31XFQQGXVM.uasset" 3884
"../../../../../../Users/darcy/Documents/Unreal Projects/UnitB-Project/Content/Assets/planks/planks.uasset" 3885
"../../../../../../Users/darcy/Documents/Unreal Projects/UnitB-Project/Content/Assets/planks/plankstexture.uasset" 3886
"../../../../../../Users/darcy/Documents/Unreal Projects/UnitB-Project/Content/Assets/planks/initialShadingGroup_Base_color.uasset" 3887
"../../../../../../Users/darcy/Documents/Unreal Projects/UnitB-Project/Content/Assets/planks/initialShadingGroup_Height.uasset" 3888
"../../../../../../Users/darcy/Documents/Unreal Projects/UnitB-Project/Content/Assets/planks/initialShadingGroup_Metallic.uasset" 3889
"../../../../../../Users/darcy/Documents/Unreal Projects/UnitB-Project/Content/Assets/planks/initialShadingGroup_Normal.uasset" 3890
"../../../../../../Users/darcy/Documents/Unreal Projects/UnitB-Project/Content/Assets/planks/initialShadingGroup_Roughness.uasset" 3891
"/Game/__ExternalActors__/FirstPerson/Lvl_FirstPerson/0/AX/0JAO3U9OBN2XJG16XBIB8N" 3892
"../../../../../../Users/darcy/Documents/Unreal Projects/UnitB-Project/Content/__ExternalActors__/FirstPerson/Lvl_FirstPerson/0/AX/0JAO3U9OBN2XJG16XBIB8N.uasset" 3893
"/Game/__ExternalActors__/FirstPerson/Lvl_FirstPerson/0/CO/BADBYX515KHADIOQ4AFWOA" 3894
"../../../../../../Users/darcy/Documents/Unreal Projects/UnitB-Project/Content/__ExternalActors__/FirstPerson/Lvl_FirstPerson/0/CO/BADBYX515KHADIOQ4AFWOA.uasset" 3895
"../../../../../../Users/darcy/Documents/Unreal Projects/UnitB-Project/Content/Assets/table/table.uasset" 3896
"../../../../../../Users/darcy/Documents/Unreal Projects/UnitB-Project/Content/Assets/table/lambert1.uasset" 3897
"../../../../../../Users/darcy/Documents/Unreal Projects/UnitB-Project/Content/Assets/table/lambert1_Base_color.uasset" 3898
"../../../../../../Users/darcy/Documents/Unreal Projects/UnitB-Project/Content/Assets/table/lambert1_Height.uasset" 3899
"../../../../../../Users/darcy/Documents/Unreal Projects/UnitB-Project/Content/Assets/table/lambert1_Metallic.uasset" 3900
"../../../../../../Users/darcy/Documents/Unreal Projects/UnitB-Project/Content/Assets/table/lambert1_Normal.uasset" 3901
"../../../../../../Users/darcy/Documents/Unreal Projects/UnitB-Project/Content/Assets/table/lambert1_Roughness.uasset" 3902
"/Game/__ExternalActors__/FirstPerson/Lvl_FirstPerson/0/CQ/CSGGVO8FVAUZ9EOVKGCIBI" 3903
"../../../../../../Users/darcy/Documents/Unreal Projects/UnitB-Project/Content/__ExternalActors__/FirstPerson/Lvl_FirstPerson/0/CQ/CSGGVO8FVAUZ9EOVKGCIBI.uasset" 3904
"../../../../../../Users/darcy/Documents/Unreal Projects/UnitB-Project/Content/Assets/Pillar/pillar1__2_.uasset" 3905
"../../../../../../Users/darcy/Documents/Unreal Projects/UnitB-Project/Content/Assets/Pillar/lambert1.uasset" 3906
"../../../../../../Users/darcy/Documents/Unreal Projects/UnitB-Project/Content/Assets/Pillar/lambert1_Base_color.uasset" 3907
"../../../../../../Users/darcy/Documents/Unreal Projects/UnitB-Project/Content/Assets/Pillar/lambert1_Height.uasset" 3908
"../../../../../../Users/darcy/Documents/Unreal Projects/UnitB-Project/Content/Assets/Pillar/lambert1_Metallic.uasset" 3909
"../../../../../../Users/darcy/Documents/Unreal Projects/UnitB-Project/Content/Assets/Pillar/lambert1_Normal.uasset" 3910
"../../../../../../Users/darcy/Documents/Unreal Projects/UnitB-Project/Content/Assets/Pillar/lambert1_Roughness.uasset" 3911
"/Game/__ExternalActors__/FirstPerson/Lvl_FirstPerson/0/DV/KZIICQDSEWKBTXFMGSR9W8" 3912
"../../../../../../Users/darcy/Documents/Unreal Projects/UnitB-Project/Content/__ExternalActors__/FirstPerson/Lvl_FirstPerson/0/DV/KZIICQDSEWKBTXFMGSR9W8.uasset" 3913
"../../../../../../Users/darcy/Documents/Unreal Projects/UnitB-Project/Content/Assets/MODULARlevel/meshes/Modular_Door_one_trimsheet_one.uasset" 3914
"/Game/__ExternalActors__/FirstPerson/Lvl_FirstPerson/0/ER/GJUIXEEO8HUV9WZCSZR9GH" 3915
"../../../../../../Users/darcy/Documents/Unreal Projects/UnitB-Project/Content/__ExternalActors__/FirstPerson/Lvl_FirstPerson/0/ER/GJUIXEEO8HUV9WZCSZR9GH.uasset" 3916
"/Game/__ExternalActors__/FirstPerson/Lvl_FirstPerson/0/EY/U35APZG8TUWKSSA9TY5GJO" 3917
"../../../../../../Users/darcy/Documents/Unreal Projects/UnitB-Project/Content/__ExternalActors__/FirstPerson/Lvl_FirstPerson/0/EY/U35APZG8TUWKSSA9TY5GJO.uasset" 3918
"/Game/__ExternalActors__/FirstPerson/Lvl_FirstPerson/0/GZ/TTBKQTM7H2HDLWB3T16ZLY" 3919
"../../../../../../Users/darcy/Documents/Unreal Projects/UnitB-Project/Content/__ExternalActors__/FirstPerson/Lvl_FirstPerson/0/GZ/TTBKQTM7H2HDLWB3T16ZLY.uasset" 3920
"../../../Engine/Content/MapTemplates/SM_Template_Map_Floor.uasset" 3921
"/Game/__ExternalActors__/FirstPerson/Lvl_FirstPerson/0/JA/6NAMB0OF3Q749YHN1RIYPC" 3922
"../../../../../../Users/darcy/Documents/Unreal Projects/UnitB-Project/Content/__ExternalActors__/FirstPerson/Lvl_FirstPerson/0/JA/6NAMB0OF3Q749YHN1RIYPC.uasset" 3923
"../../../../../../Users/darcy/Documents/Unreal Projects/UnitB-Project/Content/Dev/Darcy/Blueprints/ExcavationGame/BP_ExcavationCamera.uasset" 3924
"/Game/__ExternalActors__/FirstPerson/Lvl_FirstPerson/0/JC/QUAW6RJO17HTLISYF6XIRM" 3925
"../../../../../../Users/darcy/Documents/Unreal Projects/UnitB-Project/Content/__ExternalActors__/FirstPerson/Lvl_FirstPerson/0/JC/QUAW6RJO17HTLISYF6XIRM.uasset" 3926
"../../../../../../Users/darcy/Documents/Unreal Projects/UnitB-Project/Content/Assets/helmet/constructionhelmet.uasset" 3927
"../../../../../../Users/darcy/Documents/Unreal Projects/UnitB-Project/Content/Assets/helmet/helmetmaterial.uasset" 3928
"../../../../../../Users/darcy/Documents/Unreal Projects/UnitB-Project/Content/Assets/helmet/constructionhelmet_DefaultMaterial_BaseColor.uasset" 3929
"../../../../../../Users/darcy/Documents/Unreal Projects/UnitB-Project/Content/Assets/helmet/constructionhelmet_DefaultMaterial_Normal.uasset" 3930
"../../../../../../Users/darcy/Documents/Unreal Projects/UnitB-Project/Content/Assets/helmet/constructionhelmet_DefaultMaterial_OcclusionRoughnessMetallic.uasset" 3931
"/Game/__ExternalActors__/FirstPerson/Lvl_FirstPerson/0/JK/UOKIPDSXRY1XB32DA2C02G" 3932
"../../../../../../Users/darcy/Documents/Unreal Projects/UnitB-Project/Content/__ExternalActors__/FirstPerson/Lvl_FirstPerson/0/JK/UOKIPDSXRY1XB32DA2C02G.uasset" 3933
"../../../../../../Users/darcy/Documents/Unreal Projects/UnitB-Project/Content/Assets/MODULARlevel/meshes/trimsheet_two_Modular_Door_two_.uasset" 3934
"../../../../../../Users/darcy/Documents/Unreal Projects/UnitB-Project/Content/Assets/MODULARlevel/materials_textures/modularTrim2.uasset" 3935
"../../../../../../Users/darcy/Documents/Unreal Projects/UnitB-Project/Content/Assets/MODULARlevel/materials_textures/trimsheet2_low_standardSurface1_BaseColor.uasset" 3936
"../../../../../../Users/darcy/Documents/Unreal Projects/UnitB-Project/Content/Assets/MODULARlevel/materials_textures/trimsheet2_low_standardSurface1_Normal.uasset" 3937
"../../../../../../Users/darcy/Documents/Unreal Projects/UnitB-Project/Content/Assets/MODULARlevel/materials_textures/trimsheet2_low_standardSurface1_OcclusionRoughnessMetallic.uasset" 3938
"/Game/__ExternalActors__/FirstPerson/Lvl_FirstPerson/0/KA/W6QTYAWDRN6T2A62ZL8V1S" 3939
"../../../../../../Users/darcy/Documents/Unreal Projects/UnitB-Project/Content/__ExternalActors__/FirstPerson/Lvl_FirstPerson/0/KA/W6QTYAWDRN6T2A62ZL8V1S.uasset" 3940
"/Game/__ExternalActors__/FirstPerson/Lvl_FirstPerson/0/NZ/1MGX2DT1PQWL280EPDLBJN" 3941
"../../../../../../Users/darcy/Documents/Unreal Projects/UnitB-Project/Content/__ExternalActors__/FirstPerson/Lvl_FirstPerson/0/NZ/1MGX2DT1PQWL280EPDLBJN.uasset" 3942
"../../../../../../Users/darcy/Documents/Unreal Projects/UnitB-Project/Content/Dev/Darcy/Blueprints/ExcavationGame/BP_ExcavationSite.uasset" 3943
"../../../../../../Users/darcy/Documents/Unreal Projects/UnitB-Project/Content/Dev/Darcy/Blueprints/ExcavationGame/Difficulties/DA_Hard.uasset" 3944
"../../../../../../Users/darcy/Documents/Unreal Projects/UnitB-Project/Content/Dev/Darcy/Blueprints/ItemInfo/DataAssets/DA_HeartBeetleJewel.uasset" 3945
"../../../../../../Users/darcy/Documents/Unreal Projects/UnitB-Project/Content/Assets/digSites/bronze/sandpile1.uasset" 3946
"../../../../../../Users/darcy/Documents/Unreal Projects/UnitB-Project/Content/Dev/Darcy/Blueprints/DayCycles/BP_DayManager.uasset" 3947
"../../../../../../Users/darcy/Documents/Unreal Projects/UnitB-Project/Content/Dev/Darcy/Blueprints/ExcavationGame/Difficulties/DA_Easy.uasset" 3948
"../../../../../../Users/darcy/Documents/Unreal Projects/UnitB-Project/Content/Dev/Elliot/sound_effects/DIG_SWEEP.uasset" 3949
"../../../../../../Users/darcy/Documents/Unreal Projects/UnitB-Project/Content/Dev/Elliot/VfX/dust_effect.uasset" 3950
"../../../../../../Users/darcy/Documents/Unreal Projects/UnitB-Project/Content/Assets/digSites/normal/sandpile3.uasset" 3951
"../../../../../../Users/darcy/Documents/Unreal Projects/UnitB-Project/Content/Assets/heartbeetle/HeartClean.uasset" 3952
"../../../../../../Users/darcy/Documents/Unreal Projects/UnitB-Project/Content/Assets/heartbeetle/HeartDirty.uasset" 3953
"../../../../../../Users/darcy/Documents/Unreal Projects/UnitB-Project/Content/Assets/digSites/bronze/sandpile1bronze.uasset" 3954
"../../../../../../Users/darcy/Documents/Unreal Projects/UnitB-Project/Content/Dev/Darcy/Widgets/WBP_DayDetails.uasset" 3955
"../../../../../../Users/darcy/Documents/Unreal Projects/UnitB-Project/Content/Dev/Darcy/Widgets/WBP_SleepTransition.uasset" 3956
"../../../../../../Users/darcy/Documents/Unreal Projects/UnitB-Project/Content/Dev/Elliot/sound_effects/DIG.uasset" 3957
"../../../../../../Users/darcy/Documents/Unreal Projects/UnitB-Project/Content/Dev/Elliot/VfX/DUST_TEXTURE_Mat.uasset" 3958
"../../Plugins/FX/Niagara/Content/DynamicInputs/UniformRange/V2/RandomRangeFloat.uasset" 3959
"../../Plugins/FX/Niagara/Content/DynamicInputs/ValueFromCurve/ColorFromCurve.uasset" 3960
"../../Plugins/FX/Niagara/Content/DynamicInputs/ValueFromCurve/FloatFromCurve.uasset" 3961
"../../Plugins/FX/Niagara/Content/Modules/Emitter/EmitterState.uasset" 3962
"../../Plugins/FX/Niagara/Content/Modules/Emitter/SpawnBurst_Instantaneous.uasset" 3963
"../../Plugins/FX/Niagara/Content/Modules/Solvers/ApplyInitialForces.uasset" 3964
"../../Plugins/FX/Niagara/Content/Modules/Solvers/SolveForcesAndVelocity.uasset" 3965
"../../Plugins/FX/Niagara/Content/Modules/Spawn/Initialization/V2/InitializeParticle.uasset" 3966
"../../Plugins/FX/Niagara/Content/Modules/Spawn/Location/V2/ShapeLocation.uasset" 3967
"../../Plugins/FX/Niagara/Content/Modules/System/SystemState.uasset" 3968
"../../Plugins/FX/Niagara/Content/Modules/Update/Color/Color.uasset" 3969
"../../Plugins/FX/Niagara/Content/Modules/Update/Color/ScaleColor.uasset" 3970
"../../Plugins/FX/Niagara/Content/Modules/Update/Forces/Drag.uasset" 3971
"../../Plugins/FX/Niagara/Content/Modules/Update/Forces/GravityForce.uasset" 3972
"../../Plugins/FX/Niagara/Content/Modules/Update/Forces/V2/CurlNoiseForce.uasset" 3973
"../../Plugins/FX/Niagara/Content/Modules/Update/Forces/V2/PointAttractionForce.uasset" 3974
"../../Plugins/FX/Niagara/Content/Modules/Update/Lifetime/ParticleState.uasset" 3975
"../../Plugins/FX/Niagara/Content/Modules/Update/Material/DynamicMaterialParameters.uasset" 3976
"../../Plugins/FX/Niagara/Content/Modules/Update/Orientation/SpriteRotationRate.uasset" 3977
"../../Plugins/FX/Niagara/Content/Modules/Update/Size/ScaleSpriteSize.uasset" 3978
"../../Plugins/FX/Niagara/Content/Modules/Update/Size/ScaleSpriteSizeBySpeed.uasset" 3979
"../../Plugins/FX/Niagara/Content/Enums/Angles/ENiagara_AngleInput.uasset" 3980
"../../Plugins/FX/Niagara/Content/Enums/ENiagara_AttributeSamplingApplyOutput.uasset" 3981
"../../Plugins/FX/Niagara/Content/Enums/ENiagara_ColorInitializationMode.uasset" 3982
"../../Plugins/FX/Niagara/Content/Enums/ENiagara_EmitterStateOptions.uasset" 3983
"../../Plugins/FX/Niagara/Content/Enums/ENiagara_InfiniteLoopDuration.uasset" 3984
"../../Plugins/FX/Niagara/Content/Enums/ENiagara_LifetimeMode.uasset" 3985
"../../Plugins/FX/Niagara/Content/Enums/ENiagara_MassInitializationMode.uasset" 3986
"../../Plugins/FX/Niagara/Content/Enums/ENiagara_PositionInitializationMode.uasset" 3987
"../../Plugins/FX/Niagara/Content/Enums/ENiagara_SizeScaleMode.uasset" 3988
"../../Plugins/FX/Niagara/Content/Enums/ENiagara_SpriteRotationMode.uasset" 3989
"../../Plugins/FX/Niagara/Content/Enums/ENiagara_UVFlippingMode.uasset" 3990
"../../Plugins/FX/Niagara/Content/Enums/ENiagaraChannelCorrelation.uasset" 3991
"../../Plugins/FX/Niagara/Content/Enums/ENiagaraCurlNoiseQuality.uasset" 3992
"../../Plugins/FX/Niagara/Content/Enums/ENiagaraEmitterLifeCycleMode.uasset" 3993
"../../Plugins/FX/Niagara/Content/Enums/ENiagaraEmitterScalabilityMode_Limited.uasset" 3994
"../../Plugins/FX/Niagara/Content/Enums/ENiagaraInactiveMode.uasset" 3995
"../../Plugins/FX/Niagara/Content/Enums/ENiagaraRandomnessEvaluation.uasset" 3996
"../../Plugins/FX/Niagara/Content/Enums/ENiagaraRandomnessMode.uasset" 3997
"../../Plugins/FX/Niagara/Content/Enums/ENiagaraScaleColorMode.uasset" 3998
"../../Plugins/FX/Niagara/Content/Enums/ENiagaraShapeTorusMode.uasset" 3999
"../../Plugins/FX/Niagara/Content/Enums/ENiagaraSphereDistributionMode.uasset" 4000
"../../Plugins/FX/Niagara/Content/Enums/ENiagaraSystemInactiveMode.uasset" 4001
"../../Plugins/FX/Niagara/Content/Enums/ENiagaraTorusDistributionMode.uasset" 4002
"../../Plugins/FX/Niagara/Content/Enums/Location/ENiagara_BoxPlaneMode.uasset" 4003
"../../Plugins/FX/Niagara/Content/Enums/Location/ENiagara_ConeMode.uasset" 4004
"../../Plugins/FX/Niagara/Content/Enums/Location/ENiagara_CylinderMode.uasset" 4005
"../../Plugins/FX/Niagara/Content/Enums/Location/ENiagara_LocationShapes.uasset" 4006
"../../Plugins/FX/Niagara/Content/Enums/Location/ENiagaraRingDiscMode.uasset" 4007
"../../Plugins/FX/Niagara/Content/Enums/Ribbons/ENiagara_UnsetDirectSet.uasset" 4008
"../../Plugins/FX/Niagara/Content/Enums/Ribbons/ENiagara_UnsetDirectSetRandom.uasset" 4009
"../../Plugins/FX/Niagara/Content/Enums/SpriteRenderer/ENiagara_ScaleSpriteSize.uasset" 4010
"../../Plugins/FX/Niagara/Content/Enums/Transforms/ENiagara_OffsetMode.uasset" 4011
"../../Plugins/FX/Niagara/Content/Enums/Transforms/ENiagara_RotationMode.uasset" 4012
"../../Plugins/FX/Niagara/Content/Enums/Transforms/ENiagara_ScaleMode.uasset" 4013
"../../Plugins/FX/Niagara/Content/Enums/Transforms/ENiagara_TransformOrder.uasset" 4014
"../../Plugins/FX/Niagara/Content/Enums/Transforms/ENiagara_TransformType.uasset" 4015
"../../Plugins/FX/Niagara/Content/Enums/Utility/ENiagara_DynamicMaterialParametersInputMode.uasset" 4016
"../../Plugins/FX/Niagara/Content/VectorFields/Assets/TilingCurl32.uasset" 4017
"../../../../../../Users/darcy/Documents/Unreal Projects/UnitB-Project/Content/Assets/digSites/normal/sandpile3normal.uasset" 4018
"../../../../../../Users/darcy/Documents/Unreal Projects/UnitB-Project/Content/Assets/heartbeetle/blinn1.uasset" 4019
"../../../../../../Users/darcy/Documents/Unreal Projects/UnitB-Project/Content/Assets/heartbeetle/blinndirty.uasset" 4020
"../../../../../../Users/darcy/Documents/Unreal Projects/UnitB-Project/Content/Assets/digSites/bronze/sandpile1_DefaultMaterial_BaseColor.uasset" 4021
"../../../../../../Users/darcy/Documents/Unreal Projects/UnitB-Project/Content/Assets/digSites/bronze/sandpile1_DefaultMaterial_OcclusionRoughnessMetallic.uasset" 4022
"../../../../../../Users/darcy/Documents/Unreal Projects/UnitB-Project/Content/Concept/Madi/anubisHeadBlack.uasset" 4023
"../../../../../../Users/darcy/Documents/Unreal Projects/UnitB-Project/Content/Concept/Madi/anubisHeadClear.uasset" 4024
"../../../../../../Users/darcy/Documents/Unreal Projects/UnitB-Project/Content/Dev/Darcy/Widgets/Art/darken.uasset" 4025
"../../../../../../Users/darcy/Documents/Unreal Projects/UnitB-Project/Content/Dev/Darcy/Widgets/Art/threeZ.uasset" 4026
"../../Plugins/FX/Niagara/Content/Functions/V2/CalculateRandomRangeFloat.uasset" 4027
"../../Plugins/FX/Niagara/Content/Functions/Emitter/EmitterChangeState.uasset" 4028
"../../Plugins/FX/Niagara/Content/Icons/Modules/T_Icon_Scalability_Emitter.uasset" 4029
"../../Plugins/FX/Niagara/Content/Icons/Modules/T_Icon_Scalability_System.uasset" 4030
"../../Plugins/FX/Niagara/Content/Functions/DirectionAndLengthSafe.uasset" 4031
"../../Plugins/FX/Niagara/Content/Functions/Drag/DragVelocity.uasset" 4032
"../../Plugins/FX/Niagara/Content/Functions/Math/CentimeterMeterConversion.uasset" 4033
"../../Plugins/FX/Niagara/Content/Functions/Rotation/MultiplyVectorWithQuaternion.uasset" 4034
"../../Plugins/FX/Niagara/Content/Modules/Solvers/ApplyRotationVector.uasset" 4035
"../../Plugins/FX/Niagara/Content/Icons/Modules/T_Icon_Solver_LimitAccel.uasset" 4036
"../../Plugins/FX/Niagara/Content/Icons/Modules/T_Icon_Solver_LimitSpeed.uasset" 4037
"../../Plugins/FX/Niagara/Content/Icons/Modules/T_Icon_Solver_RotationalSolve.uasset" 4038
"../../Plugins/FX/Niagara/Content/Functions/LinearColor/HueShiftLinearColor.uasset" 4039
"../../Plugins/FX/Niagara/Content/Functions/Localspace/SimulationPosition.uasset" 4040
"../../Plugins/FX/Niagara/Content/Functions/Localspace/TransformVector.uasset" 4041
"../../Plugins/FX/Niagara/Content/Functions/V2/CalculateRandomBool.uasset" 4042
"../../Plugins/FX/Niagara/Content/Functions/V2/CalculateRandomRange.uasset" 4043
"../../Plugins/FX/Niagara/Content/Functions/V2/CalculateRandomRangeInteger.uasset" 4044
"../../Plugins/FX/Niagara/Content/Functions/Localspace/TransformPosition.uasset" 4045
"../../Plugins/FX/Niagara/Content/Functions/Math/CalculateRandomPointInConeSphereIntersection.uasset" 4046
"../../Plugins/FX/Niagara/Content/Functions/Math/SaturateFloat.uasset" 4047
"../../Plugins/FX/Niagara/Content/Functions/NormalizedExecutionIndex.uasset" 4048
"../../Plugins/FX/Niagara/Content/Functions/ParametricTorus.uasset" 4049
"../../Plugins/FX/Niagara/Content/Functions/ParametricTorusKnot.uasset" 4050
"../../Plugins/FX/Niagara/Content/Functions/PolarToCartesianCoordinates.uasset" 4051
"../../Plugins/FX/Niagara/Content/Functions/RandomPointInBox.uasset" 4052
"../../Plugins/FX/Niagara/Content/Functions/Rotation/AngleUnitConverter.uasset" 4053
"../../Plugins/FX/Niagara/Content/Functions/Rotation/RotateVector2D.uasset" 4054
"../../Plugins/FX/Niagara/Content/Functions/Rotation/TransformStack/TransformStack_Rotation.uasset" 4055
"../../Plugins/FX/Niagara/Content/Functions/SphericalToCartesianCoordinates.uasset" 4056
"../../Plugins/FX/Niagara/Content/Functions/V2/RemapRange.uasset" 4057
"../../Plugins/FX/Niagara/Content/Enums/ENiagaraExpansionMode.uasset" 4058
"../../Plugins/FX/Niagara/Content/Functions/System/SystemChangeState.uasset" 4059
"../../Plugins/FX/Niagara/Content/Functions/Localspace/PositionToVector.uasset" 4060
"../../Plugins/FX/Niagara/Content/Functions/V2/ConeMask.uasset" 4061
"../../Plugins/FX/Niagara/Content/VectorFields/Assets/TilingCurl16.uasset" 4062
"../../Plugins/FX/Niagara/Content/VectorFields/Assets/TilingCurl64.uasset" 4063
"../../Plugins/FX/Niagara/Content/Icons/Modules/T_Icon_Particle_InfiniteLife.uasset" 4064
"../../../../../../Users/darcy/Documents/Unreal Projects/UnitB-Project/Content/Assets/digSites/normal/sandpile3_DefaultMaterial_BaseColor.uasset" 4065
"../../../../../../Users/darcy/Documents/Unreal Projects/UnitB-Project/Content/Assets/digSites/normal/sandpile3_DefaultMaterial_Normal.uasset" 4066
"../../../../../../Users/darcy/Documents/Unreal Projects/UnitB-Project/Content/Assets/digSites/normal/sandpile3_DefaultMaterial_OcclusionRoughnessMetallic.uasset" 4067
"../../../../../../Users/darcy/Documents/Unreal Projects/UnitB-Project/Content/Assets/heartbeetle/Heart_blinn1_BaseColor.uasset" 4068
"../../../../../../Users/darcy/Documents/Unreal Projects/UnitB-Project/Content/Assets/heartbeetle/Heart_blinn1_Normal.uasset" 4069
"../../../../../../Users/darcy/Documents/Unreal Projects/UnitB-Project/Content/Assets/heartbeetle/Heart_blinn1_OcclusionRoughnessMetallic.uasset" 4070
"../../../../../../Users/darcy/Documents/Unreal Projects/UnitB-Project/Content/Assets/heartbeetle/Heart_Dirty_blinn1_BaseColor.uasset" 4071
"../../../../../../Users/darcy/Documents/Unreal Projects/UnitB-Project/Content/Assets/heartbeetle/Heart_Drity_blinn1_Normal.uasset" 4072
"../../../../../../Users/darcy/Documents/Unreal Projects/UnitB-Project/Content/Assets/heartbeetle/Heart_Drity_blinn1_OcclusionRoughnessMetallic.uasset" 4073
"../../Plugins/FX/Niagara/Content/Functions/Rotation/AxisAngleToQuaternion.uasset" 4074
"../../Plugins/FX/Niagara/Content/Functions/Rotation/MultiplyQuaternion.uasset" 4075
"../../Plugins/FX/Niagara/Content/Functions/Localspace/TransformBase.uasset" 4076
"../../Plugins/FX/Niagara/Content/Functions/RandomRangeFloat.uasset" 4077
"../../Plugins/FX/Niagara/Content/Functions/Rotation/FindQuatBetween.uasset" 4078
"../../Plugins/FX/Niagara/Content/Functions/IsolateLongestVectorComponent.uasset" 4079
"../../Plugins/FX/Niagara/Content/Functions/Rotation/InvertQuaternion.uasset" 4080
"../../Plugins/FX/Niagara/Content/Functions/Rotation/MakeQuaternionFrom3BasisVectors.uasset" 4081
"../../Plugins/FX/Niagara/Content/Functions/Rotation/XYZRotationToQuaternion.uasset" 4082
"../../Plugins/FX/Niagara/Content/Functions/ChannelMasks/SelectV4Channel.uasset" 4083
"../../Plugins/FX/Niagara/Content/Enums/ENiagaraVector4_Channels.uasset" 4084
"../../Plugins/FX/Niagara/Content/Functions/FindAngleBetweenVectors.uasset" 4085
"../../Plugins/FX/Niagara/Content/Functions/GetRandomInfo.uasset" 4086
"../../Plugins/FX/Niagara/Content/Functions/Rotation/MatrixToQuaternion.uasset" 4087
"/Game/__ExternalActors__/FirstPerson/Lvl_FirstPerson/0/OR/DNFGG09LZ1719HPHORPSRV" 4088
"../../../../../../Users/darcy/Documents/Unreal Projects/UnitB-Project/Content/__ExternalActors__/FirstPerson/Lvl_FirstPerson/0/OR/DNFGG09LZ1719HPHORPSRV.uasset" 4089
"/Game/__ExternalActors__/FirstPerson/Lvl_FirstPerson/0/PT/4X7ZME3J2BRHAN2C4TNOIH" 4090
"../../../../../../Users/darcy/Documents/Unreal Projects/UnitB-Project/Content/__ExternalActors__/FirstPerson/Lvl_FirstPerson/0/PT/4X7ZME3J2BRHAN2C4TNOIH.uasset" 4091
"/Game/__ExternalActors__/FirstPerson/Lvl_FirstPerson/0/R0/YDRPCWJDML3N9WENZ05175" 4092
"../../../../../../Users/darcy/Documents/Unreal Projects/UnitB-Project/Content/__ExternalActors__/FirstPerson/Lvl_FirstPerson/0/R0/YDRPCWJDML3N9WENZ05175.uasset" 4093
"/Game/__ExternalActors__/FirstPerson/Lvl_FirstPerson/0/SZ/DMBT5EO64CCXPI6CH3LHVX" 4094
"../../../../../../Users/darcy/Documents/Unreal Projects/UnitB-Project/Content/__ExternalActors__/FirstPerson/Lvl_FirstPerson/0/SZ/DMBT5EO64CCXPI6CH3LHVX.uasset" 4095
"../../../../../../Users/darcy/Documents/Unreal Projects/UnitB-Project/Content/Assets/smalllight/smalllight.uasset" 4096
"../../../../../../Users/darcy/Documents/Unreal Projects/UnitB-Project/Content/Assets/smalllight/lambert1.uasset" 4097
"../../../../../../Users/darcy/Documents/Unreal Projects/UnitB-Project/Content/Assets/smalllight/lambert1_Base_color.uasset" 4098
"../../../../../../Users/darcy/Documents/Unreal Projects/UnitB-Project/Content/Assets/smalllight/lambert1_Height.uasset" 4099
"../../../../../../Users/darcy/Documents/Unreal Projects/UnitB-Project/Content/Assets/smalllight/lambert1_Metallic.uasset" 4100
"../../../../../../Users/darcy/Documents/Unreal Projects/UnitB-Project/Content/Assets/smalllight/lambert1_Normal.uasset" 4101
"../../../../../../Users/darcy/Documents/Unreal Projects/UnitB-Project/Content/Assets/smalllight/lambert1_Roughness.uasset" 4102
"/Game/__ExternalActors__/FirstPerson/Lvl_FirstPerson/0/TG/Y1QYTG78EIOXBZ0B3NQM8V" 4103
"../../../../../../Users/darcy/Documents/Unreal Projects/UnitB-Project/Content/__ExternalActors__/FirstPerson/Lvl_FirstPerson/0/TG/Y1QYTG78EIOXBZ0B3NQM8V.uasset" 4104
"../../../../../../Users/darcy/Documents/Unreal Projects/UnitB-Project/Content/Assets/MODULARlevel/meshes/trimsheet_two_Modular_wall_two_.uasset" 4105
"/Game/__ExternalActors__/FirstPerson/Lvl_FirstPerson/0/UC/WPF392EW69180D7WMSKHAA" 4106
"../../../../../../Users/darcy/Documents/Unreal Projects/UnitB-Project/Content/__ExternalActors__/FirstPerson/Lvl_FirstPerson/0/UC/WPF392EW69180D7WMSKHAA.uasset" 4107
"../../../../../../Users/darcy/Documents/Unreal Projects/UnitB-Project/Content/Assets/MODULARlevel/meshes/trimsheet_two_Modular_wall_six_.uasset" 4108
"/Game/__ExternalActors__/FirstPerson/Lvl_FirstPerson/0/XD/MNSKCF47FO5GQIOA8BCY4F" 4109
"../../../../../../Users/darcy/Documents/Unreal Projects/UnitB-Project/Content/__ExternalActors__/FirstPerson/Lvl_FirstPerson/0/XD/MNSKCF47FO5GQIOA8BCY4F.uasset" 4110
"../../../../../../Users/darcy/Documents/Unreal Projects/UnitB-Project/Content/Assets/SandPile/Sand_Pile_Mini-game.uasset" 4111
"../../../../../../Users/darcy/Documents/Unreal Projects/UnitB-Project/Content/Assets/SandPile/openPBR_shader1.uasset" 4112
"../../../../../../Users/darcy/Documents/Unreal Projects/UnitB-Project/Content/Assets/SandPile/Sand_Pile_Mini-Game_openPBR_shader1_BaseColor.uasset" 4113
"../../../../../../Users/darcy/Documents/Unreal Projects/UnitB-Project/Content/Assets/SandPile/Sand_Pile_Mini-Game_openPBR_shader1_Normal.uasset" 4114
"../../../../../../Users/darcy/Documents/Unreal Projects/UnitB-Project/Content/Assets/SandPile/Sand_Pile_Mini-Game_openPBR_shader1_OcclusionRoughnessMetallic.uasset" 4115
"/Game/__ExternalActors__/FirstPerson/Lvl_FirstPerson/1/6R/AA8D5XSZBMJKL0ZN02L4MD" 4116
"../../../../../../Users/darcy/Documents/Unreal Projects/UnitB-Project/Content/__ExternalActors__/FirstPerson/Lvl_FirstPerson/1/6R/AA8D5XSZBMJKL0ZN02L4MD.uasset" 4117
"/Game/__ExternalActors__/FirstPerson/Lvl_FirstPerson/1/96/EXPB0KLZFXUEGSD0BK6KRV" 4118
"../../../../../../Users/darcy/Documents/Unreal Projects/UnitB-Project/Content/__ExternalActors__/FirstPerson/Lvl_FirstPerson/1/96/EXPB0KLZFXUEGSD0BK6KRV.uasset" 4119
"../../../../../../Users/darcy/Documents/Unreal Projects/UnitB-Project/Content/Assets/MODULARlevel/meshes/Modular_wall_five_trimsheet_one.uasset" 4120
"/Game/__ExternalActors__/FirstPerson/Lvl_FirstPerson/1/9G/CJBDASKOUOY6S4LXL82LG7" 4121
"../../../../../../Users/darcy/Documents/Unreal Projects/UnitB-Project/Content/__ExternalActors__/FirstPerson/Lvl_FirstPerson/1/9G/CJBDASKOUOY6S4LXL82LG7.uasset" 4122
"../../../../../../Users/darcy/Documents/Unreal Projects/UnitB-Project/Content/Assets/obelisk/Obalisc.uasset" 4123
"../../../../../../Users/darcy/Documents/Unreal Projects/UnitB-Project/Content/Assets/obelisk/lambert1.uasset" 4124
"../../../../../../Users/darcy/Documents/Unreal Projects/UnitB-Project/Content/Assets/obelisk/Obalisc_lambert1_BaseColor.uasset" 4125
"../../../../../../Users/darcy/Documents/Unreal Projects/UnitB-Project/Content/Assets/obelisk/Obalisc_lambert1_Normal.uasset" 4126
"../../../../../../Users/darcy/Documents/Unreal Projects/UnitB-Project/Content/Assets/obelisk/Obalisc_lambert1_OcclusionRoughnessMetallic.uasset" 4127
"/Game/__ExternalActors__/FirstPerson/Lvl_FirstPerson/1/CC/0JTUNI8VQLSXUN7CSUXHGJ" 4128
"../../../../../../Users/darcy/Documents/Unreal Projects/UnitB-Project/Content/__ExternalActors__/FirstPerson/Lvl_FirstPerson/1/CC/0JTUNI8VQLSXUN7CSUXHGJ.uasset" 4129
"/Game/__ExternalActors__/FirstPerson/Lvl_FirstPerson/1/EW/FJ5VOUWV0D8NEOGLM2OS1D" 4130
"../../../../../../Users/darcy/Documents/Unreal Projects/UnitB-Project/Content/__ExternalActors__/FirstPerson/Lvl_FirstPerson/1/EW/FJ5VOUWV0D8NEOGLM2OS1D.uasset" 4131
"/Game/__ExternalActors__/FirstPerson/Lvl_FirstPerson/1/LJ/EMUR4038LWK8R40AIIX2K4" 4132
"../../../../../../Users/darcy/Documents/Unreal Projects/UnitB-Project/Content/__ExternalActors__/FirstPerson/Lvl_FirstPerson/1/LJ/EMUR4038LWK8R40AIIX2K4.uasset" 4133
"/Game/__ExternalActors__/FirstPerson/Lvl_FirstPerson/1/S2/463VWLO010AXOPLRVB868M" 4134
"../../../../../../Users/darcy/Documents/Unreal Projects/UnitB-Project/Content/__ExternalActors__/FirstPerson/Lvl_FirstPerson/1/S2/463VWLO010AXOPLRVB868M.uasset" 4135
"/Game/__ExternalActors__/FirstPerson/Lvl_FirstPerson/1/U4/ADDZC7C7GQK3LUN2FXGC7H" 4136
"../../../../../../Users/darcy/Documents/Unreal Projects/UnitB-Project/Content/__ExternalActors__/FirstPerson/Lvl_FirstPerson/1/U4/ADDZC7C7GQK3LUN2FXGC7H.uasset" 4137
"/Game/__ExternalActors__/FirstPerson/Lvl_FirstPerson/1/W0/HO5OF5P2J9GXWKHL5ULJ7Q" 4138
"../../../../../../Users/darcy/Documents/Unreal Projects/UnitB-Project/Content/__ExternalActors__/FirstPerson/Lvl_FirstPerson/1/W0/HO5OF5P2J9GXWKHL5ULJ7Q.uasset" 4139
"../../../../../../Users/darcy/Documents/Unreal Projects/UnitB-Project/Content/Assets/DarkHole/dark_hole.uasset" 4140
"../../../../../../Users/darcy/Documents/Unreal Projects/UnitB-Project/Content/Assets/DarkHole/standardSurface1.uasset" 4141
"../../../../../../Users/darcy/Documents/Unreal Projects/UnitB-Project/Content/Assets/DarkHole/dark_hole_standardSurface1_BaseColor.uasset" 4142
"../../../../../../Users/darcy/Documents/Unreal Projects/UnitB-Project/Content/Assets/DarkHole/dark_hole_standardSurface1_Normal.uasset" 4143
"../../../../../../Users/darcy/Documents/Unreal Projects/UnitB-Project/Content/Assets/DarkHole/dark_hole_standardSurface1_OcclusionRoughnessMetallic.uasset" 4144
"/Game/__ExternalActors__/FirstPerson/Lvl_FirstPerson/1/W3/S31P4MABPYKB1NN4L1BSN4" 4145
"../../../../../../Users/darcy/Documents/Unreal Projects/UnitB-Project/Content/__ExternalActors__/FirstPerson/Lvl_FirstPerson/1/W3/S31P4MABPYKB1NN4L1BSN4.uasset" 4146
"../../../../../../Users/darcy/Documents/Unreal Projects/UnitB-Project/Content/Dev/Darcy/Blueprints/ExcavationGame/Difficulties/DA_Medium.uasset" 4147
"../../../../../../Users/darcy/Documents/Unreal Projects/UnitB-Project/Content/Assets/digSites/gold/sandpile2.uasset" 4148
"../../../../../../Users/darcy/Documents/Unreal Projects/UnitB-Project/Content/Assets/digSites/gold/sandpile2gold.uasset" 4149
"../../../../../../Users/darcy/Documents/Unreal Projects/UnitB-Project/Content/Assets/digSites/gold/sandpile2_DefaultMaterial_BaseColor.uasset" 4150
"../../../../../../Users/darcy/Documents/Unreal Projects/UnitB-Project/Content/Assets/digSites/gold/sandpile2_DefaultMaterial_Normal.uasset" 4151
"../../../../../../Users/darcy/Documents/Unreal Projects/UnitB-Project/Content/Assets/digSites/gold/sandpile2_DefaultMaterial_OcclusionRoughnessMetallic.uasset" 4152
"/Game/__ExternalActors__/FirstPerson/Lvl_FirstPerson/1/XG/TSHVMH8470N9K40SNUXBI1" 4153
"../../../../../../Users/darcy/Documents/Unreal Projects/UnitB-Project/Content/__ExternalActors__/FirstPerson/Lvl_FirstPerson/1/XG/TSHVMH8470N9K40SNUXBI1.uasset" 4154
"../../../../../../Users/darcy/Documents/Unreal Projects/UnitB-Project/Content/Assets/MODULARlevel/meshes/Modular_wall_three_trimsheet_one.uasset" 4155
"/Game/__ExternalActors__/FirstPerson/Lvl_FirstPerson/1/Z9/05URL4NTQ1WCNAOMMTC0U2" 4156
"../../../../../../Users/darcy/Documents/Unreal Projects/UnitB-Project/Content/__ExternalActors__/FirstPerson/Lvl_FirstPerson/1/Z9/05URL4NTQ1WCNAOMMTC0U2.uasset" 4157
"/Game/__ExternalActors__/FirstPerson/Lvl_FirstPerson/2/4J/T8WO6DGB2DIE7V7Z0Z32WJ" 4158
"../../../../../../Users/darcy/Documents/Unreal Projects/UnitB-Project/Content/__ExternalActors__/FirstPerson/Lvl_FirstPerson/2/4J/T8WO6DGB2DIE7V7Z0Z32WJ.uasset" 4159
"/Game/__ExternalActors__/FirstPerson/Lvl_FirstPerson/2/6S/DHYO938NXUM3H2SGVVLC95" 4160
"../../../../../../Users/darcy/Documents/Unreal Projects/UnitB-Project/Content/__ExternalActors__/FirstPerson/Lvl_FirstPerson/2/6S/DHYO938NXUM3H2SGVVLC95.uasset" 4161
"/Game/__ExternalActors__/FirstPerson/Lvl_FirstPerson/2/E7/QL6B0PPR1ZE34KGQ4VBP45" 4162
"../../../../../../Users/darcy/Documents/Unreal Projects/UnitB-Project/Content/__ExternalActors__/FirstPerson/Lvl_FirstPerson/2/E7/QL6B0PPR1ZE34KGQ4VBP45.uasset" 4163
"/Game/__ExternalActors__/FirstPerson/Lvl_FirstPerson/2/EG/CIZR6W2NYH4Y5P8G67XOU0" 4164
"../../../../../../Users/darcy/Documents/Unreal Projects/UnitB-Project/Content/__ExternalActors__/FirstPerson/Lvl_FirstPerson/2/EG/CIZR6W2NYH4Y5P8G67XOU0.uasset" 4165
"/Game/__ExternalActors__/FirstPerson/Lvl_FirstPerson/2/GB/QD9O1K29S2WMST37ZLPIW2" 4166
"../../../../../../Users/darcy/Documents/Unreal Projects/UnitB-Project/Content/__ExternalActors__/FirstPerson/Lvl_FirstPerson/2/GB/QD9O1K29S2WMST37ZLPIW2.uasset" 4167
"/Game/__ExternalActors__/FirstPerson/Lvl_FirstPerson/2/GN/137XKFEFUPZH0QBNA7KSM6" 4168
"../../../../../../Users/darcy/Documents/Unreal Projects/UnitB-Project/Content/__ExternalActors__/FirstPerson/Lvl_FirstPerson/2/GN/137XKFEFUPZH0QBNA7KSM6.uasset" 4169
"/Game/__ExternalActors__/FirstPerson/Lvl_FirstPerson/2/L8/3PDVRA0JABZQUKULFOI503" 4170
"../../../../../../Users/darcy/Documents/Unreal Projects/UnitB-Project/Content/__ExternalActors__/FirstPerson/Lvl_FirstPerson/2/L8/3PDVRA0JABZQUKULFOI503.uasset" 4171
"/Game/__ExternalActors__/FirstPerson/Lvl_FirstPerson/2/NQ/AULUD2N8OEBTIZB3F662JP" 4172
"../../../../../../Users/darcy/Documents/Unreal Projects/UnitB-Project/Content/__ExternalActors__/FirstPerson/Lvl_FirstPerson/2/NQ/AULUD2N8OEBTIZB3F662JP.uasset" 4173
"../../../../../../Users/darcy/Documents/Unreal Projects/UnitB-Project/Content/Dev/Darcy/Blueprints/ExcavationGame/BP_ExcavationDirt.uasset" 4174
"../../../../../../Users/darcy/Documents/Unreal Projects/UnitB-Project/Content/Assets/sandPileMINIGAME/Sand_Pile_Mini-game1.uasset" 4175
"../../../../../../Users/darcy/Documents/Unreal Projects/UnitB-Project/Content/Assets/sandPileMINIGAME/minigamesandpilemat.uasset" 4176
"../../../../../../Users/darcy/Documents/Unreal Projects/UnitB-Project/Content/Assets/sandPileMINIGAME/sandpile_testing_openPBR_shader1_BaseColor.uasset" 4177
"../../../../../../Users/darcy/Documents/Unreal Projects/UnitB-Project/Content/Assets/sandPileMINIGAME/sandpile_testing_openPBR_shader1_Normal.uasset" 4178
"../../../../../../Users/darcy/Documents/Unreal Projects/UnitB-Project/Content/Assets/sandPileMINIGAME/sandpile_testing_openPBR_shader1_OcclusionRoughnessMetallic.uasset" 4179
"../../../../../../Users/darcy/Documents/Unreal Projects/UnitB-Project/Content/Assets/sandPileMINIGAME/sandpile_testing_openPBR_shader1_Opacity.uasset" 4180
"/Game/__ExternalActors__/FirstPerson/Lvl_FirstPerson/2/RB/UDCYWI8K2A6DORP5UDCEMG" 4181
"../../../../../../Users/darcy/Documents/Unreal Projects/UnitB-Project/Content/__ExternalActors__/FirstPerson/Lvl_FirstPerson/2/RB/UDCYWI8K2A6DORP5UDCEMG.uasset" 4182
"/Game/__ExternalActors__/FirstPerson/Lvl_FirstPerson/2/YJ/XGSLBNYNMTB7NU6V54NYK8" 4183
"../../../../../../Users/darcy/Documents/Unreal Projects/UnitB-Project/Content/__ExternalActors__/FirstPerson/Lvl_FirstPerson/2/YJ/XGSLBNYNMTB7NU6V54NYK8.uasset" 4184
"/Game/__ExternalActors__/FirstPerson/Lvl_FirstPerson/3/A0/05NDN6CLF23U4I3XORLTHR" 4185
"../../../../../../Users/darcy/Documents/Unreal Projects/UnitB-Project/Content/__ExternalActors__/FirstPerson/Lvl_FirstPerson/3/A0/05NDN6CLF23U4I3XORLTHR.uasset" 4186
"/Game/__ExternalActors__/FirstPerson/Lvl_FirstPerson/3/GN/W7J72Y5G3YDJPGNPEVSPVX" 4187
"../../../../../../Users/darcy/Documents/Unreal Projects/UnitB-Project/Content/__ExternalActors__/FirstPerson/Lvl_FirstPerson/3/GN/W7J72Y5G3YDJPGNPEVSPVX.uasset" 4188
"../../../../../../Users/darcy/Documents/Unreal Projects/UnitB-Project/Content/Assets/chisel/chisel.uasset" 4189
"../../../../../../Users/darcy/Documents/Unreal Projects/UnitB-Project/Content/Assets/chisel/chiselmat.uasset" 4190
"../../../../../../Users/darcy/Documents/Unreal Projects/UnitB-Project/Content/Assets/chisel/chisel_DefaultMaterial_BaseColor.uasset" 4191
"../../../../../../Users/darcy/Documents/Unreal Projects/UnitB-Project/Content/Assets/chisel/chisel_DefaultMaterial_Normal.uasset" 4192
"../../../../../../Users/darcy/Documents/Unreal Projects/UnitB-Project/Content/Assets/chisel/chisel_DefaultMaterial_OcclusionRoughnessMetallic.uasset" 4193
"/Game/__ExternalActors__/FirstPerson/Lvl_FirstPerson/3/HY/JYJPYWKSMG4EESFSGM5KBX" 4194
"../../../../../../Users/darcy/Documents/Unreal Projects/UnitB-Project/Content/__ExternalActors__/FirstPerson/Lvl_FirstPerson/3/HY/JYJPYWKSMG4EESFSGM5KBX.uasset" 4195
"../../../../../../Users/darcy/Documents/Unreal Projects/UnitB-Project/Content/Assets/magnifyingglass/Magnifying_glass.uasset" 4196
"../../../../../../Users/darcy/Documents/Unreal Projects/UnitB-Project/Content/Assets/magnifyingglass/standardSurface1.uasset" 4197
"../../../../../../Users/darcy/Documents/Unreal Projects/UnitB-Project/Content/Assets/magnifyingglass/Magnifying_glass_standardSurface1_BaseColor.uasset" 4198
"../../../../../../Users/darcy/Documents/Unreal Projects/UnitB-Project/Content/Assets/magnifyingglass/Magnifying_glass_standardSurface1_Normal.uasset" 4199
"../../../../../../Users/darcy/Documents/Unreal Projects/UnitB-Project/Content/Assets/magnifyingglass/Magnifying_glass_standardSurface1_OcclusionRoughnessMetallic.uasset" 4200
"/Game/__ExternalActors__/FirstPerson/Lvl_FirstPerson/3/JF/ET99TSANH0Z8UEW0QAW2TS" 4201
"../../../../../../Users/darcy/Documents/Unreal Projects/UnitB-Project/Content/__ExternalActors__/FirstPerson/Lvl_FirstPerson/3/JF/ET99TSANH0Z8UEW0QAW2TS.uasset" 4202
"/Game/__ExternalActors__/FirstPerson/Lvl_FirstPerson/3/MQ/C01KDR9ITUIW2VQTGXSJWA" 4203
"../../../../../../Users/darcy/Documents/Unreal Projects/UnitB-Project/Content/__ExternalActors__/FirstPerson/Lvl_FirstPerson/3/MQ/C01KDR9ITUIW2VQTGXSJWA.uasset" 4204
"/Game/__ExternalActors__/FirstPerson/Lvl_FirstPerson/3/QA/31F94Q1GQCM9EVDNNLUW2B" 4205
"../../../../../../Users/darcy/Documents/Unreal Projects/UnitB-Project/Content/__ExternalActors__/FirstPerson/Lvl_FirstPerson/3/QA/31F94Q1GQCM9EVDNNLUW2B.uasset" 4206
"/Game/__ExternalActors__/FirstPerson/Lvl_FirstPerson/3/VE/QNQ07O52U2W0IBC8SJQN16" 4207
"../../../../../../Users/darcy/Documents/Unreal Projects/UnitB-Project/Content/__ExternalActors__/FirstPerson/Lvl_FirstPerson/3/VE/QNQ07O52U2W0IBC8SJQN16.uasset" 4208
"/Game/__ExternalActors__/FirstPerson/Lvl_FirstPerson/3/YL/WA81XEZXQC4QP6V1MIS4IE" 4209
"../../../../../../Users/darcy/Documents/Unreal Projects/UnitB-Project/Content/__ExternalActors__/FirstPerson/Lvl_FirstPerson/3/YL/WA81XEZXQC4QP6V1MIS4IE.uasset" 4210
"/Game/__ExternalActors__/FirstPerson/Lvl_FirstPerson/3/YX/KB49PY6662A04GN0ZMOBID" 4211
"../../../../../../Users/darcy/Documents/Unreal Projects/UnitB-Project/Content/__ExternalActors__/FirstPerson/Lvl_FirstPerson/3/YX/KB49PY6662A04GN0ZMOBID.uasset" 4212
"/Game/__ExternalActors__/FirstPerson/Lvl_FirstPerson/3/ZB/5Z446OMCABJT9IYLVVYYK1" 4213
"../../../../../../Users/darcy/Documents/Unreal Projects/UnitB-Project/Content/__ExternalActors__/FirstPerson/Lvl_FirstPerson/3/ZB/5Z446OMCABJT9IYLVVYYK1.uasset" 4214
"/Game/__ExternalActors__/FirstPerson/Lvl_FirstPerson/4/6P/6F95R4Q11AAZQMAQBB0H1R" 4215
"../../../../../../Users/darcy/Documents/Unreal Projects/UnitB-Project/Content/__ExternalActors__/FirstPerson/Lvl_FirstPerson/4/6P/6F95R4Q11AAZQMAQBB0H1R.uasset" 4216
"/Game/__ExternalActors__/FirstPerson/Lvl_FirstPerson/4/7C/J25R18QV82TO3L7JUA0LIA" 4217
"../../../../../../Users/darcy/Documents/Unreal Projects/UnitB-Project/Content/__ExternalActors__/FirstPerson/Lvl_FirstPerson/4/7C/J25R18QV82TO3L7JUA0LIA.uasset" 4218
"../../../../../../Users/darcy/Documents/Unreal Projects/UnitB-Project/Content/Assets/talllight/talllight.uasset" 4219
"../../../../../../Users/darcy/Documents/Unreal Projects/UnitB-Project/Content/Assets/talllight/lambert1.uasset" 4220
"../../../../../../Users/darcy/Documents/Unreal Projects/UnitB-Project/Content/Assets/talllight/lambert1_Base_color.uasset" 4221
"../../../../../../Users/darcy/Documents/Unreal Projects/UnitB-Project/Content/Assets/talllight/lambert1_Height.uasset" 4222
"../../../../../../Users/darcy/Documents/Unreal Projects/UnitB-Project/Content/Assets/talllight/lambert1_Metallic.uasset" 4223
"../../../../../../Users/darcy/Documents/Unreal Projects/UnitB-Project/Content/Assets/talllight/lambert1_Normal.uasset" 4224
"../../../../../../Users/darcy/Documents/Unreal Projects/UnitB-Project/Content/Assets/talllight/lambert1_Roughness.uasset" 4225
"/Game/__ExternalActors__/FirstPerson/Lvl_FirstPerson/4/9G/KPEZJU062LCB0RIQV80G5Q" 4226
"../../../../../../Users/darcy/Documents/Unreal Projects/UnitB-Project/Content/__ExternalActors__/FirstPerson/Lvl_FirstPerson/4/9G/KPEZJU062LCB0RIQV80G5Q.uasset" 4227
"/Game/__ExternalActors__/FirstPerson/Lvl_FirstPerson/4/AU/5S9KSN5KCFC65Y4MXMGK14" 4228
"../../../../../../Users/darcy/Documents/Unreal Projects/UnitB-Project/Content/__ExternalActors__/FirstPerson/Lvl_FirstPerson/4/AU/5S9KSN5KCFC65Y4MXMGK14.uasset" 4229
"/Game/__ExternalActors__/FirstPerson/Lvl_FirstPerson/4/BS/AZ5QRRJ7UX18CIJXCL60WQ" 4230
"../../../../../../Users/darcy/Documents/Unreal Projects/UnitB-Project/Content/__ExternalActors__/FirstPerson/Lvl_FirstPerson/4/BS/AZ5QRRJ7UX18CIJXCL60WQ.uasset" 4231
"/Game/__ExternalActors__/FirstPerson/Lvl_FirstPerson/4/DG/GI1QKIA6DL4L20J53FTHA1" 4232
"../../../../../../Users/darcy/Documents/Unreal Projects/UnitB-Project/Content/__ExternalActors__/FirstPerson/Lvl_FirstPerson/4/DG/GI1QKIA6DL4L20J53FTHA1.uasset" 4233
"/Game/__ExternalActors__/FirstPerson/Lvl_FirstPerson/4/HN/ZT4B5ZQLCMOTZPS007YMP6" 4234
"../../../../../../Users/darcy/Documents/Unreal Projects/UnitB-Project/Content/__ExternalActors__/FirstPerson/Lvl_FirstPerson/4/HN/ZT4B5ZQLCMOTZPS007YMP6.uasset" 4235
"/Game/__ExternalActors__/FirstPerson/Lvl_FirstPerson/4/IE/I8IKXHZLNPCLKHZXPDKV5J" 4236
"../../../../../../Users/darcy/Documents/Unreal Projects/UnitB-Project/Content/__ExternalActors__/FirstPerson/Lvl_FirstPerson/4/IE/I8IKXHZLNPCLKHZXPDKV5J.uasset" 4237
"/Game/__ExternalActors__/FirstPerson/Lvl_FirstPerson/4/IK/0QJ6D9A2LQ2QZQI702W9JJ" 4238
"../../../../../../Users/darcy/Documents/Unreal Projects/UnitB-Project/Content/__ExternalActors__/FirstPerson/Lvl_FirstPerson/4/IK/0QJ6D9A2LQ2QZQI702W9JJ.uasset" 4239
"/Game/__ExternalActors__/FirstPerson/Lvl_FirstPerson/4/NT/STXMQCHBIV5QRH4C6XEKZE" 4240
"../../../../../../Users/darcy/Documents/Unreal Projects/UnitB-Project/Content/__ExternalActors__/FirstPerson/Lvl_FirstPerson/4/NT/STXMQCHBIV5QRH4C6XEKZE.uasset" 4241
"/Game/__ExternalActors__/FirstPerson/Lvl_FirstPerson/4/R0/LVI56CYEM11TV6F6B1WJY4" 4242
"../../../../../../Users/darcy/Documents/Unreal Projects/UnitB-Project/Content/__ExternalActors__/FirstPerson/Lvl_FirstPerson/4/R0/LVI56CYEM11TV6F6B1WJY4.uasset" 4243
"/Game/__ExternalActors__/FirstPerson/Lvl_FirstPerson/4/RV/A9TDRB4DW4H3392TRDUAK4" 4244
"../../../../../../Users/darcy/Documents/Unreal Projects/UnitB-Project/Content/__ExternalActors__/FirstPerson/Lvl_FirstPerson/4/RV/A9TDRB4DW4H3392TRDUAK4.uasset" 4245
"/Game/__ExternalActors__/FirstPerson/Lvl_FirstPerson/4/V0/ZW57WQVXZC994PSC9XMS3F" 4246
"../../../../../../Users/darcy/Documents/Unreal Projects/UnitB-Project/Content/__ExternalActors__/FirstPerson/Lvl_FirstPerson/4/V0/ZW57WQVXZC994PSC9XMS3F.uasset" 4247
"/Game/__ExternalActors__/FirstPerson/Lvl_FirstPerson/4/VH/2L7DMQRKNGQDADK1IR9EAL" 4248
"../../../../../../Users/darcy/Documents/Unreal Projects/UnitB-Project/Content/__ExternalActors__/FirstPerson/Lvl_FirstPerson/4/VH/2L7DMQRKNGQDADK1IR9EAL.uasset" 4249
"/Game/__ExternalActors__/FirstPerson/Lvl_FirstPerson/4/WG/U2AV2Z2EW6JHUR7WPH8095" 4250
"../../../../../../Users/darcy/Documents/Unreal Projects/UnitB-Project/Content/__ExternalActors__/FirstPerson/Lvl_FirstPerson/4/WG/U2AV2Z2EW6JHUR7WPH8095.uasset" 4251
"/Game/__ExternalActors__/FirstPerson/Lvl_FirstPerson/4/XL/U0BAKX7624EKY7QR8W4QDX" 4252
"../../../../../../Users/darcy/Documents/Unreal Projects/UnitB-Project/Content/__ExternalActors__/FirstPerson/Lvl_FirstPerson/4/XL/U0BAKX7624EKY7QR8W4QDX.uasset" 4253
"/Game/__ExternalActors__/FirstPerson/Lvl_FirstPerson/4/ZY/ZZ06C7Q6NFW1IB8Q175BST" 4254
"../../../../../../Users/darcy/Documents/Unreal Projects/UnitB-Project/Content/__ExternalActors__/FirstPerson/Lvl_FirstPerson/4/ZY/ZZ06C7Q6NFW1IB8Q175BST.uasset" 4255
"/Game/__ExternalActors__/FirstPerson/Lvl_FirstPerson/5/06/H92WVA6FFD0MF8IR05T9W4" 4256
"../../../../../../Users/darcy/Documents/Unreal Projects/UnitB-Project/Content/__ExternalActors__/FirstPerson/Lvl_FirstPerson/5/06/H92WVA6FFD0MF8IR05T9W4.uasset" 4257
"/Game/__ExternalActors__/FirstPerson/Lvl_FirstPerson/5/1S/IIY5CE94QZ4QATQX9L4YSZ" 4258
"../../../../../../Users/darcy/Documents/Unreal Projects/UnitB-Project/Content/__ExternalActors__/FirstPerson/Lvl_FirstPerson/5/1S/IIY5CE94QZ4QATQX9L4YSZ.uasset" 4259
"/Game/__ExternalActors__/FirstPerson/Lvl_FirstPerson/5/2M/C0EAJFMPWJ3I26798Q5BVJ" 4260
"../../../../../../Users/darcy/Documents/Unreal Projects/UnitB-Project/Content/__ExternalActors__/FirstPerson/Lvl_FirstPerson/5/2M/C0EAJFMPWJ3I26798Q5BVJ.uasset" 4261
"../../../../../../Users/darcy/Documents/Unreal Projects/UnitB-Project/Content/Assets/MODULARlevel/meshes/Modular_corner_two_trimsheet_one.uasset" 4262
"/Game/__ExternalActors__/FirstPerson/Lvl_FirstPerson/5/39/ITI38YFWDNRQ69G245IQMG" 4263
"../../../../../../Users/darcy/Documents/Unreal Projects/UnitB-Project/Content/__ExternalActors__/FirstPerson/Lvl_FirstPerson/5/39/ITI38YFWDNRQ69G245IQMG.uasset" 4264
"/Game/__ExternalActors__/FirstPerson/Lvl_FirstPerson/5/5Q/6ABB2R56PK2PAWVYJGW0VP" 4265
"../../../../../../Users/darcy/Documents/Unreal Projects/UnitB-Project/Content/__ExternalActors__/FirstPerson/Lvl_FirstPerson/5/5Q/6ABB2R56PK2PAWVYJGW0VP.uasset" 4266
"/Game/__ExternalActors__/FirstPerson/Lvl_FirstPerson/5/78/3NLX6CIEQC2PPK9XLQA81D" 4267
"../../../../../../Users/darcy/Documents/Unreal Projects/UnitB-Project/Content/__ExternalActors__/FirstPerson/Lvl_FirstPerson/5/78/3NLX6CIEQC2PPK9XLQA81D.uasset" 4268
"../../../../../../Users/darcy/Documents/Unreal Projects/UnitB-Project/Content/Assets/MODULARlevel/meshes/Modular_wall_four_trimsheet_one.uasset" 4269
"/Game/__ExternalActors__/FirstPerson/Lvl_FirstPerson/5/82/9ZA8QLHIKEFQ7PU6I1MB4H" 4270
"../../../../../../Users/darcy/Documents/Unreal Projects/UnitB-Project/Content/__ExternalActors__/FirstPerson/Lvl_FirstPerson/5/82/9ZA8QLHIKEFQ7PU6I1MB4H.uasset" 4271
"../../../../../../Users/darcy/Documents/Unreal Projects/UnitB-Project/Content/Dev/Darcy/Blueprints/ExcavationGame/BP_DugItem.uasset" 4272
"../../../../../../Users/darcy/Documents/Unreal Projects/UnitB-Project/Content/__ExternalActors__/FirstPerson/Lvl_FirstPerson/D/TP/TXSG7UCRRGKZLXUR1H271L.uasset" 4273
"/Game/__ExternalActors__/FirstPerson/Lvl_FirstPerson/C/HX/L5X92Z0HTDSDWAX5D2ZKA8" 4274
"../../../../../../Users/darcy/Documents/Unreal Projects/UnitB-Project/Content/__ExternalActors__/FirstPerson/Lvl_FirstPerson/C/HX/L5X92Z0HTDSDWAX5D2ZKA8.uasset" 4275
"/Game/__ExternalActors__/FirstPerson/Lvl_FirstPerson/5/94/LQGDO9CMJNJAMHSWCDRUVV" 4276
"../../../../../../Users/darcy/Documents/Unreal Projects/UnitB-Project/Content/__ExternalActors__/FirstPerson/Lvl_FirstPerson/5/94/LQGDO9CMJNJAMHSWCDRUVV.uasset" 4277
"/Game/__ExternalActors__/FirstPerson/Lvl_FirstPerson/5/B2/7D8GGE977NDP6A2DKTQTRJ" 4278
"../../../../../../Users/darcy/Documents/Unreal Projects/UnitB-Project/Content/__ExternalActors__/FirstPerson/Lvl_FirstPerson/5/B2/7D8GGE977NDP6A2DKTQTRJ.uasset" 4279
"/Game/__ExternalActors__/FirstPerson/Lvl_FirstPerson/5/E2/C1EHZERZ3F16VLDQWHK1I8" 4280
"../../../../../../Users/darcy/Documents/Unreal Projects/UnitB-Project/Content/__ExternalActors__/FirstPerson/Lvl_FirstPerson/5/E2/C1EHZERZ3F16VLDQWHK1I8.uasset" 4281
"../../../../../../Users/darcy/Documents/Unreal Projects/UnitB-Project/Content/highlightMaterial.uasset" 4282
"../../../Engine/Content/Functions/Engine_MaterialFunctions02/Utility/MakeFloat4.uasset" 4283
"/Game/__ExternalActors__/FirstPerson/Lvl_FirstPerson/5/FQ/WNLJDZSALUMMQLG21DNI5F" 4284
"../../../../../../Users/darcy/Documents/Unreal Projects/UnitB-Project/Content/__ExternalActors__/FirstPerson/Lvl_FirstPerson/5/FQ/WNLJDZSALUMMQLG21DNI5F.uasset" 4285
"/Game/__ExternalActors__/FirstPerson/Lvl_FirstPerson/5/GD/O2VETOLTFFWZB0153AWRZQ" 4286
"../../../../../../Users/darcy/Documents/Unreal Projects/UnitB-Project/Content/__ExternalActors__/FirstPerson/Lvl_FirstPerson/5/GD/O2VETOLTFFWZB0153AWRZQ.uasset" 4287
"/Game/__ExternalActors__/FirstPerson/Lvl_FirstPerson/5/J1/OTYVBHAZRU3JHZABOGTVX9" 4288
"../../../../../../Users/darcy/Documents/Unreal Projects/UnitB-Project/Content/__ExternalActors__/FirstPerson/Lvl_FirstPerson/5/J1/OTYVBHAZRU3JHZABOGTVX9.uasset" 4289
"/Game/__ExternalActors__/FirstPerson/Lvl_FirstPerson/5/MZ/28N9Q573Z6VRDRRR9QC4GZ" 4290
"../../../../../../Users/darcy/Documents/Unreal Projects/UnitB-Project/Content/__ExternalActors__/FirstPerson/Lvl_FirstPerson/5/MZ/28N9Q573Z6VRDRRR9QC4GZ.uasset" 4291
"/Game/__ExternalActors__/FirstPerson/Lvl_FirstPerson/5/SH/EBOGSJKOZYH9EQGXVD7JJQ" 4292
"../../../../../../Users/darcy/Documents/Unreal Projects/UnitB-Project/Content/__ExternalActors__/FirstPerson/Lvl_FirstPerson/5/SH/EBOGSJKOZYH9EQGXVD7JJQ.uasset" 4293
"/Game/__ExternalActors__/FirstPerson/Lvl_FirstPerson/5/TA/K51TOWQOROD3CU9F7GTSVM" 4294
"../../../../../../Users/darcy/Documents/Unreal Projects/UnitB-Project/Content/__ExternalActors__/FirstPerson/Lvl_FirstPerson/5/TA/K51TOWQOROD3CU9F7GTSVM.uasset" 4295
"../../../../../../Users/darcy/Documents/Unreal Projects/UnitB-Project/Content/Assets/MODULARlevel/floors/corner_floor.uasset" 4296
"../../../../../../Users/darcy/Documents/Unreal Projects/UnitB-Project/Content/Assets/MODULARlevel/floors/floors.uasset" 4297
"../../../../../../Users/darcy/Documents/Unreal Projects/UnitB-Project/Content/Assets/MODULARlevel/floors/Floor_Parts_floor_standardSurface1_BaseColor.uasset" 4298
"../../../../../../Users/darcy/Documents/Unreal Projects/UnitB-Project/Content/Assets/MODULARlevel/floors/Floor_Parts_floor_standardSurface1_Normal.uasset" 4299
"../../../../../../Users/darcy/Documents/Unreal Projects/UnitB-Project/Content/Assets/MODULARlevel/floors/Floor_Parts_floor_standardSurface1_OcclusionRoughnessMetallic.uasset" 4300
"/Game/__ExternalActors__/FirstPerson/Lvl_FirstPerson/5/TS/FGWYIY1PRZ1GIB86KBHVVT" 4301
"../../../../../../Users/darcy/Documents/Unreal Projects/UnitB-Project/Content/__ExternalActors__/FirstPerson/Lvl_FirstPerson/5/TS/FGWYIY1PRZ1GIB86KBHVVT.uasset" 4302
"../../../../../../Users/darcy/Documents/Unreal Projects/UnitB-Project/Content/Assets/MODULARlevel/meshes/trimsheet_two_Modular_wall_four_.uasset" 4303
"/Game/__ExternalActors__/FirstPerson/Lvl_FirstPerson/5/UU/1ZY1QFVHRWZSP8YI4VZLMK" 4304
"../../../../../../Users/darcy/Documents/Unreal Projects/UnitB-Project/Content/__ExternalActors__/FirstPerson/Lvl_FirstPerson/5/UU/1ZY1QFVHRWZSP8YI4VZLMK.uasset" 4305
"../../../Engine/Content/EngineSky/M_SimpleSkyDome.uasset" 4306
"../../../Engine/Content/EngineSky/SM_SkySphere.uasset" 4307
"../../../Engine/Content/EngineSky/M_Sky_Panning_Clouds2.uasset" 4308
"../../../Engine/Content/EngineSky/T_Sky_Blue.uasset" 4309
"../../../Engine/Content/EngineSky/T_Sky_Clouds_M.uasset" 4310
"../../../Engine/Content/EngineSky/T_Sky_Stars.uasset" 4311
"/Game/__ExternalActors__/FirstPerson/Lvl_FirstPerson/5/VU/0GWDNS0GO9SQN5N9SNL0W1" 4312
"../../../../../../Users/darcy/Documents/Unreal Projects/UnitB-Project/Content/__ExternalActors__/FirstPerson/Lvl_FirstPerson/5/VU/0GWDNS0GO9SQN5N9SNL0W1.uasset" 4313
"/Game/__ExternalActors__/FirstPerson/Lvl_FirstPerson/5/VX/LLD2RNAROCIDZBDWB22K3T" 4314
"../../../../../../Users/darcy/Documents/Unreal Projects/UnitB-Project/Content/__ExternalActors__/FirstPerson/Lvl_FirstPerson/5/VX/LLD2RNAROCIDZBDWB22K3T.uasset" 4315
"/Game/__ExternalActors__/FirstPerson/Lvl_FirstPerson/6/38/QMWT9VVGH2OMKI1H0G6FTW" 4316
"../../../../../../Users/darcy/Documents/Unreal Projects/UnitB-Project/Content/__ExternalActors__/FirstPerson/Lvl_FirstPerson/6/38/QMWT9VVGH2OMKI1H0G6FTW.uasset" 4317
"../../../../../../Users/darcy/Documents/Unreal Projects/UnitB-Project/Content/Assets/MODULARlevel/meshes/trimsheet_two_Modular_wall_three_.uasset" 4318
"/Game/__ExternalActors__/FirstPerson/Lvl_FirstPerson/6/3F/RHJ67IUAWJY2OHWES44HAL" 4319
"../../../../../../Users/darcy/Documents/Unreal Projects/UnitB-Project/Content/__ExternalActors__/FirstPerson/Lvl_FirstPerson/6/3F/RHJ67IUAWJY2OHWES44HAL.uasset" 4320
"../../../../../../Users/darcy/Documents/Unreal Projects/UnitB-Project/Content/Assets/MODULARlevel/floors/long_floor.uasset" 4321
"/Game/__ExternalActors__/FirstPerson/Lvl_FirstPerson/6/63/PB3UO8L2YQN1KFA29213BV" 4322
"../../../../../../Users/darcy/Documents/Unreal Projects/UnitB-Project/Content/__ExternalActors__/FirstPerson/Lvl_FirstPerson/6/63/PB3UO8L2YQN1KFA29213BV.uasset" 4323
"/Game/__ExternalActors__/FirstPerson/Lvl_FirstPerson/6/96/JEF6NHSL8XXSCQTOUZMFM6" 4324
"../../../../../../Users/darcy/Documents/Unreal Projects/UnitB-Project/Content/__ExternalActors__/FirstPerson/Lvl_FirstPerson/6/96/JEF6NHSL8XXSCQTOUZMFM6.uasset" 4325
"/Game/__ExternalActors__/FirstPerson/Lvl_FirstPerson/6/A0/J9TR3G4XO1CUA0F4TTDLZ7" 4326
"../../../../../../Users/darcy/Documents/Unreal Projects/UnitB-Project/Content/__ExternalActors__/FirstPerson/Lvl_FirstPerson/6/A0/J9TR3G4XO1CUA0F4TTDLZ7.uasset" 4327
"/Game/__ExternalActors__/FirstPerson/Lvl_FirstPerson/6/AY/M3WF9KVARZ6NH6Z75S2E3R" 4328
"../../../../../../Users/darcy/Documents/Unreal Projects/UnitB-Project/Content/__ExternalActors__/FirstPerson/Lvl_FirstPerson/6/AY/M3WF9KVARZ6NH6Z75S2E3R.uasset" 4329
"/Game/__ExternalActors__/FirstPerson/Lvl_FirstPerson/6/DK/XMET08KVKUDG3JX5TIMYJA" 4330
"../../../../../../Users/darcy/Documents/Unreal Projects/UnitB-Project/Content/__ExternalActors__/FirstPerson/Lvl_FirstPerson/6/DK/XMET08KVKUDG3JX5TIMYJA.uasset" 4331
"/Game/__ExternalActors__/FirstPerson/Lvl_FirstPerson/6/DR/04JU82K7Z6WDNVUBQDICZQ" 4332
"../../../../../../Users/darcy/Documents/Unreal Projects/UnitB-Project/Content/__ExternalActors__/FirstPerson/Lvl_FirstPerson/6/DR/04JU82K7Z6WDNVUBQDICZQ.uasset" 4333
"/Game/__ExternalActors__/FirstPerson/Lvl_FirstPerson/6/GJ/SW84I6B99325MX5KM8ZQ6D" 4334
"../../../../../../Users/darcy/Documents/Unreal Projects/UnitB-Project/Content/__ExternalActors__/FirstPerson/Lvl_FirstPerson/6/GJ/SW84I6B99325MX5KM8ZQ6D.uasset" 4335
"../../../../../../Users/darcy/Documents/Unreal Projects/UnitB-Project/Content/Assets/MODULARlevel/meshes/trimsheet_two_Modular_Door_one_.uasset" 4336
"/Game/__ExternalActors__/FirstPerson/Lvl_FirstPerson/6/KX/EZHESC9RM599KFX9DQGB9H" 4337
"../../../../../../Users/darcy/Documents/Unreal Projects/UnitB-Project/Content/__ExternalActors__/FirstPerson/Lvl_FirstPerson/6/KX/EZHESC9RM599KFX9DQGB9H.uasset" 4338
"/Game/__ExternalActors__/FirstPerson/Lvl_FirstPerson/6/M5/EMEVJ1TELFWE7KOYGM6J6D" 4339
"../../../../../../Users/darcy/Documents/Unreal Projects/UnitB-Project/Content/__ExternalActors__/FirstPerson/Lvl_FirstPerson/6/M5/EMEVJ1TELFWE7KOYGM6J6D.uasset" 4340
"/Game/__ExternalActors__/FirstPerson/Lvl_FirstPerson/6/MT/MYHB7D6NOL9XLZ4YEKF8BA" 4341
"../../../../../../Users/darcy/Documents/Unreal Projects/UnitB-Project/Content/__ExternalActors__/FirstPerson/Lvl_FirstPerson/6/MT/MYHB7D6NOL9XLZ4YEKF8BA.uasset" 4342
"/Game/__ExternalActors__/FirstPerson/Lvl_FirstPerson/6/MX/DV1ANLK2DRTSVACULWDSGE" 4343
"../../../../../../Users/darcy/Documents/Unreal Projects/UnitB-Project/Content/__ExternalActors__/FirstPerson/Lvl_FirstPerson/6/MX/DV1ANLK2DRTSVACULWDSGE.uasset" 4344
"../../../../../../Users/darcy/Documents/Unreal Projects/UnitB-Project/Content/Assets/cat/cat.uasset" 4345
"../../../../../../Users/darcy/Documents/Unreal Projects/UnitB-Project/Content/Assets/cat/lambert1.uasset" 4346
"../../../../../../Users/darcy/Documents/Unreal Projects/UnitB-Project/Content/Assets/cat/lambert1_Base_color.uasset" 4347
"../../../../../../Users/darcy/Documents/Unreal Projects/UnitB-Project/Content/Assets/cat/lambert1_Height.uasset" 4348
"../../../../../../Users/darcy/Documents/Unreal Projects/UnitB-Project/Content/Assets/cat/lambert1_Metallic.uasset" 4349
"../../../../../../Users/darcy/Documents/Unreal Projects/UnitB-Project/Content/Assets/cat/lambert1_Mixed_AO.uasset" 4350
"../../../../../../Users/darcy/Documents/Unreal Projects/UnitB-Project/Content/Assets/cat/lambert1_Normal.uasset" 4351
"../../../../../../Users/darcy/Documents/Unreal Projects/UnitB-Project/Content/Assets/cat/lambert1_Roughness.uasset" 4352
"/Game/__ExternalActors__/FirstPerson/Lvl_FirstPerson/6/NT/1IUI5ZB2FCRC1YDIW2FIWZ" 4353
"../../../../../../Users/darcy/Documents/Unreal Projects/UnitB-Project/Content/__ExternalActors__/FirstPerson/Lvl_FirstPerson/6/NT/1IUI5ZB2FCRC1YDIW2FIWZ.uasset" 4354
"/Game/__ExternalActors__/FirstPerson/Lvl_FirstPerson/6/P3/OQ155R61JLAB1Q4XHI8Y55" 4355
"../../../../../../Users/darcy/Documents/Unreal Projects/UnitB-Project/Content/__ExternalActors__/FirstPerson/Lvl_FirstPerson/6/P3/OQ155R61JLAB1Q4XHI8Y55.uasset" 4356
"/Game/__ExternalActors__/FirstPerson/Lvl_FirstPerson/6/Q9/7R49BS1X3D5X1HUYBYTMV3" 4357
"../../../../../../Users/darcy/Documents/Unreal Projects/UnitB-Project/Content/__ExternalActors__/FirstPerson/Lvl_FirstPerson/6/Q9/7R49BS1X3D5X1HUYBYTMV3.uasset" 4358
"../../../../../../Users/darcy/Documents/Unreal Projects/UnitB-Project/Content/Assets/playertomb/Plane_079.uasset" 4359
"../../../../../../Users/darcy/Documents/Unreal Projects/UnitB-Project/Content/Assets/playertomb/playettombmat.uasset" 4360
"../../../../../../Users/darcy/Documents/Unreal Projects/UnitB-Project/Content/Assets/playertomb/playertomb_DefaultMaterial_BaseColor.uasset" 4361
"../../../../../../Users/darcy/Documents/Unreal Projects/UnitB-Project/Content/Assets/playertomb/playertomb_DefaultMaterial_Normal.uasset" 4362
"../../../../../../Users/darcy/Documents/Unreal Projects/UnitB-Project/Content/Assets/playertomb/playertomb_DefaultMaterial_OcclusionRoughnessMetallic.uasset" 4363
"/Game/__ExternalActors__/FirstPerson/Lvl_FirstPerson/6/QL/5E8EM7Z3JY5Y72UIIMHL7W" 4364
"../../../../../../Users/darcy/Documents/Unreal Projects/UnitB-Project/Content/__ExternalActors__/FirstPerson/Lvl_FirstPerson/6/QL/5E8EM7Z3JY5Y72UIIMHL7W.uasset" 4365
"/Game/__ExternalActors__/FirstPerson/Lvl_FirstPerson/6/R8/D5NVN0XK0Q21WI188109XN" 4366
"../../../../../../Users/darcy/Documents/Unreal Projects/UnitB-Project/Content/__ExternalActors__/FirstPerson/Lvl_FirstPerson/6/R8/D5NVN0XK0Q21WI188109XN.uasset" 4367
"../../../../../../Users/darcy/Documents/Unreal Projects/UnitB-Project/Content/Assets/sarcophagusv2/sarcophagus_lowpoly.uasset" 4368
"../../../../../../Users/darcy/Documents/Unreal Projects/UnitB-Project/Content/Assets/sarcophagusv2/lambert1.uasset" 4369
"../../../../../../Users/darcy/Documents/Unreal Projects/UnitB-Project/Content/Assets/sarcophagusv2/lambert1_Base_color.uasset" 4370
"../../../../../../Users/darcy/Documents/Unreal Projects/UnitB-Project/Content/Assets/sarcophagusv2/lambert1_Height.uasset" 4371
"../../../../../../Users/darcy/Documents/Unreal Projects/UnitB-Project/Content/Assets/sarcophagusv2/lambert1_Metallic.uasset" 4372
"../../../../../../Users/darcy/Documents/Unreal Projects/UnitB-Project/Content/Assets/sarcophagusv2/lambert1_Mixed_AO.uasset" 4373
"../../../../../../Users/darcy/Documents/Unreal Projects/UnitB-Project/Content/Assets/sarcophagusv2/lambert1_Normal.uasset" 4374
"../../../../../../Users/darcy/Documents/Unreal Projects/UnitB-Project/Content/Assets/sarcophagusv2/lambert1_Roughness.uasset" 4375
"/Game/__ExternalActors__/FirstPerson/Lvl_FirstPerson/6/RS/743KYQES2KAPO8XQ02256V" 4376
"../../../../../../Users/darcy/Documents/Unreal Projects/UnitB-Project/Content/__ExternalActors__/FirstPerson/Lvl_FirstPerson/6/RS/743KYQES2KAPO8XQ02256V.uasset" 4377
"/Game/__ExternalActors__/FirstPerson/Lvl_FirstPerson/6/S0/PQLESVPZS700R3M190BKWJ" 4378
"../../../../../../Users/darcy/Documents/Unreal Projects/UnitB-Project/Content/__ExternalActors__/FirstPerson/Lvl_FirstPerson/6/S0/PQLESVPZS700R3M190BKWJ.uasset" 4379
"../../../../../../Users/darcy/Documents/Unreal Projects/UnitB-Project/Content/Dev/Darcy/Blueprints/DayCycles/BP_Tomb.uasset" 4380
"../../../../../../Users/darcy/Documents/Unreal Projects/UnitB-Project/Content/Assets/sarcophagus/lambert1.uasset" 4381
"../../../../../../Users/darcy/Documents/Unreal Projects/UnitB-Project/Content/Assets/sarcophagus/sarcophagus_lowpoly.uasset" 4382
"../../../../../../Users/darcy/Documents/Unreal Projects/UnitB-Project/Content/Dev/Darcy/Widgets/WBP_EndDay.uasset" 4383
"../../../../../../Users/darcy/Documents/Unreal Projects/UnitB-Project/Content/Assets/sarcophagus/lambert1_Base_color.uasset" 4384
"../../../../../../Users/darcy/Documents/Unreal Projects/UnitB-Project/Content/Assets/sarcophagus/lambert1_Height.uasset" 4385
"../../../../../../Users/darcy/Documents/Unreal Projects/UnitB-Project/Content/Assets/sarcophagus/lambert1_Metallic.uasset" 4386
"../../../../../../Users/darcy/Documents/Unreal Projects/UnitB-Project/Content/Assets/sarcophagus/lambert1_Mixed_AO.uasset" 4387
"../../../../../../Users/darcy/Documents/Unreal Projects/UnitB-Project/Content/Assets/sarcophagus/lambert1_Normal.uasset" 4388
"../../../../../../Users/darcy/Documents/Unreal Projects/UnitB-Project/Content/Assets/sarcophagus/lambert1_Roughness.uasset" 4389
"/Game/__ExternalActors__/FirstPerson/Lvl_FirstPerson/6/T6/L943HOLOLRXMLV80BUC2I6" 4390
"../../../../../../Users/darcy/Documents/Unreal Projects/UnitB-Project/Content/__ExternalActors__/FirstPerson/Lvl_FirstPerson/6/T6/L943HOLOLRXMLV80BUC2I6.uasset" 4391
"../../../../../../Users/darcy/Documents/Unreal Projects/UnitB-Project/Content/Dev/Jamie/NPCs/NPC_Children/NPC_Anubis.uasset" 4392
"../../../../../../Users/darcy/Documents/Unreal Projects/UnitB-Project/Content/Dev/Jamie/Dialogue/Blueprints/Characters/AC_AnubisDialogue.uasset" 4393
"../../../../../../Users/darcy/Documents/Unreal Projects/UnitB-Project/Content/Dev/Jamie/NPCs/NPC_Base.uasset" 4394
"../../../../../../Users/darcy/Documents/Unreal Projects/UnitB-Project/Content/Dev/Jamie/Dialogue/Blueprints/AC_DialogueBase.uasset" 4395
"../../../../../../Users/darcy/Documents/Unreal Projects/UnitB-Project/Content/Dev/Jamie/Dialogue/Blueprints/Enum_Dialogue.uasset" 4396
"../../../../../../Users/darcy/Documents/Unreal Projects/UnitB-Project/Content/Dev/Jamie/Dialogue/Widgets/WB_Dialogue.uasset" 4397
"../../../../../../Users/darcy/Documents/Unreal Projects/UnitB-Project/Content/Dev/Jamie/Dialogue/Widgets/WB_DialogueOptions.uasset" 4398
"/Game/__ExternalActors__/FirstPerson/Lvl_FirstPerson/6/YY/T8WJXP4M2Q9ZDVOXBM6MR4" 4399
"../../../../../../Users/darcy/Documents/Unreal Projects/UnitB-Project/Content/__ExternalActors__/FirstPerson/Lvl_FirstPerson/6/YY/T8WJXP4M2Q9ZDVOXBM6MR4.uasset" 4400
"/Game/__ExternalActors__/FirstPerson/Lvl_FirstPerson/7/04/5CT9S5RYF1GVTX7FD1K8GU" 4401
"../../../../../../Users/darcy/Documents/Unreal Projects/UnitB-Project/Content/__ExternalActors__/FirstPerson/Lvl_FirstPerson/7/04/5CT9S5RYF1GVTX7FD1K8GU.uasset" 4402
"/Game/__ExternalActors__/FirstPerson/Lvl_FirstPerson/7/06/GHEHDZR9MG02VI4622P5YI" 4403
"../../../../../../Users/darcy/Documents/Unreal Projects/UnitB-Project/Content/__ExternalActors__/FirstPerson/Lvl_FirstPerson/7/06/GHEHDZR9MG02VI4622P5YI.uasset" 4404
"/Game/__ExternalActors__/FirstPerson/Lvl_FirstPerson/7/1R/ANINAK5S1PWG01NMCI6UXX" 4405
"../../../../../../Users/darcy/Documents/Unreal Projects/UnitB-Project/Content/__ExternalActors__/FirstPerson/Lvl_FirstPerson/7/1R/ANINAK5S1PWG01NMCI6UXX.uasset" 4406
"/Game/__ExternalActors__/FirstPerson/Lvl_FirstPerson/7/1Z/V1W0OXGXF0QNVE902YHB1L" 4407
"../../../../../../Users/darcy/Documents/Unreal Projects/UnitB-Project/Content/__ExternalActors__/FirstPerson/Lvl_FirstPerson/7/1Z/V1W0OXGXF0QNVE902YHB1L.uasset" 4408
"../../../../../../Users/darcy/Documents/Unreal Projects/UnitB-Project/Content/Assets/MODULARlevel/meshes/trimsheet_two_Modular_wall_one_.uasset" 4409
"/Game/__ExternalActors__/FirstPerson/Lvl_FirstPerson/7/4L/7KGOBCAJXQS5VWF79F3BGE" 4410
"../../../../../../Users/darcy/Documents/Unreal Projects/UnitB-Project/Content/__ExternalActors__/FirstPerson/Lvl_FirstPerson/7/4L/7KGOBCAJXQS5VWF79F3BGE.uasset" 4411
"/Game/__ExternalActors__/FirstPerson/Lvl_FirstPerson/7/5O/PG3QG0PPXG0KF5Z77NDDM3" 4412
"../../../../../../Users/darcy/Documents/Unreal Projects/UnitB-Project/Content/__ExternalActors__/FirstPerson/Lvl_FirstPerson/7/5O/PG3QG0PPXG0KF5Z77NDDM3.uasset" 4413
"/Game/__ExternalActors__/FirstPerson/Lvl_FirstPerson/7/5U/N8CHZFK1BJDH2OO0BOUJ1P" 4414
"../../../../../../Users/darcy/Documents/Unreal Projects/UnitB-Project/Content/__ExternalActors__/FirstPerson/Lvl_FirstPerson/7/5U/N8CHZFK1BJDH2OO0BOUJ1P.uasset" 4415
"/Game/__ExternalActors__/FirstPerson/Lvl_FirstPerson/7/6G/0YTMHNZ3VQDW018SL1TNTK" 4416
"../../../../../../Users/darcy/Documents/Unreal Projects/UnitB-Project/Content/__ExternalActors__/FirstPerson/Lvl_FirstPerson/7/6G/0YTMHNZ3VQDW018SL1TNTK.uasset" 4417
"/Game/__ExternalActors__/FirstPerson/Lvl_FirstPerson/7/HA/YAQNCH7IKFRXJPUD2V6PCG" 4418
"../../../../../../Users/darcy/Documents/Unreal Projects/UnitB-Project/Content/__ExternalActors__/FirstPerson/Lvl_FirstPerson/7/HA/YAQNCH7IKFRXJPUD2V6PCG.uasset" 4419
"/Game/__ExternalActors__/FirstPerson/Lvl_FirstPerson/7/O9/79ZUGWS53DB5NR5PQ9GQO5" 4420
"../../../../../../Users/darcy/Documents/Unreal Projects/UnitB-Project/Content/__ExternalActors__/FirstPerson/Lvl_FirstPerson/7/O9/79ZUGWS53DB5NR5PQ9GQO5.uasset" 4421
"/Game/__ExternalActors__/FirstPerson/Lvl_FirstPerson/7/S6/J3V7NLJB1UWIUAYYFFKLM6" 4422
"../../../../../../Users/darcy/Documents/Unreal Projects/UnitB-Project/Content/__ExternalActors__/FirstPerson/Lvl_FirstPerson/7/S6/J3V7NLJB1UWIUAYYFFKLM6.uasset" 4423
"/Game/__ExternalActors__/FirstPerson/Lvl_FirstPerson/8/5X/21JW5HZ3RVE5FLG3WUZKIA" 4424
"../../../../../../Users/darcy/Documents/Unreal Projects/UnitB-Project/Content/__ExternalActors__/FirstPerson/Lvl_FirstPerson/8/5X/21JW5HZ3RVE5FLG3WUZKIA.uasset" 4425
"/Game/__ExternalActors__/FirstPerson/Lvl_FirstPerson/8/CA/YIXTTLJHSB36WMP81PLCXG" 4426
"../../../../../../Users/darcy/Documents/Unreal Projects/UnitB-Project/Content/__ExternalActors__/FirstPerson/Lvl_FirstPerson/8/CA/YIXTTLJHSB36WMP81PLCXG.uasset" 4427
"/Game/__ExternalActors__/FirstPerson/Lvl_FirstPerson/8/CM/0ZIAPMI6ROJE5N7FTEEH6A" 4428
"../../../../../../Users/darcy/Documents/Unreal Projects/UnitB-Project/Content/__ExternalActors__/FirstPerson/Lvl_FirstPerson/8/CM/0ZIAPMI6ROJE5N7FTEEH6A.uasset" 4429
"../../../../../../Users/darcy/Documents/Unreal Projects/UnitB-Project/Content/Assets/anubis/AnubisAllAnims_Anim_armature_002_AnubisIdle.uasset" 4430
"../../../../../../Users/darcy/Documents/Unreal Projects/UnitB-Project/Content/Assets/anubis/AnubisAllAnims.uasset" 4431
"../../../../../../Users/darcy/Documents/Unreal Projects/UnitB-Project/Content/Assets/anubis/AnubisAllAnims_Skeleton.uasset" 4432
"../../../../../../Users/darcy/Documents/Unreal Projects/UnitB-Project/Content/Assets/anubis/Material_003.uasset" 4433
"../../../../../../Users/darcy/Documents/Unreal Projects/UnitB-Project/Content/Assets/anubis/Material_004.uasset" 4434
"../../../../../../Users/darcy/Documents/Unreal Projects/UnitB-Project/Content/Assets/anubis/AnubisAllAnims_PhysicsAsset.uasset" 4435
"../../../../../../Users/darcy/Documents/Unreal Projects/UnitB-Project/Content/Assets/anubis/anubisfinalexportwithaccessorieslowpoly_DefaultMaterial_BaseColor.uasset" 4436
"../../../../../../Users/darcy/Documents/Unreal Projects/UnitB-Project/Content/Assets/anubis/anubisfinalexportwithaccessorieslowpoly_DefaultMaterial_Normal.uasset" 4437
"../../../../../../Users/darcy/Documents/Unreal Projects/UnitB-Project/Content/Assets/anubis/anubisfinalexportwithaccessorieslowpoly_DefaultMaterial_OcclusionRoughnessMetallic.uasset" 4438
"../../../../../../Users/darcy/Documents/Unreal Projects/UnitB-Project/Content/Assets/anubis/anubisfinalexportwithaccessorieslowpoly_DefaultMaterial_Opacity.uasset" 4439
"../../../../../../Users/darcy/Documents/Unreal Projects/UnitB-Project/Content/Assets/anubis/anubisfinalexportwithaccessorieslowpoly_DefaultMaterial_Emissive.uasset" 4440
"/Game/__ExternalActors__/FirstPerson/Lvl_FirstPerson/8/CY/682NWSMVLLA3BJMC9V3EIS" 4441
"../../../../../../Users/darcy/Documents/Unreal Projects/UnitB-Project/Content/__ExternalActors__/FirstPerson/Lvl_FirstPerson/8/CY/682NWSMVLLA3BJMC9V3EIS.uasset" 4442
"/Game/__ExternalActors__/FirstPerson/Lvl_FirstPerson/8/DE/UI7NVQOXIQLIZJOCNV4ZR8" 4443
"../../../../../../Users/darcy/Documents/Unreal Projects/UnitB-Project/Content/__ExternalActors__/FirstPerson/Lvl_FirstPerson/8/DE/UI7NVQOXIQLIZJOCNV4ZR8.uasset" 4444
"../../../../../../Users/darcy/Documents/Unreal Projects/UnitB-Project/Content/Assets/MODULARlevel/meshes/Modular_wall_two_trimsheet_one.uasset" 4445
"/Game/__ExternalActors__/FirstPerson/Lvl_FirstPerson/8/HL/XPJIVBYXKWBWL3YFAQF2OB" 4446
"../../../../../../Users/darcy/Documents/Unreal Projects/UnitB-Project/Content/__ExternalActors__/FirstPerson/Lvl_FirstPerson/8/HL/XPJIVBYXKWBWL3YFAQF2OB.uasset" 4447
"../../../../../../Users/darcy/Documents/Unreal Projects/UnitB-Project/Content/Dev/Jamie/Actors/PersonalCoffin/Blueprints/BP_PersonalCoffin.uasset" 4448
"../../../../../../Users/darcy/Documents/Unreal Projects/UnitB-Project/Content/Dev/Jamie/Actors/PersonalCoffin/Widgets/WB_PersonalCoffin.uasset" 4449
"/Game/__ExternalActors__/FirstPerson/Lvl_FirstPerson/8/HO/10BKMQ8HTT585JMRXNZOAR" 4450
"../../../../../../Users/darcy/Documents/Unreal Projects/UnitB-Project/Content/__ExternalActors__/FirstPerson/Lvl_FirstPerson/8/HO/10BKMQ8HTT585JMRXNZOAR.uasset" 4451
"/Game/__ExternalActors__/FirstPerson/Lvl_FirstPerson/8/IV/UVORA9SUN79DBW5Z4NBO3H" 4452
"../../../../../../Users/darcy/Documents/Unreal Projects/UnitB-Project/Content/__ExternalActors__/FirstPerson/Lvl_FirstPerson/8/IV/UVORA9SUN79DBW5Z4NBO3H.uasset" 4453
"../../../../../../Users/darcy/Documents/Unreal Projects/UnitB-Project/Content/Dev/Darcy/Blueprints/ExcavationGame/Tutorial/BP_MinigameTutorial.uasset" 4454
"../../../../../../Users/darcy/Documents/Unreal Projects/UnitB-Project/Content/Dev/Darcy/Blueprints/ExcavationGame/Tutorial/DT_Tutorial.uasset" 4455
"../../../../../../Users/darcy/Documents/Unreal Projects/UnitB-Project/Content/Dev/Darcy/Blueprints/ExcavationGame/Tutorial/F_MinigameText.uasset" 4456
"../../../../../../Users/darcy/Documents/Unreal Projects/UnitB-Project/Content/Dev/Darcy/Widgets/ExcavationMinigame/Tutorial/WBP_TutorialText.uasset" 4457
"../../../../../../Users/darcy/Documents/Unreal Projects/UnitB-Project/Content/Dev/Darcy/Widgets/ExcavationMinigame/Tutorial/DT_RichText.uasset" 4458
"../../../../../../Users/darcy/Documents/Unreal Projects/UnitB-Project/Content/Concept/Lio/anubisHead.uasset" 4459
"/Game/__ExternalActors__/FirstPerson/Lvl_FirstPerson/8/L1/6MAVBEYEGO22UU1O4H5FG0" 4460
"../../../../../../Users/darcy/Documents/Unreal Projects/UnitB-Project/Content/__ExternalActors__/FirstPerson/Lvl_FirstPerson/8/L1/6MAVBEYEGO22UU1O4H5FG0.uasset" 4461
"/Game/__ExternalActors__/FirstPerson/Lvl_FirstPerson/8/P3/QY9KPGMYDPDNWKSGUTR5WK" 4462
"../../../../../../Users/darcy/Documents/Unreal Projects/UnitB-Project/Content/__ExternalActors__/FirstPerson/Lvl_FirstPerson/8/P3/QY9KPGMYDPDNWKSGUTR5WK.uasset" 4463
"/Game/__ExternalActors__/FirstPerson/Lvl_FirstPerson/8/PX/V2BGKDFB217MKJ3P39JR8P" 4464
"../../../../../../Users/darcy/Documents/Unreal Projects/UnitB-Project/Content/__ExternalActors__/FirstPerson/Lvl_FirstPerson/8/PX/V2BGKDFB217MKJ3P39JR8P.uasset" 4465
"../../../../../../Users/darcy/Documents/Unreal Projects/UnitB-Project/Content/Dev/Darcy/Blueprints/ExcavationGame/BP_QTERock.uasset" 4466
"../../../../../../Users/darcy/Documents/Unreal Projects/UnitB-Project/Content/Assets/rock/lambert2.uasset" 4467
"../../../../../../Users/darcy/Documents/Unreal Projects/UnitB-Project/Content/Dev/Elliot/VfX/rock_shatter.uasset" 4468
"../../../../../../Users/darcy/Documents/Unreal Projects/UnitB-Project/Content/Assets/rock/rock.uasset" 4469
"../../../../../../Users/darcy/Documents/Unreal Projects/UnitB-Project/Content/Assets/rock/rock_assets_lambert2_Base_color.uasset" 4470
"../../../../../../Users/darcy/Documents/Unreal Projects/UnitB-Project/Content/Assets/rock/rock_assets_lambert2_Height.uasset" 4471
"../../../../../../Users/darcy/Documents/Unreal Projects/UnitB-Project/Content/Assets/rock/rock_assets_lambert2_Metallic.uasset" 4472
"../../../../../../Users/darcy/Documents/Unreal Projects/UnitB-Project/Content/Assets/rock/rock_assets_lambert2_Normal.uasset" 4473
"../../../../../../Users/darcy/Documents/Unreal Projects/UnitB-Project/Content/Assets/rock/rock_assets_lambert2_Roughness.uasset" 4474
"../../../../../../Users/darcy/Documents/Unreal Projects/UnitB-Project/Content/Dev/Elliot/VfX/rock.uasset" 4475
"../../Plugins/FX/Niagara/Content/Modules/Spawn/Orientation/V3/InitialMeshOrientation.uasset" 4476
"../../Plugins/FX/Niagara/Content/Modules/Spawn/Velocity/AddVelocity.uasset" 4477
"../../Plugins/FX/Niagara/Content/Modules/Update/Size/ScaleMeshSize.uasset" 4478
"../../../../../../Users/darcy/Documents/Unreal Projects/UnitB-Project/Content/Dev/Elliot/VfX/new_high_poly.uasset" 4479
"../../Plugins/FX/Niagara/Content/Enums/ENiagaraMeshTransforms.uasset" 4480
"../../Plugins/FX/Niagara/Content/Enums/Transforms/ENiagara_MeshOrientationOptions.uasset" 4481
"../../Plugins/FX/Niagara/Content/Enums/Utility/ENiagara_VelocityMode.uasset" 4482
"../../Plugins/FX/Niagara/Content/Functions/Rotation/RandomQuaternion.uasset" 4483
"../../Plugins/FX/Niagara/Content/Functions/V2/CalculateRandomUnitVector.uasset" 4484
"../../Plugins/FX/Niagara/Content/Functions/V2/DistanceBasedFalloff.uasset" 4485
"../../../../../../Users/darcy/Documents/Unreal Projects/UnitB-Project/Content/Dev/Elliot/VfX/openPBR_shader1.uasset" 4486
"../../Plugins/FX/Niagara/Content/Functions/NormalizeDistanceRange.uasset" 4487
"/Game/__ExternalActors__/FirstPerson/Lvl_FirstPerson/8/QY/FSMNL3KLM133J5VKZAU0BE" 4488
"../../../../../../Users/darcy/Documents/Unreal Projects/UnitB-Project/Content/__ExternalActors__/FirstPerson/Lvl_FirstPerson/8/QY/FSMNL3KLM133J5VKZAU0BE.uasset" 4489
"/Game/__ExternalActors__/FirstPerson/Lvl_FirstPerson/8/SQ/G0REXEO7S4H48ZWL7APK5H" 4490
"../../../../../../Users/darcy/Documents/Unreal Projects/UnitB-Project/Content/__ExternalActors__/FirstPerson/Lvl_FirstPerson/8/SQ/G0REXEO7S4H48ZWL7APK5H.uasset" 4491
"../../../../../../Users/darcy/Documents/Unreal Projects/UnitB-Project/Content/Assets/MODULARlevel/meshes/trimsheet_two_Modular_wall_fiver_.uasset" 4492
"/Game/__ExternalActors__/FirstPerson/Lvl_FirstPerson/8/V3/UZ4ZY21EGX6Y4KXNDXHG3H" 4493
"../../../../../../Users/darcy/Documents/Unreal Projects/UnitB-Project/Content/__ExternalActors__/FirstPerson/Lvl_FirstPerson/8/V3/UZ4ZY21EGX6Y4KXNDXHG3H.uasset" 4494
"/Game/__ExternalActors__/FirstPerson/Lvl_FirstPerson/8/VT/C0I8K2ENY1TI7KXWRUEKUH" 4495
"../../../../../../Users/darcy/Documents/Unreal Projects/UnitB-Project/Content/__ExternalActors__/FirstPerson/Lvl_FirstPerson/8/VT/C0I8K2ENY1TI7KXWRUEKUH.uasset" 4496
"/Game/__ExternalActors__/FirstPerson/Lvl_FirstPerson/8/ZG/RTPRX72SLLVXG8C7IL861G" 4497
"../../../../../../Users/darcy/Documents/Unreal Projects/UnitB-Project/Content/__ExternalActors__/FirstPerson/Lvl_FirstPerson/8/ZG/RTPRX72SLLVXG8C7IL861G.uasset" 4498
"/Game/__ExternalActors__/FirstPerson/Lvl_FirstPerson/9/1I/R2DVJPUDHVMIJJMG28ZLK7" 4499
"../../../../../../Users/darcy/Documents/Unreal Projects/UnitB-Project/Content/__ExternalActors__/FirstPerson/Lvl_FirstPerson/9/1I/R2DVJPUDHVMIJJMG28ZLK7.uasset" 4500
"../../../../../../Users/darcy/Documents/Unreal Projects/UnitB-Project/Content/Assets/tombroomnew/polySurface30.uasset" 4501
"../../../../../../Users/darcy/Documents/Unreal Projects/UnitB-Project/Content/Assets/tombroomnew/lambert1.uasset" 4502
"../../../../../../Users/darcy/Documents/Unreal Projects/UnitB-Project/Content/Assets/tombroomnew/Trim_sheet_1_standardSurface1_BaseColor.uasset" 4503
"/Game/__ExternalActors__/FirstPerson/Lvl_FirstPerson/9/2T/DBWJ27QOKPDSJZPJ1LX8BB" 4504
"../../../../../../Users/darcy/Documents/Unreal Projects/UnitB-Project/Content/__ExternalActors__/FirstPerson/Lvl_FirstPerson/9/2T/DBWJ27QOKPDSJZPJ1LX8BB.uasset" 4505
"../../../../../../Users/darcy/Documents/Unreal Projects/UnitB-Project/Content/Dev/Jamie/Actors/UpgradeStation/Blueprints/BP_UpgradeStation.uasset" 4506
"../../../../../../Users/darcy/Documents/Unreal Projects/UnitB-Project/Content/Dev/Jamie/Actors/UpgradeStation/Widgets/WB_UpgradeStation.uasset" 4507
"/Game/__ExternalActors__/FirstPerson/Lvl_FirstPerson/9/76/LTG8N0QZZ4ASXEUMH0ZVH5" 4508
"../../../../../../Users/darcy/Documents/Unreal Projects/UnitB-Project/Content/__ExternalActors__/FirstPerson/Lvl_FirstPerson/9/76/LTG8N0QZZ4ASXEUMH0ZVH5.uasset" 4509
"/Game/__ExternalActors__/FirstPerson/Lvl_FirstPerson/9/8O/BVYOAIREBMOAK7193TKE2N" 4510
"../../../../../../Users/darcy/Documents/Unreal Projects/UnitB-Project/Content/__ExternalActors__/FirstPerson/Lvl_FirstPerson/9/8O/BVYOAIREBMOAK7193TKE2N.uasset" 4511
"/Game/__ExternalActors__/FirstPerson/Lvl_FirstPerson/9/8Z/YX39ODFUP6TNNWEBRA2K27" 4512
"../../../../../../Users/darcy/Documents/Unreal Projects/UnitB-Project/Content/__ExternalActors__/FirstPerson/Lvl_FirstPerson/9/8Z/YX39ODFUP6TNNWEBRA2K27.uasset" 4513
"../../../../../../Users/darcy/Documents/Unreal Projects/UnitB-Project/Content/Assets/MODULARlevel/floors/four_way_floor.uasset" 4514
"/Game/__ExternalActors__/FirstPerson/Lvl_FirstPerson/9/BU/61K7GH66NBPO6ICKHLW1FI" 4515
"../../../../../../Users/darcy/Documents/Unreal Projects/UnitB-Project/Content/__ExternalActors__/FirstPerson/Lvl_FirstPerson/9/BU/61K7GH66NBPO6ICKHLW1FI.uasset" 4516
"/Game/__ExternalActors__/FirstPerson/Lvl_FirstPerson/9/BV/87D7Y1Z721DJIJ5XAPA1Y4" 4517
"../../../../../../Users/darcy/Documents/Unreal Projects/UnitB-Project/Content/__ExternalActors__/FirstPerson/Lvl_FirstPerson/9/BV/87D7Y1Z721DJIJ5XAPA1Y4.uasset" 4518
"/Game/__ExternalActors__/FirstPerson/Lvl_FirstPerson/9/GR/LMXFXS7ERJV2XB9T408OAQ" 4519
"../../../../../../Users/darcy/Documents/Unreal Projects/UnitB-Project/Content/__ExternalActors__/FirstPerson/Lvl_FirstPerson/9/GR/LMXFXS7ERJV2XB9T408OAQ.uasset" 4520
"/Game/__ExternalActors__/FirstPerson/Lvl_FirstPerson/9/IK/U9MXT9RLQ5W0RBPJ7A27BM" 4521
"../../../../../../Users/darcy/Documents/Unreal Projects/UnitB-Project/Content/__ExternalActors__/FirstPerson/Lvl_FirstPerson/9/IK/U9MXT9RLQ5W0RBPJ7A27BM.uasset" 4522
"../../../../../../Users/darcy/Documents/Unreal Projects/UnitB-Project/Content/Assets/playertomb/Cube_017.uasset" 4523
"/Game/__ExternalActors__/FirstPerson/Lvl_FirstPerson/9/LP/VOF7R9TGV88IUEU6A3LYA0" 4524
"../../../../../../Users/darcy/Documents/Unreal Projects/UnitB-Project/Content/__ExternalActors__/FirstPerson/Lvl_FirstPerson/9/LP/VOF7R9TGV88IUEU6A3LYA0.uasset" 4525
"../../../../../../Users/darcy/Documents/Unreal Projects/UnitB-Project/Content/Dev/Darcy/Blueprints/ItemInfo/DataAssets/DA_TutorialItem.uasset" 4526
"/Game/__ExternalActors__/FirstPerson/Lvl_FirstPerson/9/NI/3S7QKR4JQL34KYB6Q2UAW3" 4527
"../../../../../../Users/darcy/Documents/Unreal Projects/UnitB-Project/Content/__ExternalActors__/FirstPerson/Lvl_FirstPerson/9/NI/3S7QKR4JQL34KYB6Q2UAW3.uasset" 4528
"/Game/__ExternalActors__/FirstPerson/Lvl_FirstPerson/9/RH/X2K23XHDKVU56T25ZDVKQ5" 4529
"../../../../../../Users/darcy/Documents/Unreal Projects/UnitB-Project/Content/__ExternalActors__/FirstPerson/Lvl_FirstPerson/9/RH/X2K23XHDKVU56T25ZDVKQ5.uasset" 4530
"/Game/__ExternalActors__/FirstPerson/Lvl_FirstPerson/9/T2/ALDN648IT738GJQY09X9O2" 4531
"../../../../../../Users/darcy/Documents/Unreal Projects/UnitB-Project/Content/__ExternalActors__/FirstPerson/Lvl_FirstPerson/9/T2/ALDN648IT738GJQY09X9O2.uasset" 4532
"../../../../../../Users/darcy/Documents/Unreal Projects/UnitB-Project/Content/Assets/playertomb/Plane_080.uasset" 4533
"/Game/__ExternalActors__/FirstPerson/Lvl_FirstPerson/9/TT/QW0OHJ70JTDO22M5CPXI6P" 4534
"../../../../../../Users/darcy/Documents/Unreal Projects/UnitB-Project/Content/__ExternalActors__/FirstPerson/Lvl_FirstPerson/9/TT/QW0OHJ70JTDO22M5CPXI6P.uasset" 4535
"../../../../../../Users/darcy/Documents/Unreal Projects/UnitB-Project/Content/Assets/metaldetector/metaldetector.uasset" 4536
"../../../../../../Users/darcy/Documents/Unreal Projects/UnitB-Project/Content/Assets/metaldetector/metaldetectormat.uasset" 4537
"../../../../../../Users/darcy/Documents/Unreal Projects/UnitB-Project/Content/Assets/metaldetector/metaldetector_DefaultMaterial_BaseColor.uasset" 4538
"../../../../../../Users/darcy/Documents/Unreal Projects/UnitB-Project/Content/Assets/metaldetector/metaldetector_DefaultMaterial_Normal.uasset" 4539
"../../../../../../Users/darcy/Documents/Unreal Projects/UnitB-Project/Content/Assets/metaldetector/metaldetector_DefaultMaterial_OcclusionRoughnessMetallic.uasset" 4540
"/Game/__ExternalActors__/FirstPerson/Lvl_FirstPerson/9/XB/ELPFYG3O6QASOBS0MDCBER" 4541
"../../../../../../Users/darcy/Documents/Unreal Projects/UnitB-Project/Content/__ExternalActors__/FirstPerson/Lvl_FirstPerson/9/XB/ELPFYG3O6QASOBS0MDCBER.uasset" 4542
"/Game/__ExternalActors__/FirstPerson/Lvl_FirstPerson/9/XF/D4E8F7FDU8KZVDPAEZYVAM" 4543
"../../../../../../Users/darcy/Documents/Unreal Projects/UnitB-Project/Content/__ExternalActors__/FirstPerson/Lvl_FirstPerson/9/XF/D4E8F7FDU8KZVDPAEZYVAM.uasset" 4544
"/Game/__ExternalActors__/FirstPerson/Lvl_FirstPerson/9/XJ/Q8OAV1B7DEMFPDSEG2G5S8" 4545
"../../../../../../Users/darcy/Documents/Unreal Projects/UnitB-Project/Content/__ExternalActors__/FirstPerson/Lvl_FirstPerson/9/XJ/Q8OAV1B7DEMFPDSEG2G5S8.uasset" 4546
"/Game/__ExternalActors__/FirstPerson/Lvl_FirstPerson/9/Z6/QH3KBM9QYJSMRT4IQLRIZ2" 4547
"../../../../../../Users/darcy/Documents/Unreal Projects/UnitB-Project/Content/__ExternalActors__/FirstPerson/Lvl_FirstPerson/9/Z6/QH3KBM9QYJSMRT4IQLRIZ2.uasset" 4548
"/Game/__ExternalActors__/FirstPerson/Lvl_FirstPerson/A/4J/HQ385RD5BYUJ3VRMYCWCHZ" 4549
"../../../../../../Users/darcy/Documents/Unreal Projects/UnitB-Project/Content/__ExternalActors__/FirstPerson/Lvl_FirstPerson/A/4J/HQ385RD5BYUJ3VRMYCWCHZ.uasset" 4550
"/Game/__ExternalActors__/FirstPerson/Lvl_FirstPerson/A/54/67HV3LTUGAKJZ9WDIDVBS5" 4551
"../../../../../../Users/darcy/Documents/Unreal Projects/UnitB-Project/Content/__ExternalActors__/FirstPerson/Lvl_FirstPerson/A/54/67HV3LTUGAKJZ9WDIDVBS5.uasset" 4552
"/Game/__ExternalActors__/FirstPerson/Lvl_FirstPerson/A/7B/YK4S83IV5UBBOR7XMFIK28" 4553
"../../../../../../Users/darcy/Documents/Unreal Projects/UnitB-Project/Content/__ExternalActors__/FirstPerson/Lvl_FirstPerson/A/7B/YK4S83IV5UBBOR7XMFIK28.uasset" 4554
"../../../../../../Users/darcy/Documents/Unreal Projects/UnitB-Project/Content/Assets/trowel/trowel.uasset" 4555
"../../../../../../Users/darcy/Documents/Unreal Projects/UnitB-Project/Content/Assets/trowel/trowelmat.uasset" 4556
"../../../../../../Users/darcy/Documents/Unreal Projects/UnitB-Project/Content/Assets/trowel/initialShadingGroup_Base_color.uasset" 4557
"../../../../../../Users/darcy/Documents/Unreal Projects/UnitB-Project/Content/Assets/trowel/initialShadingGroup_Height.uasset" 4558
"../../../../../../Users/darcy/Documents/Unreal Projects/UnitB-Project/Content/Assets/trowel/initialShadingGroup_Metallic.uasset" 4559
"../../../../../../Users/darcy/Documents/Unreal Projects/UnitB-Project/Content/Assets/trowel/initialShadingGroup_Normal.uasset" 4560
"../../../../../../Users/darcy/Documents/Unreal Projects/UnitB-Project/Content/Assets/trowel/initialShadingGroup_Roughness.uasset" 4561
"/Game/__ExternalActors__/FirstPerson/Lvl_FirstPerson/A/8X/9324KJWY2J92O9PBHFU5U2" 4562
"../../../../../../Users/darcy/Documents/Unreal Projects/UnitB-Project/Content/__ExternalActors__/FirstPerson/Lvl_FirstPerson/A/8X/9324KJWY2J92O9PBHFU5U2.uasset" 4563
"/Game/__ExternalActors__/FirstPerson/Lvl_FirstPerson/A/98/X5GOHDO0RHOT9QV1JZM8EQ" 4564
"../../../../../../Users/darcy/Documents/Unreal Projects/UnitB-Project/Content/__ExternalActors__/FirstPerson/Lvl_FirstPerson/A/98/X5GOHDO0RHOT9QV1JZM8EQ.uasset" 4565
"/Game/__ExternalActors__/FirstPerson/Lvl_FirstPerson/A/9G/FY0ZG0LTHPL8Y3AV0B9LDE" 4566
"../../../../../../Users/darcy/Documents/Unreal Projects/UnitB-Project/Content/__ExternalActors__/FirstPerson/Lvl_FirstPerson/A/9G/FY0ZG0LTHPL8Y3AV0B9LDE.uasset" 4567
"/Game/__ExternalActors__/FirstPerson/Lvl_FirstPerson/A/C9/1KYSRPS1QTMVO3U7ML6TC0" 4568
"../../../../../../Users/darcy/Documents/Unreal Projects/UnitB-Project/Content/__ExternalActors__/FirstPerson/Lvl_FirstPerson/A/C9/1KYSRPS1QTMVO3U7ML6TC0.uasset" 4569
"../../../../../../Users/darcy/Documents/Unreal Projects/UnitB-Project/Content/Assets/tombroomnew/polySurface1.uasset" 4570
"../../../../../../Users/darcy/Documents/Unreal Projects/UnitB-Project/Content/Assets/tombroomnew/lambert3.uasset" 4571
"/Game/__ExternalActors__/FirstPerson/Lvl_FirstPerson/A/DK/SZI4Z1YU51JHK9RKSTHL97" 4572
"../../../../../../Users/darcy/Documents/Unreal Projects/UnitB-Project/Content/__ExternalActors__/FirstPerson/Lvl_FirstPerson/A/DK/SZI4Z1YU51JHK9RKSTHL97.uasset" 4573
"/Game/__ExternalActors__/FirstPerson/Lvl_FirstPerson/A/EP/AS77BOL4G2YQ97ZNCJK9GR" 4574
"../../../../../../Users/darcy/Documents/Unreal Projects/UnitB-Project/Content/__ExternalActors__/FirstPerson/Lvl_FirstPerson/A/EP/AS77BOL4G2YQ97ZNCJK9GR.uasset" 4575
"../../../../../../Users/darcy/Documents/Unreal Projects/UnitB-Project/Content/Assets/knife/knife.uasset" 4576
"../../../../../../Users/darcy/Documents/Unreal Projects/UnitB-Project/Content/Assets/knife/knifetexture.uasset" 4577
"../../../../../../Users/darcy/Documents/Unreal Projects/UnitB-Project/Content/Assets/knife/initialShadingGroup_Base_color.uasset" 4578
"../../../../../../Users/darcy/Documents/Unreal Projects/UnitB-Project/Content/Assets/knife/initialShadingGroup_Height.uasset" 4579
"../../../../../../Users/darcy/Documents/Unreal Projects/UnitB-Project/Content/Assets/knife/initialShadingGroup_Metallic.uasset" 4580
"../../../../../../Users/darcy/Documents/Unreal Projects/UnitB-Project/Content/Assets/knife/initialShadingGroup_Normal.uasset" 4581
"../../../../../../Users/darcy/Documents/Unreal Projects/UnitB-Project/Content/Assets/knife/initialShadingGroup_Roughness.uasset" 4582
"/Game/__ExternalActors__/FirstPerson/Lvl_FirstPerson/A/FD/M2JLEU29528LUE5Z9KAA9T" 4583
"../../../../../../Users/darcy/Documents/Unreal Projects/UnitB-Project/Content/__ExternalActors__/FirstPerson/Lvl_FirstPerson/A/FD/M2JLEU29528LUE5Z9KAA9T.uasset" 4584
"/Game/__ExternalActors__/FirstPerson/Lvl_FirstPerson/A/FM/JGJ6KK4EHTFX3FUN1FBGMO" 4585
"../../../../../../Users/darcy/Documents/Unreal Projects/UnitB-Project/Content/__ExternalActors__/FirstPerson/Lvl_FirstPerson/A/FM/JGJ6KK4EHTFX3FUN1FBGMO.uasset" 4586
"/Game/__ExternalActors__/FirstPerson/Lvl_FirstPerson/A/HH/BIAWP2Z8HW32809JWMRLU3" 4587
"../../../../../../Users/darcy/Documents/Unreal Projects/UnitB-Project/Content/__ExternalActors__/FirstPerson/Lvl_FirstPerson/A/HH/BIAWP2Z8HW32809JWMRLU3.uasset" 4588
"/Game/__ExternalActors__/FirstPerson/Lvl_FirstPerson/A/J6/Y0P2WWP5ZTZCOVZ35R2XH9" 4589
"../../../../../../Users/darcy/Documents/Unreal Projects/UnitB-Project/Content/__ExternalActors__/FirstPerson/Lvl_FirstPerson/A/J6/Y0P2WWP5ZTZCOVZ35R2XH9.uasset" 4590
"../../../../../../Users/darcy/Documents/Unreal Projects/UnitB-Project/Content/Assets/ladder/ladder.uasset" 4591
"../../../../../../Users/darcy/Documents/Unreal Projects/UnitB-Project/Content/Assets/ladder/lambert1.uasset" 4592
"../../../../../../Users/darcy/Documents/Unreal Projects/UnitB-Project/Content/Assets/ladder/lambert1_Base_color.uasset" 4593
"../../../../../../Users/darcy/Documents/Unreal Projects/UnitB-Project/Content/Assets/ladder/lambert1_Height.uasset" 4594
"../../../../../../Users/darcy/Documents/Unreal Projects/UnitB-Project/Content/Assets/ladder/lambert1_Metallic.uasset" 4595
"../../../../../../Users/darcy/Documents/Unreal Projects/UnitB-Project/Content/Assets/ladder/lambert1_Normal.uasset" 4596
"../../../../../../Users/darcy/Documents/Unreal Projects/UnitB-Project/Content/Assets/ladder/lambert1_Roughness.uasset" 4597
"/Game/__ExternalActors__/FirstPerson/Lvl_FirstPerson/A/M3/UTNPFL6MQIP3YTC49P18MK" 4598
"../../../../../../Users/darcy/Documents/Unreal Projects/UnitB-Project/Content/__ExternalActors__/FirstPerson/Lvl_FirstPerson/A/M3/UTNPFL6MQIP3YTC49P18MK.uasset" 4599
"../../../../../../Users/darcy/Documents/Unreal Projects/UnitB-Project/Content/Assets/tent/tentfinal.uasset" 4600
"../../../../../../Users/darcy/Documents/Unreal Projects/UnitB-Project/Content/Assets/tent/tent.uasset" 4601
"../../../../../../Users/darcy/Documents/Unreal Projects/UnitB-Project/Content/Assets/tent/tentfinal_DefaultMaterial_BaseColor.uasset" 4602
"../../../../../../Users/darcy/Documents/Unreal Projects/UnitB-Project/Content/Assets/tent/tentfinal_DefaultMaterial_Normal.uasset" 4603
"../../../../../../Users/darcy/Documents/Unreal Projects/UnitB-Project/Content/Assets/tent/tentfinal_DefaultMaterial_OcclusionRoughnessMetallic.uasset" 4604
"../../../../../../Users/darcy/Documents/Unreal Projects/UnitB-Project/Content/Assets/tent/tentfinal_DefaultMaterial_Opacity.uasset" 4605
"/Game/__ExternalActors__/FirstPerson/Lvl_FirstPerson/A/PD/RXELH8PLHWJDRDRLJLLE1U" 4606
"../../../../../../Users/darcy/Documents/Unreal Projects/UnitB-Project/Content/__ExternalActors__/FirstPerson/Lvl_FirstPerson/A/PD/RXELH8PLHWJDRDRLJLLE1U.uasset" 4607
"/Game/__ExternalActors__/FirstPerson/Lvl_FirstPerson/A/TK/Y4Z38P1IA3U87FYLJ29GZN" 4608
"../../../../../../Users/darcy/Documents/Unreal Projects/UnitB-Project/Content/__ExternalActors__/FirstPerson/Lvl_FirstPerson/A/TK/Y4Z38P1IA3U87FYLJ29GZN.uasset" 4609
"/Game/__ExternalActors__/FirstPerson/Lvl_FirstPerson/A/TY/KQOO9UHQ99D7F1BNAO5NK7" 4610
"../../../../../../Users/darcy/Documents/Unreal Projects/UnitB-Project/Content/__ExternalActors__/FirstPerson/Lvl_FirstPerson/A/TY/KQOO9UHQ99D7F1BNAO5NK7.uasset" 4611
"/Game/__ExternalActors__/FirstPerson/Lvl_FirstPerson/A/UR/T5CYOE035Y9TBJL0Z6GE82" 4612
"../../../../../../Users/darcy/Documents/Unreal Projects/UnitB-Project/Content/__ExternalActors__/FirstPerson/Lvl_FirstPerson/A/UR/T5CYOE035Y9TBJL0Z6GE82.uasset" 4613
"/Game/__ExternalActors__/FirstPerson/Lvl_FirstPerson/A/W4/5CK72I0EELXEXK0W0M7G5F" 4614
"../../../../../../Users/darcy/Documents/Unreal Projects/UnitB-Project/Content/__ExternalActors__/FirstPerson/Lvl_FirstPerson/A/W4/5CK72I0EELXEXK0W0M7G5F.uasset" 4615
"/Game/__ExternalActors__/FirstPerson/Lvl_FirstPerson/A/Y4/J951N6CTZ96P488JYHKXY0" 4616
"../../../../../../Users/darcy/Documents/Unreal Projects/UnitB-Project/Content/__ExternalActors__/FirstPerson/Lvl_FirstPerson/A/Y4/J951N6CTZ96P488JYHKXY0.uasset" 4617
"/Game/__ExternalActors__/FirstPerson/Lvl_FirstPerson/A/ZW/33MWB9LCVBXRUT35GZKXVD" 4618
"../../../../../../Users/darcy/Documents/Unreal Projects/UnitB-Project/Content/__ExternalActors__/FirstPerson/Lvl_FirstPerson/A/ZW/33MWB9LCVBXRUT35GZKXVD.uasset" 4619
"/Game/__ExternalActors__/FirstPerson/Lvl_FirstPerson/B/0Y/HGPRJKUOYQ7OHP8GTUYCYM" 4620
"../../../../../../Users/darcy/Documents/Unreal Projects/UnitB-Project/Content/__ExternalActors__/FirstPerson/Lvl_FirstPerson/B/0Y/HGPRJKUOYQ7OHP8GTUYCYM.uasset" 4621
"/Game/__ExternalActors__/FirstPerson/Lvl_FirstPerson/B/66/HHVG740V58ZSP6NNC467ZZ" 4622
"../../../../../../Users/darcy/Documents/Unreal Projects/UnitB-Project/Content/__ExternalActors__/FirstPerson/Lvl_FirstPerson/B/66/HHVG740V58ZSP6NNC467ZZ.uasset" 4623
"/Game/__ExternalActors__/FirstPerson/Lvl_FirstPerson/B/7T/ITEVFU6XEO68EX83LYZ6WM" 4624
"../../../../../../Users/darcy/Documents/Unreal Projects/UnitB-Project/Content/__ExternalActors__/FirstPerson/Lvl_FirstPerson/B/7T/ITEVFU6XEO68EX83LYZ6WM.uasset" 4625
"/Game/__ExternalActors__/FirstPerson/Lvl_FirstPerson/B/97/35KND4A9784Y2RNELOGQHH" 4626
"../../../../../../Users/darcy/Documents/Unreal Projects/UnitB-Project/Content/__ExternalActors__/FirstPerson/Lvl_FirstPerson/B/97/35KND4A9784Y2RNELOGQHH.uasset" 4627
"../../../../../../Users/darcy/Documents/Unreal Projects/UnitB-Project/Content/Assets/MODULARlevel/floors/Big_Floor.uasset" 4628
"../../../../../../Users/darcy/Documents/Unreal Projects/UnitB-Project/Content/Assets/MODULARlevel/floors/standardSurface1.uasset" 4629
"../../../../../../Users/darcy/Documents/Unreal Projects/UnitB-Project/Content/Assets/MODULARlevel/floors/Big_Floor_standardSurface1_BaseColor.uasset" 4630
"../../../../../../Users/darcy/Documents/Unreal Projects/UnitB-Project/Content/Assets/MODULARlevel/floors/Big_Floor_standardSurface1_Normal.uasset" 4631
"../../../../../../Users/darcy/Documents/Unreal Projects/UnitB-Project/Content/Assets/MODULARlevel/floors/Big_Floor_standardSurface1_OcclusionRoughnessMetallic.uasset" 4632
"/Game/__ExternalActors__/FirstPerson/Lvl_FirstPerson/B/CY/DS58JA2YTWCQN0SZQH4YSV" 4633
"../../../../../../Users/darcy/Documents/Unreal Projects/UnitB-Project/Content/__ExternalActors__/FirstPerson/Lvl_FirstPerson/B/CY/DS58JA2YTWCQN0SZQH4YSV.uasset" 4634
"/Game/__ExternalActors__/FirstPerson/Lvl_FirstPerson/B/DD/GGXJQUUNN58XQIYTJ4YR6Q" 4635
"../../../../../../Users/darcy/Documents/Unreal Projects/UnitB-Project/Content/__ExternalActors__/FirstPerson/Lvl_FirstPerson/B/DD/GGXJQUUNN58XQIYTJ4YR6Q.uasset" 4636
"/Game/__ExternalActors__/FirstPerson/Lvl_FirstPerson/B/E3/RI8MLXJW8SROH9HCSIR76X" 4637
"../../../../../../Users/darcy/Documents/Unreal Projects/UnitB-Project/Content/__ExternalActors__/FirstPerson/Lvl_FirstPerson/B/E3/RI8MLXJW8SROH9HCSIR76X.uasset" 4638
"/Game/__ExternalActors__/FirstPerson/Lvl_FirstPerson/B/GG/TV6LMDL4K11BI88YN18D2O" 4639
"../../../../../../Users/darcy/Documents/Unreal Projects/UnitB-Project/Content/__ExternalActors__/FirstPerson/Lvl_FirstPerson/B/GG/TV6LMDL4K11BI88YN18D2O.uasset" 4640
"/Game/__ExternalActors__/FirstPerson/Lvl_FirstPerson/B/JH/4GD1TU6GKPXO124RQ2O68T" 4641
"../../../../../../Users/darcy/Documents/Unreal Projects/UnitB-Project/Content/__ExternalActors__/FirstPerson/Lvl_FirstPerson/B/JH/4GD1TU6GKPXO124RQ2O68T.uasset" 4642
"../../../../../../Users/darcy/Documents/Unreal Projects/UnitB-Project/Content/Assets/flask/flask.uasset" 4643
"../../../../../../Users/darcy/Documents/Unreal Projects/UnitB-Project/Content/Assets/flask/flaskmat.uasset" 4644
"../../../../../../Users/darcy/Documents/Unreal Projects/UnitB-Project/Content/Assets/flask/flask_DefaultMaterial_BaseColor.uasset" 4645
"../../../../../../Users/darcy/Documents/Unreal Projects/UnitB-Project/Content/Assets/flask/flask_DefaultMaterial_Normal.uasset" 4646
"../../../../../../Users/darcy/Documents/Unreal Projects/UnitB-Project/Content/Assets/flask/flask_DefaultMaterial_OcclusionRoughnessMetallic.uasset" 4647
"/Game/__ExternalActors__/FirstPerson/Lvl_FirstPerson/B/PJ/OWZTX5GW1XW1Q44L041AJA" 4648
"../../../../../../Users/darcy/Documents/Unreal Projects/UnitB-Project/Content/__ExternalActors__/FirstPerson/Lvl_FirstPerson/B/PJ/OWZTX5GW1XW1Q44L041AJA.uasset" 4649
"/Game/__ExternalActors__/FirstPerson/Lvl_FirstPerson/B/UL/RYJXCRTTYXNSJWL6BUYSEW" 4650
"../../../../../../Users/darcy/Documents/Unreal Projects/UnitB-Project/Content/__ExternalActors__/FirstPerson/Lvl_FirstPerson/B/UL/RYJXCRTTYXNSJWL6BUYSEW.uasset" 4651
"/Game/__ExternalActors__/FirstPerson/Lvl_FirstPerson/B/YB/XSH7COADTK4OAU2NHZCAIQ" 4652
"../../../../../../Users/darcy/Documents/Unreal Projects/UnitB-Project/Content/__ExternalActors__/FirstPerson/Lvl_FirstPerson/B/YB/XSH7COADTK4OAU2NHZCAIQ.uasset" 4653
"/Game/__ExternalActors__/FirstPerson/Lvl_FirstPerson/B/YC/Q8X9VH5Y4HM0T1VNMIJTSK" 4654
"../../../../../../Users/darcy/Documents/Unreal Projects/UnitB-Project/Content/__ExternalActors__/FirstPerson/Lvl_FirstPerson/B/YC/Q8X9VH5Y4HM0T1VNMIJTSK.uasset" 4655
"/Game/__ExternalActors__/FirstPerson/Lvl_FirstPerson/B/YF/GX1X9RDYJDPF3LCXQ2XWL9" 4656
"../../../../../../Users/darcy/Documents/Unreal Projects/UnitB-Project/Content/__ExternalActors__/FirstPerson/Lvl_FirstPerson/B/YF/GX1X9RDYJDPF3LCXQ2XWL9.uasset" 4657
"/Game/__ExternalActors__/FirstPerson/Lvl_FirstPerson/B/YN/PSH4YWWHXSFQQ3K6BY3IHL" 4658
"../../../../../../Users/darcy/Documents/Unreal Projects/UnitB-Project/Content/__ExternalActors__/FirstPerson/Lvl_FirstPerson/B/YN/PSH4YWWHXSFQQ3K6BY3IHL.uasset" 4659
"/Game/__ExternalActors__/FirstPerson/Lvl_FirstPerson/C/2C/8UF0T9T9DPUZOIU62JAZLL" 4660
"../../../../../../Users/darcy/Documents/Unreal Projects/UnitB-Project/Content/__ExternalActors__/FirstPerson/Lvl_FirstPerson/C/2C/8UF0T9T9DPUZOIU62JAZLL.uasset" 4661
"/Game/__ExternalActors__/FirstPerson/Lvl_FirstPerson/C/6J/SCKO8D1TEVPGYR8EJIVUB4" 4662
"../../../../../../Users/darcy/Documents/Unreal Projects/UnitB-Project/Content/__ExternalActors__/FirstPerson/Lvl_FirstPerson/C/6J/SCKO8D1TEVPGYR8EJIVUB4.uasset" 4663
"/Game/__ExternalActors__/FirstPerson/Lvl_FirstPerson/C/8B/1QH21XN6U7N7L91C2BHD5X" 4664
"../../../../../../Users/darcy/Documents/Unreal Projects/UnitB-Project/Content/__ExternalActors__/FirstPerson/Lvl_FirstPerson/C/8B/1QH21XN6U7N7L91C2BHD5X.uasset" 4665
"/Game/__ExternalActors__/FirstPerson/Lvl_FirstPerson/C/AU/284R7BPW7PEDNOTCFG0XYR" 4666
"../../../../../../Users/darcy/Documents/Unreal Projects/UnitB-Project/Content/__ExternalActors__/FirstPerson/Lvl_FirstPerson/C/AU/284R7BPW7PEDNOTCFG0XYR.uasset" 4667
"/Game/__ExternalActors__/FirstPerson/Lvl_FirstPerson/C/DW/2AKM2W0FXXKVD0KCP8B3ED" 4668
"../../../../../../Users/darcy/Documents/Unreal Projects/UnitB-Project/Content/__ExternalActors__/FirstPerson/Lvl_FirstPerson/C/DW/2AKM2W0FXXKVD0KCP8B3ED.uasset" 4669
"../../../../../../Users/darcy/Documents/Unreal Projects/UnitB-Project/Content/Assets/BeetleOrnament/Meshes/Beetle_Ornament_Dirty.uasset" 4670
"../../../../../../Users/darcy/Documents/Unreal Projects/UnitB-Project/Content/Assets/BeetleOrnament/Materials/Dirty.uasset" 4671
"../../../../../../Users/darcy/Documents/Unreal Projects/UnitB-Project/Content/Assets/BeetleOrnament/Textures/Beetle_Ornement_lambert1_BaseColor.uasset" 4672
"../../../../../../Users/darcy/Documents/Unreal Projects/UnitB-Project/Content/Assets/BeetleOrnament/Textures/Beetle_Ornement_lambert1_Normal.uasset" 4673
"../../../../../../Users/darcy/Documents/Unreal Projects/UnitB-Project/Content/Assets/BeetleOrnament/Textures/Beetle_Ornement_lambert1_OcclusionRoughnessMetallic.uasset" 4674
"/Game/__ExternalActors__/FirstPerson/Lvl_FirstPerson/C/EG/RRVUPHO0J9H3H1WU3WWBFS" 4675
"../../../../../../Users/darcy/Documents/Unreal Projects/UnitB-Project/Content/__ExternalActors__/FirstPerson/Lvl_FirstPerson/C/EG/RRVUPHO0J9H3H1WU3WWBFS.uasset" 4676
"../../../../../../Users/darcy/Documents/Unreal Projects/UnitB-Project/Content/Assets/playertomb/Cube_007.uasset" 4677
"/Game/__ExternalActors__/FirstPerson/Lvl_FirstPerson/C/FI/NBWU15SQGZQFLPRSHSPZU1" 4678
"../../../../../../Users/darcy/Documents/Unreal Projects/UnitB-Project/Content/__ExternalActors__/FirstPerson/Lvl_FirstPerson/C/FI/NBWU15SQGZQFLPRSHSPZU1.uasset" 4679
"/Game/__ExternalActors__/FirstPerson/Lvl_FirstPerson/C/I7/HKF8VJB9EAFQ1KCXLQHA7C" 4680
"../../../../../../Users/darcy/Documents/Unreal Projects/UnitB-Project/Content/__ExternalActors__/FirstPerson/Lvl_FirstPerson/C/I7/HKF8VJB9EAFQ1KCXLQHA7C.uasset" 4681
"../../../../../../Users/darcy/Documents/Unreal Projects/UnitB-Project/Content/Assets/tombroom/polySurface30.uasset" 4682
"../../../../../../Users/darcy/Documents/Unreal Projects/UnitB-Project/Content/Assets/tombroom/TombTextureOne.uasset" 4683
"../../../../../../Users/darcy/Documents/Unreal Projects/UnitB-Project/Content/Assets/tombroom/initialShadingGroup_Base_color.uasset" 4684
"../../../../../../Users/darcy/Documents/Unreal Projects/UnitB-Project/Content/Assets/tombroom/initialShadingGroup_Height.uasset" 4685
"../../../../../../Users/darcy/Documents/Unreal Projects/UnitB-Project/Content/Assets/tombroom/initialShadingGroup_Metallic.uasset" 4686
"../../../../../../Users/darcy/Documents/Unreal Projects/UnitB-Project/Content/Assets/tombroom/initialShadingGroup_Normal.uasset" 4687
"../../../../../../Users/darcy/Documents/Unreal Projects/UnitB-Project/Content/Assets/tombroom/initialShadingGroup_Roughness.uasset" 4688
"/Game/__ExternalActors__/FirstPerson/Lvl_FirstPerson/C/JI/RQ4RWJKXTWQ08KQUXWY63L" 4689
"../../../../../../Users/darcy/Documents/Unreal Projects/UnitB-Project/Content/__ExternalActors__/FirstPerson/Lvl_FirstPerson/C/JI/RQ4RWJKXTWQ08KQUXWY63L.uasset" 4690
"/Game/__ExternalActors__/FirstPerson/Lvl_FirstPerson/C/K3/0MN81MUGFECYMI0S1OI3U8" 4691
"../../../../../../Users/darcy/Documents/Unreal Projects/UnitB-Project/Content/__ExternalActors__/FirstPerson/Lvl_FirstPerson/C/K3/0MN81MUGFECYMI0S1OI3U8.uasset" 4692
"/Game/__ExternalActors__/FirstPerson/Lvl_FirstPerson/C/NV/6F1B5DARDFL3KT53YI1WFR" 4693
"../../../../../../Users/darcy/Documents/Unreal Projects/UnitB-Project/Content/__ExternalActors__/FirstPerson/Lvl_FirstPerson/C/NV/6F1B5DARDFL3KT53YI1WFR.uasset" 4694
"/Game/__ExternalActors__/FirstPerson/Lvl_FirstPerson/C/T3/F7PJJVQE4KGBY4KXL7D0GI" 4695
"../../../../../../Users/darcy/Documents/Unreal Projects/UnitB-Project/Content/__ExternalActors__/FirstPerson/Lvl_FirstPerson/C/T3/F7PJJVQE4KGBY4KXL7D0GI.uasset" 4696
"/Game/__ExternalActors__/FirstPerson/Lvl_FirstPerson/C/TU/50V2A16MDQ24LDNXAKMG0Z" 4697
"../../../../../../Users/darcy/Documents/Unreal Projects/UnitB-Project/Content/__ExternalActors__/FirstPerson/Lvl_FirstPerson/C/TU/50V2A16MDQ24LDNXAKMG0Z.uasset" 4698
"/Game/__ExternalActors__/FirstPerson/Lvl_FirstPerson/C/UU/0EBJ3JPZ9S2AMDCOXBF5GI" 4699
"../../../../../../Users/darcy/Documents/Unreal Projects/UnitB-Project/Content/__ExternalActors__/FirstPerson/Lvl_FirstPerson/C/UU/0EBJ3JPZ9S2AMDCOXBF5GI.uasset" 4700
"/Game/__ExternalActors__/FirstPerson/Lvl_FirstPerson/C/VY/RF4RPDF0V7LJOV5JT0I11S" 4701
"../../../../../../Users/darcy/Documents/Unreal Projects/UnitB-Project/Content/__ExternalActors__/FirstPerson/Lvl_FirstPerson/C/VY/RF4RPDF0V7LJOV5JT0I11S.uasset" 4702
"../../../../../../Users/darcy/Documents/Unreal Projects/UnitB-Project/Content/Assets/hammer/hammer.uasset" 4703
"../../../../../../Users/darcy/Documents/Unreal Projects/UnitB-Project/Content/Assets/hammer/hammermat.uasset" 4704
"../../../../../../Users/darcy/Documents/Unreal Projects/UnitB-Project/Content/Assets/hammer/hammer_DefaultMaterial_BaseColor.uasset" 4705
"../../../../../../Users/darcy/Documents/Unreal Projects/UnitB-Project/Content/Assets/hammer/hammer_DefaultMaterial_Normal.uasset" 4706
"../../../../../../Users/darcy/Documents/Unreal Projects/UnitB-Project/Content/Assets/hammer/hammer_DefaultMaterial_OcclusionRoughnessMetallic.uasset" 4707
"/Game/__ExternalActors__/FirstPerson/Lvl_FirstPerson/C/YF/K2HDJDEA81PRSDU9MGC08L" 4708
"../../../../../../Users/darcy/Documents/Unreal Projects/UnitB-Project/Content/__ExternalActors__/FirstPerson/Lvl_FirstPerson/C/YF/K2HDJDEA81PRSDU9MGC08L.uasset" 4709
"/Game/__ExternalActors__/FirstPerson/Lvl_FirstPerson/D/33/IDZGC61QURXGQ5ZXLZ8DTM" 4710
"../../../../../../Users/darcy/Documents/Unreal Projects/UnitB-Project/Content/__ExternalActors__/FirstPerson/Lvl_FirstPerson/D/33/IDZGC61QURXGQ5ZXLZ8DTM.uasset" 4711
"/Game/__ExternalActors__/FirstPerson/Lvl_FirstPerson/D/3F/VXSH6BGRGG0C0FNQBE0YV9" 4712
"../../../../../../Users/darcy/Documents/Unreal Projects/UnitB-Project/Content/__ExternalActors__/FirstPerson/Lvl_FirstPerson/D/3F/VXSH6BGRGG0C0FNQBE0YV9.uasset" 4713
"/Game/__ExternalActors__/FirstPerson/Lvl_FirstPerson/D/7X/D29SEZUN6URRQZIE1TUSTO" 4714
"../../../../../../Users/darcy/Documents/Unreal Projects/UnitB-Project/Content/__ExternalActors__/FirstPerson/Lvl_FirstPerson/D/7X/D29SEZUN6URRQZIE1TUSTO.uasset" 4715
"/Game/__ExternalActors__/FirstPerson/Lvl_FirstPerson/D/9D/TEJVJKAJZZ94RM3N0CCU2O" 4716
"../../../../../../Users/darcy/Documents/Unreal Projects/UnitB-Project/Content/__ExternalActors__/FirstPerson/Lvl_FirstPerson/D/9D/TEJVJKAJZZ94RM3N0CCU2O.uasset" 4717
"/Game/__ExternalActors__/FirstPerson/Lvl_FirstPerson/D/BL/WB7S47W2IE4F23EZ9SLQ1B" 4718
"../../../../../../Users/darcy/Documents/Unreal Projects/UnitB-Project/Content/__ExternalActors__/FirstPerson/Lvl_FirstPerson/D/BL/WB7S47W2IE4F23EZ9SLQ1B.uasset" 4719
"/Game/__ExternalActors__/FirstPerson/Lvl_FirstPerson/D/C7/LHEOZ28EA00LZG55QEAGFH" 4720
"../../../../../../Users/darcy/Documents/Unreal Projects/UnitB-Project/Content/__ExternalActors__/FirstPerson/Lvl_FirstPerson/D/C7/LHEOZ28EA00LZG55QEAGFH.uasset" 4721
"../../../Engine/Content/EngineSky/VolumetricClouds/m_SimpleVolumetricCloud_Inst.uasset" 4722
"../../../Engine/Content/EngineSky/VolumetricClouds/m_SimpleVolumetricCloud.uasset" 4723
"../../../Engine/Content/EngineSky/VolumetricClouds/T_CloudMask.uasset" 4724
"../../../Engine/Content/EngineSky/VolumetricClouds/T_CloudPattern.uasset" 4725
"../../../Engine/Content/EngineSky/VolumetricClouds/T_Profile_08.uasset" 4726
"../../../Engine/Content/EngineSky/VolumetricClouds/VT_PerlinWorley_Balanced.uasset" 4727
"../../../Engine/Content/Functions/Engine_MaterialFunctions01/Units/Km-to-Cm.uasset" 4728
"../../../Engine/Content/Functions/Engine_MaterialFunctions02/Utility/BreakOutFloat4Components.uasset" 4729
"../../../Engine/Content/EngineSky/VolumetricClouds/VT_Lightning.uasset" 4730
"/Game/__ExternalActors__/FirstPerson/Lvl_FirstPerson/D/DD/96OJFLVRWHK99XZ0PNRVOX" 4731
"../../../../../../Users/darcy/Documents/Unreal Projects/UnitB-Project/Content/__ExternalActors__/FirstPerson/Lvl_FirstPerson/D/DD/96OJFLVRWHK99XZ0PNRVOX.uasset" 4732
"/Game/__ExternalActors__/FirstPerson/Lvl_FirstPerson/D/EO/33RBSTCILQRE93AYOV9PW0" 4733
"../../../../../../Users/darcy/Documents/Unreal Projects/UnitB-Project/Content/__ExternalActors__/FirstPerson/Lvl_FirstPerson/D/EO/33RBSTCILQRE93AYOV9PW0.uasset" 4734
"../../../../../../Users/darcy/Documents/Unreal Projects/UnitB-Project/Content/Dev/Jamie/Actors/Sarcophagus/Blueprints/BP_Sarcophagus.uasset" 4735
"../../../../../../Users/darcy/Documents/Unreal Projects/UnitB-Project/Content/Dev/Jamie/Actors/Sarcophagus/Widgets/WB_SarcophagusInventory.uasset" 4736
"/Game/__ExternalActors__/FirstPerson/Lvl_FirstPerson/D/GJ/FFHD5ME4K81M6VTH91F75B" 4737
"../../../../../../Users/darcy/Documents/Unreal Projects/UnitB-Project/Content/__ExternalActors__/FirstPerson/Lvl_FirstPerson/D/GJ/FFHD5ME4K81M6VTH91F75B.uasset" 4738
"/Game/__ExternalActors__/FirstPerson/Lvl_FirstPerson/D/LX/IFUBSSJVUEN76BQ212LXH3" 4739
"../../../../../../Users/darcy/Documents/Unreal Projects/UnitB-Project/Content/__ExternalActors__/FirstPerson/Lvl_FirstPerson/D/LX/IFUBSSJVUEN76BQ212LXH3.uasset" 4740
"../../../../../../Users/darcy/Documents/Unreal Projects/UnitB-Project/Content/Assets/MODULARlevel/meshes/Modular_corner_one_trimsheet_one.uasset" 4741
"/Game/__ExternalActors__/FirstPerson/Lvl_FirstPerson/D/O1/EBL5P16YAL3QBVMB4QFEF8" 4742
"../../../../../../Users/darcy/Documents/Unreal Projects/UnitB-Project/Content/__ExternalActors__/FirstPerson/Lvl_FirstPerson/D/O1/EBL5P16YAL3QBVMB4QFEF8.uasset" 4743
"/Game/__ExternalActors__/FirstPerson/Lvl_FirstPerson/D/OA/WM6YQKDIYC4PP0IECUK40X" 4744
"../../../../../../Users/darcy/Documents/Unreal Projects/UnitB-Project/Content/__ExternalActors__/FirstPerson/Lvl_FirstPerson/D/OA/WM6YQKDIYC4PP0IECUK40X.uasset" 4745
"/Game/__ExternalActors__/FirstPerson/Lvl_FirstPerson/D/PL/DUY0BI509DLQP2X7STFAZD" 4746
"../../../../../../Users/darcy/Documents/Unreal Projects/UnitB-Project/Content/__ExternalActors__/FirstPerson/Lvl_FirstPerson/D/PL/DUY0BI509DLQP2X7STFAZD.uasset" 4747
"../../../../../../Users/darcy/Documents/Unreal Projects/UnitB-Project/Content/Assets/MODULARlevel/meshes/Modular_Door_two_trimsheet_one.uasset" 4748
"/Game/__ExternalActors__/FirstPerson/Lvl_FirstPerson/D/QB/A78MF2HVDGDWODJSY7F7SZ" 4749
"../../../../../../Users/darcy/Documents/Unreal Projects/UnitB-Project/Content/__ExternalActors__/FirstPerson/Lvl_FirstPerson/D/QB/A78MF2HVDGDWODJSY7F7SZ.uasset" 4750
"/Game/__ExternalActors__/FirstPerson/Lvl_FirstPerson/D/RQ/45GBH5Q1OYH4XVGO1X1M0U" 4751
"../../../../../../Users/darcy/Documents/Unreal Projects/UnitB-Project/Content/__ExternalActors__/FirstPerson/Lvl_FirstPerson/D/RQ/45GBH5Q1OYH4XVGO1X1M0U.uasset" 4752
"/Game/__ExternalActors__/FirstPerson/Lvl_FirstPerson/D/V5/M9ULCZT0Q33R6GH7FSYVBI" 4753
"../../../../../../Users/darcy/Documents/Unreal Projects/UnitB-Project/Content/__ExternalActors__/FirstPerson/Lvl_FirstPerson/D/V5/M9ULCZT0Q33R6GH7FSYVBI.uasset" 4754
"/Game/__ExternalActors__/FirstPerson/Lvl_FirstPerson/D/VB/BUJ0CKPWV4PJ3HJ56JYJ4X" 4755
"../../../../../../Users/darcy/Documents/Unreal Projects/UnitB-Project/Content/__ExternalActors__/FirstPerson/Lvl_FirstPerson/D/VB/BUJ0CKPWV4PJ3HJ56JYJ4X.uasset" 4756
"/Game/__ExternalActors__/FirstPerson/Lvl_FirstPerson/D/Z2/C514BVOLWFM4NGOM434SGV" 4757
"../../../../../../Users/darcy/Documents/Unreal Projects/UnitB-Project/Content/__ExternalActors__/FirstPerson/Lvl_FirstPerson/D/Z2/C514BVOLWFM4NGOM434SGV.uasset" 4758
"/Game/__ExternalActors__/FirstPerson/Lvl_FirstPerson/D/ZF/M5Q8TK481JE33R7YXRBGQV" 4759
"../../../../../../Users/darcy/Documents/Unreal Projects/UnitB-Project/Content/__ExternalActors__/FirstPerson/Lvl_FirstPerson/D/ZF/M5Q8TK481JE33R7YXRBGQV.uasset" 4760
"/Game/__ExternalActors__/FirstPerson/Lvl_FirstPerson/E/1P/68TWWWDTH2WQPWLDS1I69D" 4761
"../../../../../../Users/darcy/Documents/Unreal Projects/UnitB-Project/Content/__ExternalActors__/FirstPerson/Lvl_FirstPerson/E/1P/68TWWWDTH2WQPWLDS1I69D.uasset" 4762
"/Game/__ExternalActors__/FirstPerson/Lvl_FirstPerson/E/4W/51FCBKJLQOR86Z9DVO6036" 4763
"../../../../../../Users/darcy/Documents/Unreal Projects/UnitB-Project/Content/__ExternalActors__/FirstPerson/Lvl_FirstPerson/E/4W/51FCBKJLQOR86Z9DVO6036.uasset" 4764
"/Game/__ExternalActors__/FirstPerson/Lvl_FirstPerson/E/5P/57BPDIQWBY8SZYK98OR9A0" 4765
"../../../../../../Users/darcy/Documents/Unreal Projects/UnitB-Project/Content/__ExternalActors__/FirstPerson/Lvl_FirstPerson/E/5P/57BPDIQWBY8SZYK98OR9A0.uasset" 4766
"/Game/__ExternalActors__/FirstPerson/Lvl_FirstPerson/E/DU/J4J902CH0DCRU9FAF719SO" 4767
"../../../../../../Users/darcy/Documents/Unreal Projects/UnitB-Project/Content/__ExternalActors__/FirstPerson/Lvl_FirstPerson/E/DU/J4J902CH0DCRU9FAF719SO.uasset" 4768
"/Game/__ExternalActors__/FirstPerson/Lvl_FirstPerson/E/L0/QZETXJRQMSQ2OSL0TUC1R1" 4769
"../../../../../../Users/darcy/Documents/Unreal Projects/UnitB-Project/Content/__ExternalActors__/FirstPerson/Lvl_FirstPerson/E/L0/QZETXJRQMSQ2OSL0TUC1R1.uasset" 4770
"/Game/__ExternalActors__/FirstPerson/Lvl_FirstPerson/E/L8/4A4JTNABXEDLS8DO4876Z6" 4771
"../../../../../../Users/darcy/Documents/Unreal Projects/UnitB-Project/Content/__ExternalActors__/FirstPerson/Lvl_FirstPerson/E/L8/4A4JTNABXEDLS8DO4876Z6.uasset" 4772
"/Game/__ExternalActors__/FirstPerson/Lvl_FirstPerson/E/Q7/XV7TE0DG7DCLIYQDNQK1K0" 4773
"../../../../../../Users/darcy/Documents/Unreal Projects/UnitB-Project/Content/__ExternalActors__/FirstPerson/Lvl_FirstPerson/E/Q7/XV7TE0DG7DCLIYQDNQK1K0.uasset" 4774
"/Game/__ExternalActors__/FirstPerson/Lvl_FirstPerson/E/S5/EVSTUBETL6E1T5QJCKRLJC" 4775
"../../../../../../Users/darcy/Documents/Unreal Projects/UnitB-Project/Content/__ExternalActors__/FirstPerson/Lvl_FirstPerson/E/S5/EVSTUBETL6E1T5QJCKRLJC.uasset" 4776
"/Game/__ExternalActors__/FirstPerson/Lvl_FirstPerson/E/SO/EWZAC2W64SB8L753LS5O1X" 4777
"../../../../../../Users/darcy/Documents/Unreal Projects/UnitB-Project/Content/__ExternalActors__/FirstPerson/Lvl_FirstPerson/E/SO/EWZAC2W64SB8L753LS5O1X.uasset" 4778
"/Game/__ExternalActors__/FirstPerson/Lvl_FirstPerson/E/VF/F18S1LUJ76H5JJY9BFWK0W" 4779
"../../../../../../Users/darcy/Documents/Unreal Projects/UnitB-Project/Content/__ExternalActors__/FirstPerson/Lvl_FirstPerson/E/VF/F18S1LUJ76H5JJY9BFWK0W.uasset" 4780
"/Game/__ExternalActors__/FirstPerson/Lvl_FirstPerson/F/0G/2SO10PVUN7A27CV3BISX8Y" 4781
"../../../../../../Users/darcy/Documents/Unreal Projects/UnitB-Project/Content/__ExternalActors__/FirstPerson/Lvl_FirstPerson/F/0G/2SO10PVUN7A27CV3BISX8Y.uasset" 4782
"/Game/__ExternalActors__/FirstPerson/Lvl_FirstPerson/F/15/M1WIIAJR4QOAWVO81EOFZD" 4783
"../../../../../../Users/darcy/Documents/Unreal Projects/UnitB-Project/Content/__ExternalActors__/FirstPerson/Lvl_FirstPerson/F/15/M1WIIAJR4QOAWVO81EOFZD.uasset" 4784
"../../../../../../Users/darcy/Documents/Unreal Projects/UnitB-Project/Content/Assets/tombroom/polySurface1.uasset" 4785
"../../../../../../Users/darcy/Documents/Unreal Projects/UnitB-Project/Content/Assets/tombroom/Tombtexturetwo.uasset" 4786
"../../../../../../Users/darcy/Documents/Unreal Projects/UnitB-Project/Content/Assets/tombroom/lambert3SG_Base_color.uasset" 4787
"../../../../../../Users/darcy/Documents/Unreal Projects/UnitB-Project/Content/Assets/tombroom/lambert3SG_Height.uasset" 4788
"../../../../../../Users/darcy/Documents/Unreal Projects/UnitB-Project/Content/Assets/tombroom/lambert3SG_Metallic.uasset" 4789
"../../../../../../Users/darcy/Documents/Unreal Projects/UnitB-Project/Content/Assets/tombroom/lambert3SG_Normal.uasset" 4790
"../../../../../../Users/darcy/Documents/Unreal Projects/UnitB-Project/Content/Assets/tombroom/lambert3SG_Roughness.uasset" 4791
"/Game/__ExternalActors__/FirstPerson/Lvl_FirstPerson/F/3T/KNOW1BAE7PAVW682SBC6XE" 4792
"../../../../../../Users/darcy/Documents/Unreal Projects/UnitB-Project/Content/__ExternalActors__/FirstPerson/Lvl_FirstPerson/F/3T/KNOW1BAE7PAVW682SBC6XE.uasset" 4793
"/Game/__ExternalActors__/FirstPerson/Lvl_FirstPerson/F/3W/151ZX2YPI5UHY40LPVCISP" 4794
"../../../../../../Users/darcy/Documents/Unreal Projects/UnitB-Project/Content/__ExternalActors__/FirstPerson/Lvl_FirstPerson/F/3W/151ZX2YPI5UHY40LPVCISP.uasset" 4795
"/Engine/EditorResources/EmptyActor" 4796
"../../../Engine/Content/EditorResources/EmptyActor.uasset" 4797
"/Engine/EditorResources/LightIcons/S_LightError" 4798
"../../../Engine/Content/EditorResources/LightIcons/S_LightError.uasset" 4799
"/Engine/Functions/Engine_MaterialFunctions01/Texturing/FlattenNormal" 4800
"/InterchangeAssets/gltf/MaterialFunctions/MF_Clearcoat" 4801
"/InterchangeAssets/gltf/MaterialBodies/MF_ClearCoat_Body" 4802
"/Engine/Functions/Engine_MaterialFunctions03/Math/RemapValueRange" 4803
"../../../Engine/Plugins/Interchange/Assets/Content/gltf/MaterialInstances/MI_ClearCoat_Blend_DS.uasset" 4804
"../../../Engine/Plugins/Interchange/Assets/Content/gltf/MaterialBodies/MF_Default_Body.uasset" 4805
"../../../Engine/Plugins/Interchange/Assets/Content/gltf/MaterialInstances/MI_ClearCoat_Mask.uasset" 4806
"../../../Engine/Plugins/Interchange/Assets/Content/gltf/MaterialInstances/MI_ClearCoat_Opaque_DS.uasset" 4807
"../../../Engine/Plugins/Interchange/Assets/Content/gltf/M_Default.uasset" 4808
"../../../Engine/Plugins/Interchange/Assets/Content/gltf/MaterialInstances/MI_ClearCoat_Mask_DS.uasset" 4809
"../../../Engine/Plugins/Interchange/Assets/Content/gltf/MaterialInstances/MI_Default_Opaque.uasset" 4810
"../../../Engine/Plugins/Interchange/Assets/Content/gltf/MaterialInstances/MI_ClearCoat_Blend.uasset" 4811
"../../../Engine/Plugins/Interchange/Assets/Content/gltf/MaterialInstances/MI_Sheen_Opaque.uasset" 4812
"../../../Engine/Plugins/Interchange/Assets/Content/gltf/MaterialInstances/MI_Sheen_Opaque_DS.uasset" 4813
"../../../Engine/Plugins/Interchange/Assets/Content/gltf/MaterialFunctions/MF_Temporal_Blur.uasset" 4814
"../../../Engine/Plugins/Interchange/Assets/Content/gltf/MaterialInstances/MI_Default_Blend.uasset" 4815
"../../../Engine/Plugins/Interchange/Assets/Content/gltf/MaterialFunctions/MF_Fresnel_DS.uasset" 4816
"../../../Engine/Plugins/Interchange/Assets/Content/gltf/MaterialInstances/MI_Default_Mask_DS.uasset" 4817
"../../../Engine/Plugins/Interchange/Assets/Content/gltf/M_Transmission.uasset" 4818
"../../../Engine/Plugins/Interchange/Assets/Content/gltf/MaterialInstances/MI_Default_Mask.uasset" 4819
"../../../Engine/Plugins/Interchange/Assets/Content/gltf/M_Sheen.uasset" 4820
"../../../Engine/Plugins/Interchange/Assets/Content/gltf/MaterialInstances/MI_Default_Opaque_DS.uasset" 4821
"../../../Engine/Plugins/Interchange/Assets/Content/gltf/MaterialFunctions/MF_Transmission.uasset" 4822
"../../../Engine/Plugins/Interchange/Assets/Content/gltf/MaterialInstances/MI_Sheen_Mask.uasset" 4823
"../../../Engine/Plugins/Interchange/Assets/Content/gltf/MaterialInstances/MI_Sheen_Blend.uasset" 4824
"../../../Engine/Plugins/Interchange/Assets/Content/gltf/MaterialInstances/MI_Default_Blend_DS.uasset" 4825
"../../../Engine/Plugins/Interchange/Assets/Content/gltf/MaterialFunctions/MF_Sheen.uasset" 4826
"../../../Engine/Plugins/Interchange/Assets/Content/gltf/MaterialBodies/MF_Sheen_Body.uasset" 4827
"../../../Engine/Plugins/Interchange/Assets/Content/gltf/MaterialInstances/MI_Sheen_Mask_DS.uasset" 4828
"../../../Engine/Plugins/Interchange/Assets/Content/gltf/MaterialInstances/MI_Sheen_Blend_DS.uasset" 4829
"../../../Engine/Content/Functions/Engine_MaterialFunctions02/Texturing/ScreenAlignedPixelToPixelUVs.uasset" 4830
"../../../Engine/Plugins/Interchange/Assets/Content/gltf/MaterialBodies/MF_Transmission_Body.uasset" 4831
"/InterchangeAssets/gltf/MaterialInstances/MI_ClearCoat_Opaque" 4832
"../../../Engine/Plugins/Interchange/Assets/Content/gltf/MaterialInstances/MI_Transmission_DS.uasset" 4833
"../../../Engine/Plugins/Interchange/Assets/Content/gltf/MaterialInstances/MI_Transmission.uasset" 4834
"../../../Engine/Plugins/Interchange/Assets/Content/gltf/MaterialFunctions/MF_SpecGlossToMetalRoughness.uasset" 4835
"../../../Engine/Plugins/Interchange/Assets/Content/gltf/MaterialFunctions/MF_PerceivedBrightness.uasset" 4836
"../../../Engine/Plugins/Interchange/Assets/Shaders/ThinFilmFunctions.usf" 4837
"/InterchangeAssets/gltf/M_Transmission" 4838
"/InterchangeAssets/gltf/MaterialInstances/MI_Sheen_Blend_DS" 4839
"/InterchangeAssets/gltf/MaterialInstances/MI_Sheen_Mask_DS" 4840
"/InterchangeAssets/gltf/MaterialInstances/MI_Sheen_Opaque_DS" 4841
"/InterchangeAssets/gltf/MaterialInstances/MI_Sheen_Blend" 4842
"/InterchangeAssets/gltf/MaterialInstances/MI_Sheen_Mask" 4843
"/InterchangeAssets/gltf/MaterialInstances/MI_Sheen_Opaque" 4844
"/InterchangeAssets/gltf/MaterialInstances/MI_Default_Blend_DS" 4845
"/InterchangeAssets/gltf/MaterialInstances/MI_Default_Mask_DS" 4846
"/InterchangeAssets/gltf/MaterialInstances/MI_Default_Opaque_DS" 4847
"/InterchangeAssets/gltf/MaterialInstances/MI_Default_Blend" 4848
"/InterchangeAssets/gltf/MaterialInstances/MI_Default_Mask" 4849
"/InterchangeAssets/gltf/MaterialInstances/MI_Default_Opaque" 4850
"/InterchangeAssets/gltf/MaterialInstances/MI_ClearCoat_Blend_DS" 4851
"/InterchangeAssets/gltf/MaterialInstances/MI_ClearCoat_Mask_DS" 4852
"/InterchangeAssets/gltf/MaterialInstances/MI_ClearCoat_Opaque_DS" 4853
"/InterchangeAssets/gltf/MaterialInstances/MI_ClearCoat_Blend" 4854
"/InterchangeAssets/gltf/MaterialInstances/MI_ClearCoat_Mask" 4855
"../../../Engine/Plugins/Interchange/Assets/Content/gltf/MaterialFunctions/MF_DiffuseSpecGloss.uasset" 4856
"../../../Engine/Plugins/Interchange/Assets/Content/gltf/MaterialBodies/MF_SpecularGlossiness_Body.uasset" 4857
"../../../Engine/Plugins/Interchange/Assets/Content/gltf/MaterialFunctions/MF_MaxComponentValue.uasset" 4858
"../../../Engine/Plugins/Interchange/Assets/Content/gltf/MaterialInstances/MI_SpecularGlossiness_Opaque_DS.uasset" 4859
"../../../Engine/Plugins/Interchange/Assets/Content/gltf/MaterialInstances/MI_SpecularGlossiness_Mask.uasset" 4860
"../../../Engine/Plugins/Interchange/Assets/Content/gltf/MaterialInstances/MI_SpecularGlossiness_Mask_DS.uasset" 4861
"../../../Engine/Plugins/Interchange/Assets/Content/gltf/MaterialInstances/MI_SpecularGlossiness_Blend.uasset" 4862
"../../../Engine/Content/Functions/Engine_MaterialFunctions01/Volumetrics/BeersLaw.uasset" 4863
"../../../Engine/Plugins/Interchange/Assets/Content/gltf/M_Unlit.uasset" 4864
"../../../Engine/Plugins/Interchange/Assets/Content/gltf/MaterialInstances/MI_SpecularGlossiness_Opaque.uasset" 4865
"../../../Engine/Plugins/Interchange/Assets/Content/gltf/MaterialBodies/MF_Unlit_Body.uasset" 4866
"C:/Users/darcy/Documents/Unreal Projects/UnitB-Project/Content/Dev/Darcy/Blueprints/SaveGame/BP_GameInstance.uasset" 4867
"../../../Engine/Plugins/Interchange/Assets/Content/gltf/M_SpecularGlossiness.uasset" 4868
"../../../Engine/Plugins/Interchange/Assets/Content/gltf/MaterialInstances/MI_Unlit_Opaque.uasset" 4869
"../../../Engine/Content/Functions/Engine_MaterialFunctions02/Math/AddComponents.uasset" 4870
"../../../Engine/Plugins/Interchange/Assets/Content/gltf/MaterialInstances/MI_Unlit_Mask.uasset" 4871
"../../../Engine/Plugins/Interchange/Assets/Content/gltf/MaterialInstances/MI_Unlit_Mask_DS.uasset" 4872
"../../../Engine/Plugins/Interchange/Assets/Content/Functions/MX_TransmissionSurface.uasset" 4873
"../../../Engine/Plugins/Interchange/Assets/Content/gltf/MaterialInstances/MI_SpecularGlossiness_Blend_DS.uasset" 4874
"../../../Engine/Plugins/Interchange/Assets/Content/gltf/MaterialInstances/MI_Unlit_Opaque_DS.uasset" 4875
"../../../Engine/Plugins/Interchange/Assets/Content/gltf/MaterialInstances/MI_Unlit_Blend.uasset" 4876
"../../../Engine/Content/Functions/Substrate/MF_SchlickInternal.uasset" 4877
"../../../Engine/Plugins/Interchange/Assets/Content/Functions/MX_StandardSurface.uasset" 4878
"../../../Engine/Plugins/Interchange/Assets/Content/gltf/MaterialInstances/MI_Unlit_Blend_DS.uasset" 4879
"../../../Engine/Plugins/Interchange/Assets/Content/Functions/MF_OrenNayerView.uasset" 4880
"../../../Engine/Plugins/Interchange/Assets/Content/Functions/MX_Transmission.uasset" 4881
"../../../Engine/Plugins/Interchange/Assets/Content/Functions/MX_OpenPBR_Translucent.uasset" 4882
"/InterchangeAssets/gltf/MaterialInstances/MI_Transmission_DS" 4883
"/InterchangeAssets/gltf/MaterialInstances/MI_Transmission" 4884
"/InterchangeAssets/gltf/MaterialFunctions/MF_SpecGlossToMetalRoughness" 4885
"/Game/Dev/Darcy/Blueprints/SaveGame/BP_GameInstance" 4886
"/InterchangeAssets/gltf/MaterialInstances/MI_Unlit_Blend_DS" 4887
"/InterchangeAssets/gltf/MaterialInstances/MI_Unlit_Mask_DS" 4888
"/InterchangeAssets/gltf/MaterialInstances/MI_Unlit_Opaque_DS" 4889
"/InterchangeAssets/gltf/MaterialInstances/MI_Unlit_Blend" 4890
"/InterchangeAssets/gltf/MaterialInstances/MI_Unlit_Mask" 4891
"/InterchangeAssets/gltf/MaterialInstances/MI_Unlit_Opaque" 4892
"/InterchangeAssets/Functions/MX_OpenPBR_Translucent" 4893
"/InterchangeAssets/gltf/MaterialInstances/MI_SpecularGlossiness_Blend_DS" 4894
"/InterchangeAssets/gltf/MaterialInstances/MI_SpecularGlossiness_Mask_DS" 4895
"/InterchangeAssets/gltf/MaterialInstances/MI_SpecularGlossiness_Opaque_DS" 4896
"/InterchangeAssets/gltf/MaterialInstances/MI_SpecularGlossiness_Blend" 4897
"/InterchangeAssets/gltf/MaterialInstances/MI_SpecularGlossiness_Mask" 4898
"/InterchangeAssets/gltf/MaterialInstances/MI_SpecularGlossiness_Opaque" 4899
"../../../Engine/Plugins/Interchange/Assets/Content/Functions/MX_OpenPBR_Opaque.uasset" 4900
"../../../Engine/Plugins/Animation/ControlRig/Content/Controls/ControlRig_Sphere_solid.uasset" 4901
"../../../Engine/Plugins/Animation/ControlRig/Content/Controls/ControlRig_Arrow2_1mm.uasset" 4902
"../../../Engine/Plugins/Animation/ControlRig/Content/Controls/ControlRig_Arrow4_1mm.uasset" 4903
"../../../Engine/Plugins/Animation/ControlRig/Content/Controls/ControlRig_Arrow_1mm.uasset" 4904
"../../../Engine/Plugins/Animation/ControlRig/Content/Controls/ControlRig_Box_1mm.uasset" 4905
"../../../Engine/Plugins/Animation/ControlRig/Content/Controls/ControlRig_Arrow2_3mm.uasset" 4906
"../../../Engine/Plugins/Animation/ControlRig/Content/Controls/ControlRig_Arrow4_3mm.uasset" 4907
"../../../Engine/Plugins/Animation/ControlRig/Content/Controls/ControlRig_Circle_1mm.uasset" 4908
"../../../Engine/Plugins/Animation/ControlRig/Content/Controls/ControlRig_Diamond_3mm.uasset" 4909
"../../../Engine/Plugins/Animation/ControlRig/Content/Controls/ControlRig_Diamond_1mm.uasset" 4910
"../../../Engine/Plugins/Animation/ControlRig/Content/Controls/ControlRig_HalfCircle_1mm.uasset" 4911
"../../../Engine/Plugins/Animation/ControlRig/Content/Controls/ControlRig_Diamond_solid.uasset" 4912
"../../../Engine/Plugins/Animation/ControlRig/Content/Controls/ControlRig_Octagon_3mm.uasset" 4913
"../../../Engine/Plugins/Animation/ControlRig/Content/Controls/ControlRig_Octagon_solid.uasset" 4914
"../../../Engine/Plugins/Animation/ControlRig/Content/Controls/ControlRig_Hexagon_solid.uasset" 4915
"../../../Engine/Plugins/Animation/ControlRig/Content/Controls/ControlRig_Hexagon_3mm.uasset" 4916
"../../../Engine/Plugins/Animation/ControlRig/Content/Controls/ControlRig_Arrow2_solid.uasset" 4917
"../../../Engine/Plugins/Animation/ControlRig/Content/Controls/ControlRig_Pyramid_1mm.uasset" 4918
"../../../Engine/Plugins/Animation/ControlRig/Content/Controls/ControlRig_Arrow_solid.uasset" 4919
"../../../Engine/Plugins/Animation/ControlRig/Content/Controls/ControlRig_Arrow4_solid.uasset" 4920
"../../../Engine/Plugins/Animation/ControlRig/Content/Controls/ControlRig_Hexagon_1mm.uasset" 4921
"/InterchangeAssets/Functions/MX_OpenPBR_Opaque" 4922
"../../../Engine/Plugins/Animation/ControlRig/Content/Controls/ControlRig_Octagon_1mm.uasset" 4923
"../../../Engine/Plugins/Animation/ControlRig/Content/Controls/ControlRig_Box_3mm.uasset" 4924
"../../../Engine/Plugins/Animation/ControlRig/Content/Controls/ControlRig_Circle_3mm.uasset" 4925
"../../../Engine/Plugins/Animation/ControlRig/Content/Controls/ControlRig_Box_solid.uasset" 4926
"../../../Engine/Plugins/Animation/ControlRig/Content/Controls/ControlRig_HalfCircle_solid.uasset" 4927
"../../../Engine/Plugins/Animation/ControlRig/Content/Controls/ControlRig_Arrow_3mm.uasset" 4928
"../../../Engine/Plugins/Animation/ControlRig/Content/Controls/ControlRig_HalfCircle_3mm.uasset" 4929
"../../../Engine/Plugins/Animation/ControlRig/Content/Controls/ControlRig_Pyramid_3mm.uasset" 4930
"../../../Engine/Plugins/Animation/ControlRig/Content/Controls/ControlRig_Pyramid_solid.uasset" 4931
"../../../Engine/Plugins/Animation/ControlRig/Content/Controls/ControlRig_Circle_solid.uasset" 4932
"/ControlRig/Controls/ControlRig_Octagon_solid" 4933
"../../../Engine/Plugins/Animation/ControlRig/Content/Controls/ControlRig_QuarterCircle_1mm.uasset" 4934
"/ControlRig/Controls/ControlRig_Octagon_3mm" 4935
"/ControlRig/Controls/ControlRig_Pyramid_solid" 4936
"/ControlRig/Controls/ControlRig_Octagon_1mm" 4937
"/ControlRig/Controls/ControlRig_Hexagon_solid" 4938
"/ControlRig/Controls/ControlRig_Pyramid_3mm" 4939
"/ControlRig/Controls/ControlRig_Hexagon_3mm" 4940
"/ControlRig/Controls/ControlRig_Hexagon_1mm" 4941
"/ControlRig/Controls/ControlRig_HalfCircle_solid" 4942
"/ControlRig/Controls/ControlRig_HalfCircle_3mm" 4943
"/ControlRig/Controls/ControlRig_HalfCircle_1mm" 4944
"/ControlRig/Controls/ControlRig_Diamond_solid" 4945
"/ControlRig/Controls/ControlRig_Diamond_3mm" 4946
"/ControlRig/Controls/ControlRig_Diamond_1mm" 4947
"/ControlRig/Controls/ControlRig_Circle_solid" 4948
"/ControlRig/Controls/ControlRig_Circle_3mm" 4949
"/ControlRig/Controls/ControlRig_Circle_1mm" 4950
"/ControlRig/Controls/ControlRig_Box_solid" 4951
"/ControlRig/Controls/ControlRig_Box_3mm" 4952
"/ControlRig/Controls/ControlRig_Box_1mm" 4953
"/ControlRig/Controls/ControlRig_Arrow_solid" 4954
"/ControlRig/Controls/ControlRig_Arrow_3mm" 4955
"/ControlRig/Controls/ControlRig_Arrow_1mm" 4956
"/ControlRig/Controls/ControlRig_Arrow4_solid" 4957
"/ControlRig/Controls/ControlRig_Arrow4_3mm" 4958
"/ControlRig/Controls/ControlRig_Arrow4_1mm" 4959
"/ControlRig/Controls/ControlRig_Arrow2_solid" 4960
"/ControlRig/Controls/ControlRig_Arrow2_3mm" 4961
"/ControlRig/Controls/ControlRig_Arrow2_1mm" 4962
"/ControlRig/Controls/ControlRig_Sphere_solid" 4963
"/ControlRig/Controls/ControlRig_Pyramid_1mm" 4964
"../../../Engine/Plugins/Animation/ControlRig/Content/Controls/ControlRig_RoundedSquare_3mm.uasset" 4965
"../../../Engine/Plugins/Animation/ControlRig/Content/Controls/ControlRig_RoundedTriangle_1mm.uasset" 4966
"../../../Engine/Plugins/Animation/ControlRig/Content/Controls/ControlRig_RoundedSquare_solid.uasset" 4967
"../../../Engine/Plugins/Animation/ControlRig/Content/Controls/ControlRig_Square_solid.uasset" 4968
"../../../Engine/Plugins/Animation/ControlRig/Content/Controls/ControlRig_Square_3mm.uasset" 4969
"../../../Engine/Plugins/Animation/ControlRig/Content/Controls/ControlRig_RoundedSquare_1mm.uasset" 4970
"../../../Engine/Plugins/Animation/ControlRig/Content/Controls/ControlRig_Star4_3mm.uasset" 4971
"/ControlRig/Controls/ControlRig_QuarterCircle_1mm" 4972
"../../../Engine/Plugins/Animation/ControlRig/Content/Controls/ControlRig_Sphere_3mm.uasset" 4973
"../../../Engine/Plugins/Animation/ControlRig/Content/Controls/ControlRig_Triangle_3mm.uasset" 4974
"../../../Engine/Plugins/Animation/ControlRig/Content/Controls/ControlRig_RoundedTriangle_solid.uasset" 4975
"../../../Engine/Plugins/Animation/ControlRig/Content/Controls/ControlRig_Wedge_solid.uasset" 4976
"../../../Engine/Content/Maps/Entry.umap" 4977
"../../../Engine/Plugins/Animation/ControlRig/Content/Controls/ControlRig_Sphere_1mm.uasset" 4978
"../../../Engine/Plugins/Animation/ControlRig/Content/Controls/ControlRig_QuarterCircle_solid.uasset" 4979
"../../../Engine/Plugins/Animation/ControlRig/Content/Controls/ControlRig_RoundedTriangle_3mm.uasset" 4980
"../../../Engine/Plugins/Animation/ControlRig/Content/Controls/ControlRig_Square_1mm.uasset" 4981
"../../../Engine/Plugins/Animation/ControlRig/Content/Controls/ControlRig_Star4_1mm.uasset" 4982
"../../../Engine/Plugins/Animation/ControlRig/Content/Controls/ControlRig_Triangle_solid.uasset" 4983
"../../../Engine/Plugins/Animation/ControlRig/Content/Controls/ControlRig_QuarterCircle_3mm.uasset" 4984
"../../../Engine/Content/Maps/Entry_BuiltData.uasset" 4985
"../../../Engine/Plugins/Animation/ControlRig/Content/Controls/ControlRig_Triangle_1mm.uasset" 4986
"../../../Engine/Plugins/Animation/ControlRig/Content/Controls/ControlRig_Wedge_3mm.uasset" 4987
"../../../Engine/Plugins/Animation/ControlRig/Content/Controls/ControlRig_Star4_solid.uasset" 4988
"../../../Engine/Plugins/Animation/ControlRig/Content/Controls/ControlRig_Wedge_1mm.uasset" 4989
"/ControlRig/Controls/ControlRig_Star4_3mm" 4990
"/ControlRig/Controls/ControlRig_Square_solid" 4991
"/ControlRig/Controls/ControlRig_Square_3mm" 4992
"/ControlRig/Controls/ControlRig_RoundedTriangle_solid" 4993
"/ControlRig/Controls/ControlRig_RoundedTriangle_1mm" 4994
"/ControlRig/Controls/ControlRig_RoundedSquare_solid" 4995
"/ControlRig/Controls/ControlRig_RoundedSquare_3mm" 4996
"/ControlRig/Controls/ControlRig_RoundedSquare_1mm" 4997
"/Engine/Maps/Entry" 4998
"/ControlRig/Controls/ControlRig_Wedge_solid" 4999
"/ControlRig/Controls/ControlRig_Wedge_3mm" 5000
"/ControlRig/Controls/ControlRig_Wedge_1mm" 5001
"/ControlRig/Controls/ControlRig_Triangle_solid" 5002
"/ControlRig/Controls/ControlRig_Triangle_3mm" 5003
"/ControlRig/Controls/ControlRig_Triangle_1mm" 5004
"/ControlRig/Controls/ControlRig_Star4_solid" 5005
"/ControlRig/Controls/ControlRig_Star4_1mm" 5006
"/ControlRig/Controls/ControlRig_Square_1mm" 5007
"/ControlRig/Controls/ControlRig_Sphere_3mm" 5008
"/ControlRig/Controls/ControlRig_Sphere_1mm" 5009
"/ControlRig/Controls/ControlRig_RoundedTriangle_3mm" 5010
"/ControlRig/Controls/ControlRig_QuarterCircle_solid" 5011
"/ControlRig/Controls/ControlRig_QuarterCircle_3mm" 5012
"../../../Engine/Content/EditorMaterials/PreviewShadowIndicator.uasset" 5013
"../../../Engine/Content/EditorMaterials/PreviewShadowIndicatorMaterial.uasset" 5014
"../../../Engine/Content/EngineMaterials/Substrate/GLints/dict_16_192_64_0p5_0p02_0000_0000.uasset" 5015
"../../../Engine/Content/EngineMaterials/Substrate/GLints/dict_16_192_64_0p5_0p02_0000_0004.uasset" 5016
"../../../Engine/Content/EngineMaterials/Substrate/GLints/dict_16_192_64_0p5_0p02_0000_0001.uasset" 5017
"../../../Engine/Content/EngineMaterials/Substrate/GLints/dict_16_192_64_0p5_0p02_0000_0002.uasset" 5018
"../../../Engine/Content/EngineMaterials/Substrate/GLints/dict_16_192_64_0p5_0p02_0000_0008.uasset" 5019
"../../../Engine/Content/EngineMaterials/Substrate/GLints/dict_16_192_64_0p5_0p02_0000_0015.uasset" 5020
"../../../Engine/Content/EngineMaterials/Substrate/GLints/dict_16_192_64_0p5_0p02_0001_0001.uasset" 5021
"../../../Engine/Content/EngineMaterials/Substrate/GLints/dict_16_192_64_0p5_0p02_0001_0003.uasset" 5022
"../../../Engine/Content/EngineMaterials/Substrate/GLints/dict_16_192_64_0p5_0p02_0001_0011.uasset" 5023
"../../../Engine/Content/EngineMaterials/Substrate/GLints/dict_16_192_64_0p5_0p02_0000_0003.uasset" 5024
"../../../Engine/Content/EngineMaterials/Substrate/GLints/dict_16_192_64_0p5_0p02_0000_0012.uasset" 5025
"../../../Engine/Content/EngineMaterials/Substrate/GLints/dict_16_192_64_0p5_0p02_0001_0000.uasset" 5026
"../../../Engine/Content/EngineMaterials/Substrate/GLints/dict_16_192_64_0p5_0p02_0001_0004.uasset" 5027
"../../../Engine/Content/EngineMaterials/Substrate/GLints/dict_16_192_64_0p5_0p02_0001_0006.uasset" 5028
"../../../Engine/Content/EngineMaterials/Substrate/GLints/dict_16_192_64_0p5_0p02_0000_0007.uasset" 5029
"../../../Engine/Content/EngineMaterials/Substrate/GLints/dict_16_192_64_0p5_0p02_0000_0005.uasset" 5030
"../../../Engine/Content/EngineMaterials/Substrate/GLints/dict_16_192_64_0p5_0p02_0000_0010.uasset" 5031
"../../../Engine/Content/EngineMaterials/Substrate/GLints/dict_16_192_64_0p5_0p02_0001_0013.uasset" 5032
"../../../Engine/Content/EngineMaterials/Substrate/GLints/dict_16_192_64_0p5_0p02_0000_0014.uasset" 5033
"../../../Engine/Content/EngineMaterials/Substrate/GLints/dict_16_192_64_0p5_0p02_0001_0008.uasset" 5034
"../../../Engine/Content/EngineMaterials/Substrate/GLints/dict_16_192_64_0p5_0p02_0000_0011.uasset" 5035
"../../../Engine/Content/EngineMaterials/Substrate/GLints/dict_16_192_64_0p5_0p02_0000_0006.uasset" 5036
"../../../Engine/Content/EngineMaterials/Substrate/GLints/dict_16_192_64_0p5_0p02_0001_0005.uasset" 5037
"../../../Engine/Content/EngineMaterials/Substrate/GLints/dict_16_192_64_0p5_0p02_0001_0002.uasset" 5038
"../../../Engine/Content/EngineMaterials/Substrate/GLints/dict_16_192_64_0p5_0p02_0001_0010.uasset" 5039
"../../../Engine/Content/EngineMaterials/Substrate/GLints/dict_16_192_64_0p5_0p02_0001_0012.uasset" 5040
"../../../Engine/Content/EngineMaterials/Substrate/GLints/dict_16_192_64_0p5_0p02_0001_0009.uasset" 5041
"../../../Engine/Content/EngineMaterials/Substrate/GLints/dict_16_192_64_0p5_0p02_0001_0007.uasset" 5042
"../../../Engine/Content/EngineMaterials/Substrate/GLints/dict_16_192_64_0p5_0p02_0000_0013.uasset" 5043
"../../../Engine/Content/EngineMaterials/Substrate/GLints/dict_16_192_64_0p5_0p02_0000_0009.uasset" 5044
"/Engine/EditorMaterials/PreviewShadowIndicatorMaterial" 5045
"../../../Engine/Content/EngineMaterials/Substrate/GLints/dict_16_192_64_0p5_0p02_0001_0015.uasset" 5046
"../../../Engine/Content/EngineMaterials/Substrate/GLints/dict_16_192_64_0p5_0p02_0001_0014.uasset" 5047
"/Engine/EngineMaterials/Substrate/GLints/dict_16_192_64_0p5_0p02_0001_0013" 5048
"/Engine/EngineMaterials/Substrate/GLints/dict_16_192_64_0p5_0p02_0001_0012" 5049
"/Engine/EngineMaterials/Substrate/GLints/dict_16_192_64_0p5_0p02_0001_0011" 5050
"/Engine/EngineMaterials/Substrate/GLints/dict_16_192_64_0p5_0p02_0001_0010" 5051
"/Engine/EngineMaterials/Substrate/GLints/dict_16_192_64_0p5_0p02_0001_0008" 5052
"/Engine/EngineMaterials/Substrate/GLints/dict_16_192_64_0p5_0p02_0001_0007" 5053
"/Engine/EngineMaterials/Substrate/GLints/dict_16_192_64_0p5_0p02_0001_0006" 5054
"/Engine/EngineMaterials/Substrate/GLints/dict_16_192_64_0p5_0p02_0000_0013" 5055
"/Engine/EngineMaterials/Substrate/GLints/dict_16_192_64_0p5_0p02_0000_0012" 5056
"/Engine/EngineMaterials/Substrate/GLints/dict_16_192_64_0p5_0p02_0000_0011" 5057
"/Engine/EngineMaterials/Substrate/GLints/dict_16_192_64_0p5_0p02_0000_0010" 5058
"/Engine/EngineMaterials/Substrate/GLints/dict_16_192_64_0p5_0p02_0000_0009" 5059
"/Engine/EngineMaterials/Substrate/GLints/dict_16_192_64_0p5_0p02_0000_0008" 5060
"/Engine/EngineMaterials/Substrate/GLints/dict_16_192_64_0p5_0p02_0000_0007" 5061
"/Engine/EngineMaterials/Substrate/GLints/dict_16_192_64_0p5_0p02_0000_0006" 5062
"/Engine/EngineMaterials/Substrate/GLints/dict_16_192_64_0p5_0p02_0000_0005" 5063
"/Engine/EngineMaterials/Substrate/GLints/dict_16_192_64_0p5_0p02_0001_0005" 5064
"/Engine/EngineMaterials/Substrate/GLints/dict_16_192_64_0p5_0p02_0000_0004" 5065
"/Engine/EngineMaterials/Substrate/GLints/dict_16_192_64_0p5_0p02_0001_0004" 5066
"/Engine/EngineMaterials/Substrate/GLints/dict_16_192_64_0p5_0p02_0001_0003" 5067
"/Engine/EngineMaterials/Substrate/GLints/dict_16_192_64_0p5_0p02_0000_0003" 5068
"/Engine/EngineMaterials/Substrate/GLints/dict_16_192_64_0p5_0p02_0000_0002" 5069
"/Engine/EngineMaterials/Substrate/GLints/dict_16_192_64_0p5_0p02_0000_0001" 5070
"/Engine/EngineMaterials/Substrate/GLints/dict_16_192_64_0p5_0p02_0001_0002" 5071
"/Engine/EngineMaterials/Substrate/GLints/dict_16_192_64_0p5_0p02_0000_0000" 5072
"/Engine/EngineMaterials/Substrate/GLints/dict_16_192_64_0p5_0p02_0001_0001" 5073
"/Engine/EngineMaterials/Substrate/GLints/dict_16_192_64_0p5_0p02_0001_0000" 5074
"/Engine/EngineMaterials/Substrate/GLints/dict_16_192_64_0p5_0p02_0000_0015" 5075
"/Engine/EngineMaterials/Substrate/GLints/dict_16_192_64_0p5_0p02_0000_0014" 5076
"/Engine/EngineMaterials/Substrate/GLints/dict_16_192_64_0p5_0p02_0001_0009" 5077
"/Engine/EngineMaterials/Substrate/GLints/dict_16_192_64_0p5_0p02_0001_0015" 5078
"../../../Engine/Content/EngineMaterials/Substrate/GLints/dict_16_192_64_0p5_0p02_0002_0002.uasset" 5079
"/Engine/EngineMaterials/Substrate/GLints/dict_16_192_64_0p5_0p02_0001_0014" 5080
"../../../Engine/Content/EngineMaterials/Substrate/GLints/dict_16_192_64_0p5_0p02_0002_0000.uasset" 5081
"../../../Engine/Content/EngineMaterials/Substrate/GLints/dict_16_192_64_0p5_0p02_0002_0008.uasset" 5082
"../../../Engine/Content/EngineMaterials/Substrate/GLints/dict_16_192_64_0p5_0p02_0002_0007.uasset" 5083
"../../../Engine/Content/EngineMaterials/Substrate/GLints/dict_16_192_64_0p5_0p02_0002_0003.uasset" 5084
"../../../Engine/Content/EngineMaterials/Substrate/GLints/dict_16_192_64_0p5_0p02_0002_0001.uasset" 5085
"../../../Engine/Content/EngineMaterials/Substrate/GLints/dict_16_192_64_0p5_0p02_0002_0011.uasset" 5086
"../../../Engine/Content/EngineMaterials/Substrate/GLints/dict_16_192_64_0p5_0p02_0002_0009.uasset" 5087
"../../../Engine/Content/EngineMaterials/Substrate/GLints/dict_16_192_64_0p5_0p02_0002_0004.uasset" 5088
"../../../Engine/Content/EngineMaterials/Substrate/GLints/dict_16_192_64_0p5_0p02_0003_0000.uasset" 5089
"../../../Engine/Content/EngineMaterials/Substrate/GLints/dict_16_192_64_0p5_0p02_0002_0010.uasset" 5090
"../../../Engine/Content/EngineMaterials/Substrate/GLints/dict_16_192_64_0p5_0p02_0002_0013.uasset" 5091
"../../../Engine/Content/EngineMaterials/Substrate/GLints/dict_16_192_64_0p5_0p02_0003_0004.uasset" 5092
"../../../Engine/Content/EngineMaterials/Substrate/GLints/dict_16_192_64_0p5_0p02_0002_0014.uasset" 5093
"../../../Engine/Content/EngineMaterials/Substrate/GLints/dict_16_192_64_0p5_0p02_0003_0003.uasset" 5094
"../../../Engine/Content/EngineMaterials/Substrate/GLints/dict_16_192_64_0p5_0p02_0003_0009.uasset" 5095
"../../../Engine/Content/EngineMaterials/Substrate/GLints/dict_16_192_64_0p5_0p02_0003_0005.uasset" 5096
"../../../Engine/Content/EngineMaterials/Substrate/GLints/dict_16_192_64_0p5_0p02_0002_0006.uasset" 5097
"../../../Engine/Content/EngineMaterials/Substrate/GLints/dict_16_192_64_0p5_0p02_0002_0015.uasset" 5098
"../../../Engine/Content/EngineMaterials/Substrate/GLints/dict_16_192_64_0p5_0p02_0002_0012.uasset" 5099
"../../../Engine/Content/EngineMaterials/Substrate/GLints/dict_16_192_64_0p5_0p02_0002_0005.uasset" 5100
"../../../Engine/Content/EngineMaterials/Substrate/GLints/dict_16_192_64_0p5_0p02_0003_0012.uasset" 5101
"../../../Engine/Content/EngineMaterials/Substrate/GLints/dict_16_192_64_0p5_0p02_0003_0008.uasset" 5102
"../../../Engine/Content/EngineMaterials/Substrate/GLints/dict_16_192_64_0p5_0p02_0003_0006.uasset" 5103
"../../../Engine/Content/EngineMaterials/Substrate/GLints/dict_16_192_64_0p5_0p02_0003_0011.uasset" 5104
"../../../Engine/Content/EngineMaterials/Substrate/GLints/dict_16_192_64_0p5_0p02_0003_0001.uasset" 5105
"../../../Engine/Content/EngineMaterials/Substrate/GLints/dict_16_192_64_0p5_0p02_0003_0013.uasset" 5106
"../../../Engine/Content/EngineMaterials/Substrate/GLints/dict_16_192_64_0p5_0p02_0003_0007.uasset" 5107
"../../../Engine/Content/EngineMaterials/Substrate/GLints/dict_16_192_64_0p5_0p02_0003_0010.uasset" 5108
"../../../Engine/Content/EngineMaterials/Substrate/GLints/dict_16_192_64_0p5_0p02_0003_0002.uasset" 5109
"../../../Engine/Content/EngineMaterials/Substrate/GLints/dict_16_192_64_0p5_0p02_0003_0014.uasset" 5110
"../../../Engine/Content/EngineMaterials/Substrate/GLints/dict_16_192_64_0p5_0p02_0003_0015.uasset" 5111
"/Engine/EngineMaterials/Substrate/GLints/dict_16_192_64_0p5_0p02_0003_0013" 5112
"/Engine/EngineMaterials/Substrate/GLints/dict_16_192_64_0p5_0p02_0003_0012" 5113
"/Engine/EngineMaterials/Substrate/GLints/dict_16_192_64_0p5_0p02_0003_0011" 5114
"/Engine/EngineMaterials/Substrate/GLints/dict_16_192_64_0p5_0p02_0003_0010" 5115
"/Engine/EngineMaterials/Substrate/GLints/dict_16_192_64_0p5_0p02_0003_0009" 5116
"/Engine/EngineMaterials/Substrate/GLints/dict_16_192_64_0p5_0p02_0003_0008" 5117
"/Engine/EngineMaterials/Substrate/GLints/dict_16_192_64_0p5_0p02_0003_0007" 5118
"/Engine/EngineMaterials/Substrate/GLints/dict_16_192_64_0p5_0p02_0003_0006" 5119
"/Engine/EngineMaterials/Substrate/GLints/dict_16_192_64_0p5_0p02_0003_0005" 5120
"/Engine/EngineMaterials/Substrate/GLints/dict_16_192_64_0p5_0p02_0003_0004" 5121
"/Engine/EngineMaterials/Substrate/GLints/dict_16_192_64_0p5_0p02_0003_0003" 5122
"/Engine/EngineMaterials/Substrate/GLints/dict_16_192_64_0p5_0p02_0003_0002" 5123
"/Engine/EngineMaterials/Substrate/GLints/dict_16_192_64_0p5_0p02_0003_0001" 5124
"/Engine/EngineMaterials/Substrate/GLints/dict_16_192_64_0p5_0p02_0003_0000" 5125
"/Engine/EngineMaterials/Substrate/GLints/dict_16_192_64_0p5_0p02_0002_0015" 5126
"/Engine/EngineMaterials/Substrate/GLints/dict_16_192_64_0p5_0p02_0002_0014" 5127
"/Engine/EngineMaterials/Substrate/GLints/dict_16_192_64_0p5_0p02_0002_0013" 5128
"/Engine/EngineMaterials/Substrate/GLints/dict_16_192_64_0p5_0p02_0002_0012" 5129
"/Engine/EngineMaterials/Substrate/GLints/dict_16_192_64_0p5_0p02_0002_0011" 5130
"/Engine/EngineMaterials/Substrate/GLints/dict_16_192_64_0p5_0p02_0002_0010" 5131
"/Engine/EngineMaterials/Substrate/GLints/dict_16_192_64_0p5_0p02_0002_0009" 5132
"/Engine/EngineMaterials/Substrate/GLints/dict_16_192_64_0p5_0p02_0002_0008" 5133
"/Engine/EngineMaterials/Substrate/GLints/dict_16_192_64_0p5_0p02_0002_0007" 5134
"/Engine/EngineMaterials/Substrate/GLints/dict_16_192_64_0p5_0p02_0002_0006" 5135
"/Engine/EngineMaterials/Substrate/GLints/dict_16_192_64_0p5_0p02_0002_0005" 5136
"/Engine/EngineMaterials/Substrate/GLints/dict_16_192_64_0p5_0p02_0002_0004" 5137
"/Engine/EngineMaterials/Substrate/GLints/dict_16_192_64_0p5_0p02_0002_0003" 5138
"/Engine/EngineMaterials/Substrate/GLints/dict_16_192_64_0p5_0p02_0002_0002" 5139
"/Engine/EngineMaterials/Substrate/GLints/dict_16_192_64_0p5_0p02_0002_0001" 5140
"/Engine/EngineMaterials/Substrate/GLints/dict_16_192_64_0p5_0p02_0003_0015" 5141
"/Engine/EngineMaterials/Substrate/GLints/dict_16_192_64_0p5_0p02_0002_0000" 5142
"/Engine/EngineMaterials/Substrate/GLints/dict_16_192_64_0p5_0p02_0003_0014" 5143
"../../../Engine/Content/EngineMaterials/Substrate/GLints/dict_16_192_64_0p5_0p02_0004_0001.uasset" 5144
"../../../Engine/Content/EngineMaterials/Substrate/GLints/dict_16_192_64_0p5_0p02_0004_0005.uasset" 5145
"../../../Engine/Content/EngineMaterials/Substrate/GLints/dict_16_192_64_0p5_0p02_0004_0002.uasset" 5146
"../../../Engine/Content/EngineMaterials/Substrate/GLints/dict_16_192_64_0p5_0p02_0004_0007.uasset" 5147
"../../../Engine/Content/EngineMaterials/Substrate/GLints/dict_16_192_64_0p5_0p02_0004_0009.uasset" 5148
"../../../Engine/Content/EngineMaterials/Substrate/GLints/dict_16_192_64_0p5_0p02_0004_0004.uasset" 5149
"../../../Engine/Content/EngineMaterials/Substrate/GLints/dict_16_192_64_0p5_0p02_0004_0003.uasset" 5150
"../../../Engine/Content/EngineMaterials/Substrate/GLints/dict_16_192_64_0p5_0p02_0004_0006.uasset" 5151
"../../../Engine/Content/EngineMaterials/Substrate/GLints/dict_16_192_64_0p5_0p02_0004_0012.uasset" 5152
"../../../Engine/Content/EngineMaterials/Substrate/GLints/dict_16_192_64_0p5_0p02_0004_0000.uasset" 5153
"../../../Engine/Content/EngineMaterials/Substrate/GLints/dict_16_192_64_0p5_0p02_0004_0013.uasset" 5154
"../../../Engine/Content/EngineMaterials/Substrate/GLints/dict_16_192_64_0p5_0p02_0005_0006.uasset" 5155
"../../../Engine/Content/EngineMaterials/Substrate/GLints/dict_16_192_64_0p5_0p02_0005_0002.uasset" 5156
"../../../Engine/Content/EngineMaterials/Substrate/GLints/dict_16_192_64_0p5_0p02_0005_0007.uasset" 5157
"../../../Engine/Content/EngineMaterials/Substrate/GLints/dict_16_192_64_0p5_0p02_0005_0000.uasset" 5158
"../../../Engine/Content/EngineMaterials/Substrate/GLints/dict_16_192_64_0p5_0p02_0005_0011.uasset" 5159
"../../../Engine/Content/EngineMaterials/Substrate/GLints/dict_16_192_64_0p5_0p02_0004_0015.uasset" 5160
"../../../Engine/Content/EngineMaterials/Substrate/GLints/dict_16_192_64_0p5_0p02_0005_0009.uasset" 5161
"../../../Engine/Content/EngineMaterials/Substrate/GLints/dict_16_192_64_0p5_0p02_0005_0014.uasset" 5162
"../../../Engine/Content/EngineMaterials/Substrate/GLints/dict_16_192_64_0p5_0p02_0005_0001.uasset" 5163
"../../../Engine/Content/EngineMaterials/Substrate/GLints/dict_16_192_64_0p5_0p02_0004_0011.uasset" 5164
"../../../Engine/Content/EngineMaterials/Substrate/GLints/dict_16_192_64_0p5_0p02_0004_0008.uasset" 5165
"../../../Engine/Content/EngineMaterials/Substrate/GLints/dict_16_192_64_0p5_0p02_0005_0008.uasset" 5166
"../../../Engine/Content/EngineMaterials/Substrate/GLints/dict_16_192_64_0p5_0p02_0005_0012.uasset" 5167
"../../../Engine/Content/EngineMaterials/Substrate/GLints/dict_16_192_64_0p5_0p02_0004_0010.uasset" 5168
"../../../Engine/Content/EngineMaterials/Substrate/GLints/dict_16_192_64_0p5_0p02_0004_0014.uasset" 5169
"../../../Engine/Content/EngineMaterials/Substrate/GLints/dict_16_192_64_0p5_0p02_0005_0013.uasset" 5170
"../../../Engine/Content/EngineMaterials/Substrate/GLints/dict_16_192_64_0p5_0p02_0005_0003.uasset" 5171
"../../../Engine/Content/EngineMaterials/Substrate/GLints/dict_16_192_64_0p5_0p02_0005_0015.uasset" 5172
"../../../Engine/Content/EngineMaterials/Substrate/GLints/dict_16_192_64_0p5_0p02_0005_0010.uasset" 5173
"../../../Engine/Content/EngineMaterials/Substrate/GLints/dict_16_192_64_0p5_0p02_0005_0004.uasset" 5174
"../../../Engine/Content/EngineMaterials/Substrate/GLints/dict_16_192_64_0p5_0p02_0005_0005.uasset" 5175
"../../../Engine/Plugins/Animation/DeformerGraph/Shaders/Private/DataInterfaceCustomComputeKernel.ush" 5176
"../../../Engine/Plugins/Animation/DeformerGraph/Shaders/Private/DataInterfaceCloth.ush" 5177
"../../../Engine/Plugins/Animation/DeformerGraph/Shaders/Private/DataInterfaceSkinnedMeshRead.ush" 5178
"../../../Engine/Plugins/Animation/DeformerGraph/Shaders/Private/DataInterfaceSkeleton.ush" 5179
"../../../Engine/Plugins/Animation/DeformerGraph/Shaders/Private/DataInterfaceSkeletonCommon.ush" 5180
"../../../Engine/Plugins/Animation/DeformerGraph/Shaders/Private/DataInterfaceMorphTarget.ush" 5181
"../../../Engine/Plugins/Animation/DeformerGraph/Shaders/Private/DataInterfaceSkinnedMeshWrite.ush" 5182
"../../../Engine/Plugins/Animation/DeformerGraph/Shaders/Private/DataInterfaceRawBuffer.ush" 5183
"../../../Engine/Plugins/Runtime/ComputeFramework/Shaders/Private/BufferAlias.ush" 5184
"../../../Engine/Plugins/Animation/DeformerGraph/Shaders/Private/DataInterfaceSkinnedMesh.ush" 5185
"../../../Engine/Plugins/Animation/DeformerGraph/Shaders/Private/DataInterfaceHalfEdge.ush" 5186
"/Engine/EngineMaterials/Substrate/GLints/dict_16_192_64_0p5_0p02_0005_0015" 5187
"/Engine/EngineMaterials/Substrate/GLints/dict_16_192_64_0p5_0p02_0005_0014" 5188
"/Engine/EngineMaterials/Substrate/GLints/dict_16_192_64_0p5_0p02_0005_0013" 5189
"/Engine/EngineMaterials/Substrate/GLints/dict_16_192_64_0p5_0p02_0005_0012" 5190
"/Engine/EngineMaterials/Substrate/GLints/dict_16_192_64_0p5_0p02_0005_0011" 5191
"/Engine/EngineMaterials/Substrate/GLints/dict_16_192_64_0p5_0p02_0005_0010" 5192
"/Engine/EngineMaterials/Substrate/GLints/dict_16_192_64_0p5_0p02_0005_0009" 5193
"/Engine/EngineMaterials/Substrate/GLints/dict_16_192_64_0p5_0p02_0005_0008" 5194
"/Engine/EngineMaterials/Substrate/GLints/dict_16_192_64_0p5_0p02_0005_0007" 5195
"/Engine/EngineMaterials/Substrate/GLints/dict_16_192_64_0p5_0p02_0005_0006" 5196
"/Engine/EngineMaterials/Substrate/GLints/dict_16_192_64_0p5_0p02_0005_0005" 5197
"/Engine/EngineMaterials/Substrate/GLints/dict_16_192_64_0p5_0p02_0005_0004" 5198
"/Engine/EngineMaterials/Substrate/GLints/dict_16_192_64_0p5_0p02_0005_0003" 5199
"/Engine/EngineMaterials/Substrate/GLints/dict_16_192_64_0p5_0p02_0005_0002" 5200
"/Engine/EngineMaterials/Substrate/GLints/dict_16_192_64_0p5_0p02_0005_0001" 5201
"/Engine/EngineMaterials/Substrate/GLints/dict_16_192_64_0p5_0p02_0005_0000" 5202
"/Engine/EngineMaterials/Substrate/GLints/dict_16_192_64_0p5_0p02_0004_0015" 5203
"/Engine/EngineMaterials/Substrate/GLints/dict_16_192_64_0p5_0p02_0004_0014" 5204
"/Engine/EngineMaterials/Substrate/GLints/dict_16_192_64_0p5_0p02_0004_0013" 5205
"/Engine/EngineMaterials/Substrate/GLints/dict_16_192_64_0p5_0p02_0004_0012" 5206
"/Engine/EngineMaterials/Substrate/GLints/dict_16_192_64_0p5_0p02_0004_0011" 5207
"/Engine/EngineMaterials/Substrate/GLints/dict_16_192_64_0p5_0p02_0004_0010" 5208
"/Engine/EngineMaterials/Substrate/GLints/dict_16_192_64_0p5_0p02_0004_0009" 5209
"/Engine/EngineMaterials/Substrate/GLints/dict_16_192_64_0p5_0p02_0004_0008" 5210
"/Engine/EngineMaterials/Substrate/GLints/dict_16_192_64_0p5_0p02_0004_0007" 5211
"/Engine/EngineMaterials/Substrate/GLints/dict_16_192_64_0p5_0p02_0004_0006" 5212
"/Engine/EngineMaterials/Substrate/GLints/dict_16_192_64_0p5_0p02_0004_0005" 5213
"/Engine/EngineMaterials/Substrate/GLints/dict_16_192_64_0p5_0p02_0004_0004" 5214
"/Engine/EngineMaterials/Substrate/GLints/dict_16_192_64_0p5_0p02_0004_0003" 5215
"/Engine/EngineMaterials/Substrate/GLints/dict_16_192_64_0p5_0p02_0004_0002" 5216
"/Engine/EngineMaterials/Substrate/GLints/dict_16_192_64_0p5_0p02_0004_0001" 5217
"/Engine/EngineMaterials/Substrate/GLints/dict_16_192_64_0p5_0p02_0004_0000" 5218
"../../../Engine/Content/EngineMaterials/Substrate/GLints/dict_16_192_64_0p5_0p02_0006_0006.uasset" 5219
"../../../Engine/Content/EngineMaterials/Substrate/GLints/dict_16_192_64_0p5_0p02_0006_0009.uasset" 5220
"../../../Engine/Content/EngineMaterials/Substrate/GLints/dict_16_192_64_0p5_0p02_0006_0000.uasset" 5221
"../../../Engine/Content/EngineMaterials/Substrate/GLints/dict_16_192_64_0p5_0p02_0006_0013.uasset" 5222
"../../../Engine/Content/EngineMaterials/Substrate/GLints/dict_16_192_64_0p5_0p02_0006_0003.uasset" 5223
"../../../Engine/Content/EngineMaterials/Substrate/GLints/dict_16_192_64_0p5_0p02_0007_0000.uasset" 5224
"../../../Engine/Content/EngineMaterials/Substrate/GLints/dict_16_192_64_0p5_0p02_0007_0003.uasset" 5225
"../../../Engine/Content/EngineMaterials/Substrate/GLints/dict_16_192_64_0p5_0p02_0007_0007.uasset" 5226
"../../../Engine/Content/EngineMaterials/Substrate/GLints/dict_16_192_64_0p5_0p02_0006_0007.uasset" 5227
"../../../Engine/Content/EngineMaterials/Substrate/GLints/dict_16_192_64_0p5_0p02_0007_0009.uasset" 5228
"../../../Engine/Content/EngineMaterials/Substrate/GLints/dict_16_192_64_0p5_0p02_0006_0005.uasset" 5229
"../../../Engine/Content/EngineMaterials/Substrate/GLints/dict_16_192_64_0p5_0p02_0006_0014.uasset" 5230
"/Engine/EngineMaterials/Substrate/GLints/dict_16_192_64_0p5_0p02_0007_0009" 5231
"../../../Engine/Content/EngineMaterials/Substrate/GLints/dict_16_192_64_0p5_0p02_0007_0011.uasset" 5232
"../../../Engine/Content/EngineMaterials/Substrate/GLints/dict_16_192_64_0p5_0p02_0007_0014.uasset" 5233
"../../../Engine/Content/EngineMaterials/Substrate/GLints/dict_16_192_64_0p5_0p02_0007_0012.uasset" 5234
"/Engine/EngineMaterials/Substrate/GLints/dict_16_192_64_0p5_0p02_0007_0007" 5235
"../../../Engine/Content/EngineMaterials/Substrate/GLints/dict_16_192_64_0p5_0p02_0006_0010.uasset" 5236
"../../../Engine/Content/EngineMaterials/Substrate/GLints/dict_16_192_64_0p5_0p02_0007_0008.uasset" 5237
"../../../Engine/Content/EngineMaterials/Substrate/GLints/dict_16_192_64_0p5_0p02_0007_0001.uasset" 5238
"../../../Engine/Content/EngineMaterials/Substrate/GLints/dict_16_192_64_0p5_0p02_0007_0002.uasset" 5239
"/Engine/EngineMaterials/Substrate/GLints/dict_16_192_64_0p5_0p02_0007_0003" 5240
"../../../Engine/Content/EngineMaterials/Substrate/GLints/dict_16_192_64_0p5_0p02_0007_0015.uasset" 5241
"../../../Engine/Content/EngineMaterials/Substrate/GLints/dict_16_192_64_0p5_0p02_0007_0013.uasset" 5242
"/Engine/EngineMaterials/Substrate/GLints/dict_16_192_64_0p5_0p02_0007_0000" 5243
"../../../Engine/Content/EngineMaterials/Substrate/GLints/dict_16_192_64_0p5_0p02_0007_0004.uasset" 5244
"../../../Engine/Content/EngineMaterials/Substrate/GLints/dict_16_192_64_0p5_0p02_0006_0008.uasset" 5245
"../../../Engine/Content/EngineMaterials/Substrate/GLints/dict_16_192_64_0p5_0p02_0006_0001.uasset" 5246
"/Engine/EngineMaterials/Substrate/GLints/dict_16_192_64_0p5_0p02_0006_0014" 5247
"../../../Engine/Content/EngineMaterials/Substrate/GLints/dict_16_192_64_0p5_0p02_0006_0012.uasset" 5248
"../../../Engine/Content/EngineMaterials/Substrate/GLints/dict_16_192_64_0p5_0p02_0007_0006.uasset" 5249
"../../../Engine/Content/EngineMaterials/Substrate/GLints/dict_16_192_64_0p5_0p02_0006_0011.uasset" 5250
"/Engine/EngineMaterials/Substrate/GLints/dict_16_192_64_0p5_0p02_0006_0013" 5251
"../../../Engine/Content/EngineMaterials/Substrate/GLints/dict_16_192_64_0p5_0p02_0006_0002.uasset" 5252
"../../../Engine/Content/EngineMaterials/Substrate/GLints/dict_16_192_64_0p5_0p02_0006_0015.uasset" 5253
"../../../Engine/Content/EngineMaterials/Substrate/GLints/dict_16_192_64_0p5_0p02_0007_0005.uasset" 5254
"/Engine/EngineMaterials/Substrate/GLints/dict_16_192_64_0p5_0p02_0006_0009" 5255
"../../../Engine/Content/EngineMaterials/Substrate/GLints/dict_16_192_64_0p5_0p02_0006_0004.uasset" 5256
"/Engine/EngineMaterials/Substrate/GLints/dict_16_192_64_0p5_0p02_0006_0007" 5257
"/Engine/EngineMaterials/Substrate/GLints/dict_16_192_64_0p5_0p02_0006_0006" 5258
"/Engine/EngineMaterials/Substrate/GLints/dict_16_192_64_0p5_0p02_0006_0005" 5259
"/Engine/EngineMaterials/Substrate/GLints/dict_16_192_64_0p5_0p02_0006_0003" 5260
"/Engine/EngineMaterials/Substrate/GLints/dict_16_192_64_0p5_0p02_0006_0000" 5261
"/Engine/EngineMaterials/Substrate/GLints/dict_16_192_64_0p5_0p02_0007_0015" 5262
"../../../Engine/Content/EngineMaterials/Substrate/GLints/dict_16_192_64_0p5_0p02_0008_0001.uasset" 5263
"../../../Engine/Content/EngineMaterials/Substrate/GLints/dict_16_192_64_0p5_0p02_0008_0003.uasset" 5264
"../../../Engine/Content/EngineMaterials/Substrate/GLints/dict_16_192_64_0p5_0p02_0008_0007.uasset" 5265
"../../../Engine/Content/EngineMaterials/Substrate/GLints/dict_16_192_64_0p5_0p02_0008_0011.uasset" 5266
"/Engine/EngineMaterials/Substrate/GLints/dict_16_192_64_0p5_0p02_0007_0014" 5267
"/Engine/EngineMaterials/Substrate/GLints/dict_16_192_64_0p5_0p02_0007_0013" 5268
"/Engine/EngineMaterials/Substrate/GLints/dict_16_192_64_0p5_0p02_0007_0012" 5269
"/Engine/EngineMaterials/Substrate/GLints/dict_16_192_64_0p5_0p02_0007_0011" 5270
"/Engine/EngineMaterials/Substrate/GLints/dict_16_192_64_0p5_0p02_0007_0008" 5271
"/Engine/EngineMaterials/Substrate/GLints/dict_16_192_64_0p5_0p02_0007_0006" 5272
"/Engine/EngineMaterials/Substrate/GLints/dict_16_192_64_0p5_0p02_0007_0005" 5273
"/Engine/EngineMaterials/Substrate/GLints/dict_16_192_64_0p5_0p02_0007_0004" 5274
"../../../Engine/Content/EngineMaterials/Substrate/GLints/dict_16_192_64_0p5_0p02_0007_0010.uasset" 5275
"/Engine/EngineMaterials/Substrate/GLints/dict_16_192_64_0p5_0p02_0007_0002" 5276
"/Engine/EngineMaterials/Substrate/GLints/dict_16_192_64_0p5_0p02_0007_0001" 5277
"/Engine/EngineMaterials/Substrate/GLints/dict_16_192_64_0p5_0p02_0006_0015" 5278
"/Engine/EngineMaterials/Substrate/GLints/dict_16_192_64_0p5_0p02_0006_0012" 5279
"/Engine/EngineMaterials/Substrate/GLints/dict_16_192_64_0p5_0p02_0006_0011" 5280
"/Engine/EngineMaterials/Substrate/GLints/dict_16_192_64_0p5_0p02_0006_0010" 5281
"/Engine/EngineMaterials/Substrate/GLints/dict_16_192_64_0p5_0p02_0006_0008" 5282
"/Engine/EngineMaterials/Substrate/GLints/dict_16_192_64_0p5_0p02_0006_0004" 5283
"/Engine/EngineMaterials/Substrate/GLints/dict_16_192_64_0p5_0p02_0006_0002" 5284
"/Engine/EngineMaterials/Substrate/GLints/dict_16_192_64_0p5_0p02_0006_0001" 5285
"../../../Engine/Content/EngineMaterials/Substrate/GLints/dict_16_192_64_0p5_0p02_0008_0009.uasset" 5286
"../../../Engine/Content/EngineMaterials/Substrate/GLints/dict_16_192_64_0p5_0p02_0008_0006.uasset" 5287
"../../../Engine/Content/EngineMaterials/Substrate/GLints/dict_16_192_64_0p5_0p02_0009_0004.uasset" 5288
"/Engine/EngineMaterials/Substrate/GLints/dict_16_192_64_0p5_0p02_0007_0010" 5289
"../../../Engine/Content/EngineMaterials/Substrate/GLints/dict_16_192_64_0p5_0p02_0008_0004.uasset" 5290
"../../../Engine/Content/EngineMaterials/Substrate/GLints/dict_16_192_64_0p5_0p02_0008_0000.uasset" 5291
"../../../Engine/Content/EngineMaterials/Substrate/GLints/dict_16_192_64_0p5_0p02_0009_0009.uasset" 5292
"../../../Engine/Content/EngineMaterials/Substrate/GLints/dict_16_192_64_0p5_0p02_0008_0010.uasset" 5293
"../../../Engine/Content/EngineMaterials/Substrate/GLints/dict_16_192_64_0p5_0p02_0008_0002.uasset" 5294
"../../../Engine/Content/EngineMaterials/Substrate/GLints/dict_16_192_64_0p5_0p02_0009_0000.uasset" 5295
"../../../Engine/Content/EngineMaterials/Substrate/GLints/dict_16_192_64_0p5_0p02_0008_0013.uasset" 5296
"../../../Engine/Content/EngineMaterials/Substrate/GLints/dict_16_192_64_0p5_0p02_0009_0008.uasset" 5297
"../../../Engine/Content/EngineMaterials/Substrate/GLints/dict_16_192_64_0p5_0p02_0008_0008.uasset" 5298
"../../../Engine/Content/EngineMaterials/Substrate/GLints/dict_16_192_64_0p5_0p02_0009_0014.uasset" 5299
"/Engine/EngineMaterials/Substrate/GLints/dict_16_192_64_0p5_0p02_0008_0011" 5300
"../../../Engine/Content/EngineMaterials/Substrate/GLints/dict_16_192_64_0p5_0p02_0008_0005.uasset" 5301
"/Engine/EngineMaterials/Substrate/GLints/dict_16_192_64_0p5_0p02_0008_0007" 5302
"/Engine/EngineMaterials/Substrate/GLints/dict_16_192_64_0p5_0p02_0008_0003" 5303
"/Engine/EngineMaterials/Substrate/GLints/dict_16_192_64_0p5_0p02_0008_0001" 5304
"../../../Engine/Content/EngineMaterials/Substrate/GLints/dict_16_192_64_0p5_0p02_0009_0012.uasset" 5305
"/Engine/EngineMaterials/Substrate/GLints/dict_16_192_64_0p5_0p02_0009_0014" 5306
"../../../Engine/Content/EngineMaterials/Substrate/GLints/dict_16_192_64_0p5_0p02_0010_0002.uasset" 5307
"/Engine/EngineMaterials/Substrate/GLints/dict_16_192_64_0p5_0p02_0009_0012" 5308
"/Engine/EngineMaterials/Substrate/GLints/dict_16_192_64_0p5_0p02_0009_0009" 5309
"/Engine/EngineMaterials/Substrate/GLints/dict_16_192_64_0p5_0p02_0008_0010" 5310
"../../../Engine/Content/EngineMaterials/Substrate/GLints/dict_16_192_64_0p5_0p02_0010_0003.uasset" 5311
"/Engine/EngineMaterials/Substrate/GLints/dict_16_192_64_0p5_0p02_0009_0008" 5312
"/Engine/EngineMaterials/Substrate/GLints/dict_16_192_64_0p5_0p02_0008_0009" 5313
"/Engine/EngineMaterials/Substrate/GLints/dict_16_192_64_0p5_0p02_0009_0004" 5314
"/Engine/EngineMaterials/Substrate/GLints/dict_16_192_64_0p5_0p02_0008_0008" 5315
"/Engine/EngineMaterials/Substrate/GLints/dict_16_192_64_0p5_0p02_0008_0006" 5316
"/Engine/EngineMaterials/Substrate/GLints/dict_16_192_64_0p5_0p02_0009_0000" 5317
"/Engine/EngineMaterials/Substrate/GLints/dict_16_192_64_0p5_0p02_0008_0005" 5318
"../../../Engine/Content/EngineMaterials/Substrate/GLints/dict_16_192_64_0p5_0p02_0008_0014.uasset" 5319
"/Engine/EngineMaterials/Substrate/GLints/dict_16_192_64_0p5_0p02_0008_0004" 5320
"../../../Engine/Content/EngineMaterials/Substrate/GLints/dict_16_192_64_0p5_0p02_0009_0003.uasset" 5321
"../../../Engine/Content/EngineMaterials/Substrate/GLints/dict_16_192_64_0p5_0p02_0009_0006.uasset" 5322
"/Engine/EngineMaterials/Substrate/GLints/dict_16_192_64_0p5_0p02_0008_0002" 5323
"../../../Engine/Content/EngineMaterials/Substrate/GLints/dict_16_192_64_0p5_0p02_0009_0007.uasset" 5324
"/Engine/EngineMaterials/Substrate/GLints/dict_16_192_64_0p5_0p02_0008_0013" 5325
"../../../Engine/Content/EngineMaterials/Substrate/GLints/dict_16_192_64_0p5_0p02_0009_0013.uasset" 5326
"../../../Engine/Content/EngineMaterials/Substrate/GLints/dict_16_192_64_0p5_0p02_0008_0012.uasset" 5327
"../../../Engine/Content/EngineMaterials/Substrate/GLints/dict_16_192_64_0p5_0p02_0008_0015.uasset" 5328
"../../../Engine/Content/EngineMaterials/Substrate/GLints/dict_16_192_64_0p5_0p02_0009_0010.uasset" 5329
"/Engine/EngineMaterials/Substrate/GLints/dict_16_192_64_0p5_0p02_0008_0000" 5330
"../../../Engine/Content/EngineMaterials/Substrate/GLints/dict_16_192_64_0p5_0p02_0009_0005.uasset" 5331
"../../../Engine/Content/EngineMaterials/Substrate/GLints/dict_16_192_64_0p5_0p02_0009_0002.uasset" 5332
"/Engine/EngineMaterials/Substrate/GLints/dict_16_192_64_0p5_0p02_0009_0013" 5333
"../../../Engine/Content/EngineMaterials/Substrate/GLints/dict_16_192_64_0p5_0p02_0009_0011.uasset" 5334
"../../../Engine/Content/EngineMaterials/Substrate/GLints/dict_16_192_64_0p5_0p02_0010_0007.uasset" 5335
"../../../Engine/Content/EngineMaterials/Substrate/GLints/dict_16_192_64_0p5_0p02_0010_0006.uasset" 5336
"../../../Engine/Content/EngineMaterials/Substrate/GLints/dict_16_192_64_0p5_0p02_0010_0011.uasset" 5337
"../../../Engine/Content/EngineMaterials/Substrate/GLints/dict_16_192_64_0p5_0p02_0011_0000.uasset" 5338
"../../../Engine/Content/EngineMaterials/Substrate/GLints/dict_16_192_64_0p5_0p02_0010_0015.uasset" 5339
"/Engine/EngineMaterials/Substrate/GLints/dict_16_192_64_0p5_0p02_0009_0010" 5340
"../../../Engine/Content/EngineMaterials/Substrate/GLints/dict_16_192_64_0p5_0p02_0010_0000.uasset" 5341
"../../../Engine/Content/EngineMaterials/Substrate/GLints/dict_16_192_64_0p5_0p02_0009_0001.uasset" 5342
"/Engine/EngineMaterials/Substrate/GLints/dict_16_192_64_0p5_0p02_0010_0003" 5343
"../../../Engine/Content/EngineMaterials/Substrate/GLints/dict_16_192_64_0p5_0p02_0009_0015.uasset" 5344
"/Engine/EngineMaterials/Substrate/GLints/dict_16_192_64_0p5_0p02_0010_0002" 5345
"../../../Engine/Content/EngineMaterials/Substrate/GLints/dict_16_192_64_0p5_0p02_0010_0008.uasset" 5346
"/Engine/EngineMaterials/Substrate/GLints/dict_16_192_64_0p5_0p02_0009_0007" 5347
"../../../Engine/Content/EngineMaterials/Substrate/GLints/dict_16_192_64_0p5_0p02_0010_0010.uasset" 5348
"/Engine/EngineMaterials/Substrate/GLints/dict_16_192_64_0p5_0p02_0009_0006" 5349
"/Engine/EngineMaterials/Substrate/GLints/dict_16_192_64_0p5_0p02_0009_0005" 5350
"/Engine/EngineMaterials/Substrate/GLints/dict_16_192_64_0p5_0p02_0009_0003" 5351
"../../../Engine/Content/EngineMaterials/Substrate/GLints/dict_16_192_64_0p5_0p02_0010_0001.uasset" 5352
"/Engine/EngineMaterials/Substrate/GLints/dict_16_192_64_0p5_0p02_0008_0015" 5353
"/Engine/EngineMaterials/Substrate/GLints/dict_16_192_64_0p5_0p02_0008_0014" 5354
"/Engine/EngineMaterials/Substrate/GLints/dict_16_192_64_0p5_0p02_0008_0012" 5355
"/Engine/EngineMaterials/Substrate/GLints/dict_16_192_64_0p5_0p02_0009_0011" 5356
"../../../Engine/Content/EngineMaterials/Substrate/GLints/dict_16_192_64_0p5_0p02_0011_0008.uasset" 5357
"../../../Engine/Content/EngineMaterials/Substrate/GLints/dict_16_192_64_0p5_0p02_0011_0004.uasset" 5358
"../../../Engine/Content/EngineMaterials/Substrate/GLints/dict_16_192_64_0p5_0p02_0011_0007.uasset" 5359
"../../../Engine/Content/EngineMaterials/Substrate/GLints/dict_16_192_64_0p5_0p02_0011_0012.uasset" 5360
"/Engine/EngineMaterials/Substrate/GLints/dict_16_192_64_0p5_0p02_0011_0000" 5361
"/Engine/EngineMaterials/Substrate/GLints/dict_16_192_64_0p5_0p02_0010_0015" 5362
"/Engine/EngineMaterials/Substrate/GLints/dict_16_192_64_0p5_0p02_0010_0011" 5363
"../../../Engine/Content/EngineMaterials/Substrate/GLints/dict_16_192_64_0p5_0p02_0011_0005.uasset" 5364
"../../../Engine/Content/EngineMaterials/Substrate/GLints/dict_16_192_64_0p5_0p02_0011_0006.uasset" 5365
"/Engine/EngineMaterials/Substrate/GLints/dict_16_192_64_0p5_0p02_0010_0001" 5366
"../../../Engine/Content/EngineMaterials/Substrate/GLints/dict_16_192_64_0p5_0p02_0011_0011.uasset" 5367
"/Engine/EngineMaterials/Substrate/GLints/dict_16_192_64_0p5_0p02_0010_0010" 5368
"/Engine/EngineMaterials/Substrate/GLints/dict_16_192_64_0p5_0p02_0009_0002" 5369
"/Engine/EngineMaterials/Substrate/GLints/dict_16_192_64_0p5_0p02_0009_0001" 5370
"../../../Engine/Content/EngineMaterials/Substrate/GLints/dict_16_192_64_0p5_0p02_0011_0001.uasset" 5371
"../../../Engine/Content/EngineMaterials/Substrate/GLints/dict_16_192_64_0p5_0p02_0011_0002.uasset" 5372
"../../../Engine/Content/EngineMaterials/Substrate/GLints/dict_16_192_64_0p5_0p02_0010_0012.uasset" 5373
"/Engine/EngineMaterials/Substrate/GLints/dict_16_192_64_0p5_0p02_0010_0008" 5374
"../../../Engine/Content/EngineMaterials/Substrate/GLints/dict_16_192_64_0p5_0p02_0010_0009.uasset" 5375
"../../../Engine/Content/EngineMaterials/Substrate/GLints/dict_16_192_64_0p5_0p02_0010_0004.uasset" 5376
"../../../Engine/Content/EngineMaterials/Substrate/GLints/dict_16_192_64_0p5_0p02_0010_0005.uasset" 5377
"../../../Engine/Content/EngineMaterials/Substrate/GLints/dict_16_192_64_0p5_0p02_0010_0014.uasset" 5378
"/Engine/EngineMaterials/Substrate/GLints/dict_16_192_64_0p5_0p02_0010_0007" 5379
"../../../Engine/Content/EngineMaterials/Substrate/GLints/dict_16_192_64_0p5_0p02_0010_0013.uasset" 5380
"/Engine/EngineMaterials/Substrate/GLints/dict_16_192_64_0p5_0p02_0010_0000" 5381
"/Engine/EngineMaterials/Substrate/GLints/dict_16_192_64_0p5_0p02_0010_0006" 5382
"/Engine/EngineMaterials/Substrate/GLints/dict_16_192_64_0p5_0p02_0009_0015" 5383
"/Engine/EngineMaterials/Substrate/GLints/dict_16_192_64_0p5_0p02_0011_0002" 5384
"../../../Engine/Content/EngineMaterials/Substrate/GLints/dict_16_192_64_0p5_0p02_0012_0001.uasset" 5385
"../../../Engine/Content/EngineMaterials/Substrate/GLints/dict_16_192_64_0p5_0p02_0012_0006.uasset" 5386
"../../../Engine/Content/EngineMaterials/Substrate/GLints/dict_16_192_64_0p5_0p02_0012_0002.uasset" 5387
"../../../Engine/Content/EngineMaterials/Substrate/GLints/dict_16_192_64_0p5_0p02_0012_0008.uasset" 5388
"/Engine/EngineMaterials/Substrate/GLints/dict_16_192_64_0p5_0p02_0011_0001" 5389
"../../../Engine/Content/EngineMaterials/Substrate/GLints/dict_16_192_64_0p5_0p02_0011_0013.uasset" 5390
"/Engine/EngineMaterials/Substrate/GLints/dict_16_192_64_0p5_0p02_0011_0012" 5391
"../../../Engine/Content/EngineMaterials/Substrate/GLints/dict_16_192_64_0p5_0p02_0012_0007.uasset" 5392
"../../../Engine/Content/EngineMaterials/Substrate/GLints/dict_16_192_64_0p5_0p02_0012_0010.uasset" 5393
"/Engine/EngineMaterials/Substrate/GLints/dict_16_192_64_0p5_0p02_0011_0011" 5394
"../../../Engine/Content/EngineMaterials/Substrate/GLints/dict_16_192_64_0p5_0p02_0011_0009.uasset" 5395
"/Engine/EngineMaterials/Substrate/GLints/dict_16_192_64_0p5_0p02_0010_0014" 5396
"/Engine/EngineMaterials/Substrate/GLints/dict_16_192_64_0p5_0p02_0011_0008" 5397
"../../../Engine/Content/EngineMaterials/Substrate/GLints/dict_16_192_64_0p5_0p02_0011_0010.uasset" 5398
"/Engine/EngineMaterials/Substrate/GLints/dict_16_192_64_0p5_0p02_0010_0013" 5399
"../../../Engine/Content/EngineMaterials/Substrate/GLints/dict_16_192_64_0p5_0p02_0011_0003.uasset" 5400
"/Engine/EngineMaterials/Substrate/GLints/dict_16_192_64_0p5_0p02_0011_0007" 5401
"/Engine/EngineMaterials/Substrate/GLints/dict_16_192_64_0p5_0p02_0010_0012" 5402
"/Engine/EngineMaterials/Substrate/GLints/dict_16_192_64_0p5_0p02_0011_0006" 5403
"/Engine/EngineMaterials/Substrate/GLints/dict_16_192_64_0p5_0p02_0010_0009" 5404
"/Engine/EngineMaterials/Substrate/GLints/dict_16_192_64_0p5_0p02_0011_0005" 5405
"/Engine/EngineMaterials/Substrate/GLints/dict_16_192_64_0p5_0p02_0011_0004" 5406
"/Engine/EngineMaterials/Substrate/GLints/dict_16_192_64_0p5_0p02_0010_0005" 5407
"/Engine/EngineMaterials/Substrate/GLints/dict_16_192_64_0p5_0p02_0010_0004" 5408
"/Engine/EngineMaterials/Substrate/GLints/dict_16_192_64_0p5_0p02_0011_0013" 5409
"../../../Engine/Content/EngineMaterials/Substrate/GLints/dict_16_192_64_0p5_0p02_0012_0012.uasset" 5410
"../../../Engine/Content/EngineMaterials/Substrate/GLints/dict_16_192_64_0p5_0p02_0012_0014.uasset" 5411
"../../../Engine/Content/EngineMaterials/Substrate/GLints/dict_16_192_64_0p5_0p02_0013_0000.uasset" 5412
"../../../Engine/Content/EngineMaterials/Substrate/GLints/dict_16_192_64_0p5_0p02_0013_0006.uasset" 5413
"../../../Engine/Content/EngineMaterials/Substrate/GLints/dict_16_192_64_0p5_0p02_0013_0008.uasset" 5414
"../../../Engine/Content/EngineMaterials/Substrate/GLints/dict_16_192_64_0p5_0p02_0013_0002.uasset" 5415
"/Engine/EngineMaterials/Substrate/GLints/dict_16_192_64_0p5_0p02_0012_0010" 5416
"../../../Engine/Content/EngineMaterials/Substrate/GLints/dict_16_192_64_0p5_0p02_0011_0015.uasset" 5417
"../../../Engine/Content/EngineMaterials/Substrate/GLints/dict_16_192_64_0p5_0p02_0012_0009.uasset" 5418
"../../../Engine/Content/EngineMaterials/Substrate/GLints/dict_16_192_64_0p5_0p02_0011_0014.uasset" 5419
"../../../Engine/Content/EngineMaterials/Substrate/GLints/dict_16_192_64_0p5_0p02_0012_0003.uasset" 5420
"../../../Engine/Content/EngineMaterials/Substrate/GLints/dict_16_192_64_0p5_0p02_0012_0005.uasset" 5421
"/Engine/EngineMaterials/Substrate/GLints/dict_16_192_64_0p5_0p02_0011_0010" 5422
"/Engine/EngineMaterials/Substrate/GLints/dict_16_192_64_0p5_0p02_0012_0008" 5423
"../../../Engine/Content/EngineMaterials/Substrate/GLints/dict_16_192_64_0p5_0p02_0012_0004.uasset" 5424
"/Engine/EngineMaterials/Substrate/GLints/dict_16_192_64_0p5_0p02_0011_0009" 5425
"../../../Engine/Content/EngineMaterials/Substrate/GLints/dict_16_192_64_0p5_0p02_0013_0007.uasset" 5426
"../../../Engine/Content/EngineMaterials/Substrate/GLints/dict_16_192_64_0p5_0p02_0012_0011.uasset" 5427
"../../../Engine/Content/EngineMaterials/Substrate/GLints/dict_16_192_64_0p5_0p02_0012_0000.uasset" 5428
"/Engine/EngineMaterials/Substrate/GLints/dict_16_192_64_0p5_0p02_0012_0007" 5429
"/Engine/EngineMaterials/Substrate/GLints/dict_16_192_64_0p5_0p02_0012_0006" 5430
"/Engine/EngineMaterials/Substrate/GLints/dict_16_192_64_0p5_0p02_0012_0002" 5431
"/Engine/EngineMaterials/Substrate/GLints/dict_16_192_64_0p5_0p02_0012_0001" 5432
"/Engine/EngineMaterials/Substrate/GLints/dict_16_192_64_0p5_0p02_0011_0003" 5433
"/Engine/EngineMaterials/Substrate/GLints/dict_16_192_64_0p5_0p02_0013_0008" 5434
"../../../Engine/Content/EngineMaterials/Substrate/GLints/dict_16_192_64_0p5_0p02_0014_0000.uasset" 5435
"../../../Engine/Content/EngineMaterials/Substrate/GLints/dict_16_192_64_0p5_0p02_0013_0010.uasset" 5436
"/Engine/EngineMaterials/Substrate/GLints/dict_16_192_64_0p5_0p02_0013_0007" 5437
"/Engine/EngineMaterials/Substrate/GLints/dict_16_192_64_0p5_0p02_0013_0006" 5438
"/Engine/EngineMaterials/Substrate/GLints/dict_16_192_64_0p5_0p02_0012_0009" 5439
"/Engine/EngineMaterials/Substrate/GLints/dict_16_192_64_0p5_0p02_0013_0002" 5440
"../../../Engine/Content/EngineMaterials/Substrate/GLints/dict_16_192_64_0p5_0p02_0013_0012.uasset" 5441
"../../../Engine/Content/EngineMaterials/Substrate/GLints/dict_16_192_64_0p5_0p02_0013_0011.uasset" 5442
"/Engine/EngineMaterials/Substrate/GLints/dict_16_192_64_0p5_0p02_0013_0000" 5443
"../../../Engine/Content/EngineMaterials/Substrate/GLints/dict_16_192_64_0p5_0p02_0012_0015.uasset" 5444
"/Engine/EngineMaterials/Substrate/GLints/dict_16_192_64_0p5_0p02_0012_0005" 5445
"../../../Engine/Content/EngineMaterials/Substrate/GLints/dict_16_192_64_0p5_0p02_0013_0009.uasset" 5446
"../../../Engine/Content/EngineMaterials/Substrate/GLints/dict_16_192_64_0p5_0p02_0013_0001.uasset" 5447
"../../../Engine/Content/EngineMaterials/Substrate/GLints/dict_16_192_64_0p5_0p02_0012_0013.uasset" 5448
"/Engine/EngineMaterials/Substrate/GLints/dict_16_192_64_0p5_0p02_0012_0004" 5449
"/Engine/EngineMaterials/Substrate/GLints/dict_16_192_64_0p5_0p02_0012_0003" 5450
"../../../Engine/Content/EngineMaterials/Substrate/GLints/dict_16_192_64_0p5_0p02_0013_0005.uasset" 5451
"/Engine/EngineMaterials/Substrate/GLints/dict_16_192_64_0p5_0p02_0012_0014" 5452
"../../../Engine/Content/EngineMaterials/Substrate/GLints/dict_16_192_64_0p5_0p02_0013_0003.uasset" 5453
"/Engine/EngineMaterials/Substrate/GLints/dict_16_192_64_0p5_0p02_0012_0000" 5454
"../../../Engine/Content/EngineMaterials/Substrate/GLints/dict_16_192_64_0p5_0p02_0013_0004.uasset" 5455
"/Engine/EngineMaterials/Substrate/GLints/dict_16_192_64_0p5_0p02_0011_0015" 5456
"/Engine/EngineMaterials/Substrate/GLints/dict_16_192_64_0p5_0p02_0011_0014" 5457
"/Engine/EngineMaterials/Substrate/GLints/dict_16_192_64_0p5_0p02_0012_0012" 5458
"/Engine/EngineMaterials/Substrate/GLints/dict_16_192_64_0p5_0p02_0012_0011" 5459
"../../../Engine/Content/EngineMaterials/Substrate/GLints/dict_16_192_64_0p5_0p02_0013_0014.uasset" 5460
"/Engine/EngineMaterials/Substrate/GLints/dict_16_192_64_0p5_0p02_0013_0009" 5461
"../../../Engine/Content/EngineMaterials/Substrate/GLints/dict_16_192_64_0p5_0p02_0014_0004.uasset" 5462
"../../../Engine/Content/EngineMaterials/Substrate/GLints/dict_16_192_64_0p5_0p02_0014_0006.uasset" 5463
"../../../Engine/Content/EngineMaterials/Substrate/GLints/dict_16_192_64_0p5_0p02_0014_0010.uasset" 5464
"../../../Engine/Content/EngineMaterials/Substrate/GLints/dict_16_192_64_0p5_0p02_0014_0011.uasset" 5465
"../../../Engine/Content/EngineMaterials/Substrate/GLints/dict_16_192_64_0p5_0p02_0015_0002.uasset" 5466
"../../../Engine/Content/EngineMaterials/Substrate/GLints/dict_16_192_64_0p5_0p02_0014_0015.uasset" 5467
"/Engine/EngineMaterials/Substrate/GLints/dict_16_192_64_0p5_0p02_0014_0000" 5468
"/Engine/EngineMaterials/Substrate/GLints/dict_16_192_64_0p5_0p02_0013_0005" 5469
"../../../Engine/Content/EngineMaterials/Substrate/GLints/dict_16_192_64_0p5_0p02_0014_0003.uasset" 5470
"/Engine/EngineMaterials/Substrate/GLints/dict_16_192_64_0p5_0p02_0013_0004" 5471
"../../../Engine/Content/EngineMaterials/Substrate/GLints/dict_16_192_64_0p5_0p02_0015_0000.uasset" 5472
"../../../Engine/Content/EngineMaterials/Substrate/GLints/dict_16_192_64_0p5_0p02_0014_0002.uasset" 5473
"../../../Engine/Content/EngineMaterials/Substrate/GLints/dict_16_192_64_0p5_0p02_0014_0007.uasset" 5474
"../../../Engine/Content/EngineMaterials/Substrate/GLints/dict_16_192_64_0p5_0p02_0014_0012.uasset" 5475
"/Engine/EngineMaterials/Substrate/GLints/dict_16_192_64_0p5_0p02_0013_0003" 5476
"../../../Engine/Content/EngineMaterials/Substrate/GLints/dict_16_192_64_0p5_0p02_0014_0001.uasset" 5477
"../../../Engine/Content/EngineMaterials/Substrate/GLints/dict_16_192_64_0p5_0p02_0014_0009.uasset" 5478
"../../../Engine/Content/EngineMaterials/Substrate/GLints/dict_16_192_64_0p5_0p02_0013_0015.uasset" 5479
"/Engine/EngineMaterials/Substrate/GLints/dict_16_192_64_0p5_0p02_0013_0001" 5480
"../../../Engine/Content/EngineMaterials/Substrate/GLints/dict_16_192_64_0p5_0p02_0013_0013.uasset" 5481
"/Engine/EngineMaterials/Substrate/GLints/dict_16_192_64_0p5_0p02_0013_0014" 5482
"/Engine/EngineMaterials/Substrate/GLints/dict_16_192_64_0p5_0p02_0012_0015" 5483
"/Engine/EngineMaterials/Substrate/GLints/dict_16_192_64_0p5_0p02_0013_0012" 5484
"/Engine/EngineMaterials/Substrate/GLints/dict_16_192_64_0p5_0p02_0013_0011" 5485
"/Engine/EngineMaterials/Substrate/GLints/dict_16_192_64_0p5_0p02_0012_0013" 5486
"/Engine/EngineMaterials/Substrate/GLints/dict_16_192_64_0p5_0p02_0013_0010" 5487
"/Engine/EngineMaterials/Substrate/GLints/dict_16_192_64_0p5_0p02_0014_0003" 5488
"../../../Engine/Content/EngineMaterials/Substrate/GLints/dict_16_192_64_0p5_0p02_0015_0009.uasset" 5489
"../../../Engine/Content/EngineMaterials/Substrate/GLints/dict_16_192_64_0p5_0p02_0015_0004.uasset" 5490
"../../../Engine/Content/EngineMaterials/Substrate/GLints/dict_16_192_64_0p5_0p02_0015_0007.uasset" 5491
"../../../Engine/Content/EngineMaterials/Substrate/GLints/dict_16_192_64_0p5_0p02_0015_0013.uasset" 5492
"/Engine/EngineMaterials/Substrate/GLints/dict_16_192_64_0p5_0p02_0015_0002" 5493
"/Engine/EngineMaterials/Substrate/GLints/dict_16_192_64_0p5_0p02_0014_0002" 5494
"../../../Engine/Content/EngineMaterials/Substrate/GLints/dict_16_192_64_0p5_0p02_0014_0008.uasset" 5495
"../../../Engine/Content/EngineMaterials/Substrate/GLints/dict_16_192_64_0p5_0p02_0014_0005.uasset" 5496
"../../../Engine/Content/EngineMaterials/Substrate/GLints/dict_16_192_64_0p5_0p02_0014_0014.uasset" 5497
"../../../Engine/Content/EngineMaterials/Substrate/GLints/dict_16_192_64_0p5_0p02_0014_0013.uasset" 5498
"/Engine/EngineMaterials/Substrate/GLints/dict_16_192_64_0p5_0p02_0015_0000" 5499
"../../../Engine/Content/EngineMaterials/Substrate/GLints/dict_16_192_64_0p5_0p02_0015_0010.uasset" 5500
"../../../Engine/Content/EngineMaterials/Substrate/GLints/dict_16_192_64_0p5_0p02_0015_0012.uasset" 5501
"../../../Engine/Content/EngineMaterials/Substrate/GLints/dict_16_192_64_0p5_0p02_0015_0011.uasset" 5502
"../../../Engine/Content/EngineMaterials/Substrate/GLints/dict_16_192_64_0p5_0p02_0015_0014.uasset" 5503
"../../../Engine/Content/EngineMaterials/Substrate/GLints/dict_16_192_64_0p5_0p02_0015_0003.uasset" 5504
"/Engine/EngineMaterials/Substrate/GLints/dict_16_192_64_0p5_0p02_0014_0001" 5505
"/Engine/EngineMaterials/Substrate/GLints/dict_16_192_64_0p5_0p02_0014_0015" 5506
"../../../Engine/Content/EngineMaterials/Substrate/GLints/dict_16_192_64_0p5_0p02_0015_0001.uasset" 5507
"/Engine/EngineMaterials/Substrate/GLints/dict_16_192_64_0p5_0p02_0013_0015" 5508
"/Engine/EngineMaterials/Substrate/GLints/dict_16_192_64_0p5_0p02_0013_0013" 5509
"/Engine/EngineMaterials/Substrate/GLints/dict_16_192_64_0p5_0p02_0014_0012" 5510
"/Engine/EngineMaterials/Substrate/GLints/dict_16_192_64_0p5_0p02_0014_0011" 5511
"/Engine/EngineMaterials/Substrate/GLints/dict_16_192_64_0p5_0p02_0014_0010" 5512
"/Engine/EngineMaterials/Substrate/GLints/dict_16_192_64_0p5_0p02_0014_0009" 5513
"/Engine/EngineMaterials/Substrate/GLints/dict_16_192_64_0p5_0p02_0014_0007" 5514
"/Engine/EngineMaterials/Substrate/GLints/dict_16_192_64_0p5_0p02_0014_0006" 5515
"/Engine/EngineMaterials/Substrate/GLints/dict_16_192_64_0p5_0p02_0014_0004" 5516
"/Engine/EngineMaterials/Substrate/GLints/dict_16_192_64_0p5_0p02_0015_0014" 5517
"../../../Engine/Content/EngineMaterials/Substrate/GLints/dict_16_192_64_0p5_0p02_0015_0008.uasset" 5518
"../../../Engine/Content/EngineMaterials/Substrate/GLints/dict_16_192_64_0p5_0p02_0015_0005.uasset" 5519
"../../../Engine/Content/EngineMaterials/Substrate/GLints/dict_16_192_64_0p5_0p02_0016_0000.uasset" 5520
"../../../Engine/Content/EngineMaterials/Substrate/GLints/dict_16_192_64_0p5_0p02_0016_0004.uasset" 5521
"../../../Engine/Content/EngineMaterials/Substrate/GLints/dict_16_192_64_0p5_0p02_0016_0006.uasset" 5522
"../../../Engine/Content/EngineMaterials/Substrate/GLints/dict_16_192_64_0p5_0p02_0016_0009.uasset" 5523
"../../../Engine/Content/EngineMaterials/Substrate/GLints/dict_16_192_64_0p5_0p02_0015_0006.uasset" 5524
"../../../Engine/Content/EngineMaterials/Substrate/GLints/dict_16_192_64_0p5_0p02_0016_0012.uasset" 5525
"/Engine/EngineMaterials/Substrate/GLints/dict_16_192_64_0p5_0p02_0015_0001" 5526
"/Engine/EngineMaterials/Substrate/GLints/dict_16_192_64_0p5_0p02_0015_0013" 5527
"/Engine/EngineMaterials/Substrate/GLints/dict_16_192_64_0p5_0p02_0015_0012" 5528
"../../../Engine/Content/EngineMaterials/Substrate/GLints/dict_16_192_64_0p5_0p02_0016_0010.uasset" 5529
"/Engine/EngineMaterials/Substrate/GLints/dict_16_192_64_0p5_0p02_0015_0011" 5530
"../../../Engine/Content/EngineMaterials/Substrate/GLints/dict_16_192_64_0p5_0p02_0016_0008.uasset" 5531
"/Engine/EngineMaterials/Substrate/GLints/dict_16_192_64_0p5_0p02_0015_0010" 5532
"/Engine/EngineMaterials/Substrate/GLints/dict_16_192_64_0p5_0p02_0014_0014" 5533
"/Engine/EngineMaterials/Substrate/GLints/dict_16_192_64_0p5_0p02_0015_0009" 5534
"/Engine/EngineMaterials/Substrate/GLints/dict_16_192_64_0p5_0p02_0014_0013" 5535
"/Engine/EngineMaterials/Substrate/GLints/dict_16_192_64_0p5_0p02_0015_0007" 5536
"/Engine/EngineMaterials/Substrate/GLints/dict_16_192_64_0p5_0p02_0014_0008" 5537
"/Engine/EngineMaterials/Substrate/GLints/dict_16_192_64_0p5_0p02_0015_0004" 5538
"/Engine/EngineMaterials/Substrate/GLints/dict_16_192_64_0p5_0p02_0014_0005" 5539
"/Engine/EngineMaterials/Substrate/GLints/dict_16_192_64_0p5_0p02_0015_0003" 5540
"/Engine/EngineMaterials/Substrate/GLints/dict_16_192_64_0p5_0p02_0016_0012" 5541
"../../../Engine/Content/EngineMaterials/Substrate/GLints/dict_16_192_64_0p5_0p02_0016_0015.uasset" 5542
"../../../Engine/Content/EngineMaterials/Substrate/GLints/dict_16_192_64_0p5_0p02_0017_0002.uasset" 5543
"../../../Engine/Content/EngineMaterials/Substrate/GLints/dict_16_192_64_0p5_0p02_0017_0005.uasset" 5544
"../../../Engine/Content/EngineMaterials/Substrate/GLints/dict_16_192_64_0p5_0p02_0015_0015.uasset" 5545
"../../../Engine/Content/EngineMaterials/Substrate/GLints/dict_16_192_64_0p5_0p02_0016_0002.uasset" 5546
"../../../Engine/Content/EngineMaterials/Substrate/GLints/dict_16_192_64_0p5_0p02_0017_0007.uasset" 5547
"/Engine/EngineMaterials/Substrate/GLints/dict_16_192_64_0p5_0p02_0016_0010" 5548
"../../../Engine/Content/EngineMaterials/Substrate/GLints/dict_16_192_64_0p5_0p02_0017_0011.uasset" 5549
"/Engine/EngineMaterials/Substrate/GLints/dict_16_192_64_0p5_0p02_0016_0009" 5550
"../../../Engine/Content/EngineMaterials/Substrate/GLints/dict_16_192_64_0p5_0p02_0016_0013.uasset" 5551
"../../../Engine/Content/EngineMaterials/Substrate/GLints/dict_16_192_64_0p5_0p02_0016_0001.uasset" 5552
"../../../Engine/Content/EngineMaterials/Substrate/GLints/dict_16_192_64_0p5_0p02_0016_0005.uasset" 5553
"/Engine/EngineMaterials/Substrate/GLints/dict_16_192_64_0p5_0p02_0016_0008" 5554
"../../../Engine/Content/EngineMaterials/Substrate/GLints/dict_16_192_64_0p5_0p02_0016_0011.uasset" 5555
"../../../Engine/Content/EngineMaterials/Substrate/GLints/dict_16_192_64_0p5_0p02_0017_0010.uasset" 5556
"../../../Engine/Content/EngineMaterials/Substrate/GLints/dict_16_192_64_0p5_0p02_0017_0004.uasset" 5557
"/Engine/EngineMaterials/Substrate/GLints/dict_16_192_64_0p5_0p02_0015_0008" 5558
"../../../Engine/Content/EngineMaterials/Substrate/GLints/dict_16_192_64_0p5_0p02_0016_0014.uasset" 5559
"../../../Engine/Content/EngineMaterials/Substrate/GLints/dict_16_192_64_0p5_0p02_0016_0007.uasset" 5560
"/Engine/EngineMaterials/Substrate/GLints/dict_16_192_64_0p5_0p02_0016_0006" 5561
"/Engine/EngineMaterials/Substrate/GLints/dict_16_192_64_0p5_0p02_0016_0004" 5562
"/Engine/EngineMaterials/Substrate/GLints/dict_16_192_64_0p5_0p02_0015_0006" 5563
"../../../Engine/Content/EngineMaterials/Substrate/GLints/dict_16_192_64_0p5_0p02_0016_0003.uasset" 5564
"/Engine/EngineMaterials/Substrate/GLints/dict_16_192_64_0p5_0p02_0015_0005" 5565
"/Engine/EngineMaterials/Substrate/GLints/dict_16_192_64_0p5_0p02_0016_0000" 5566
"/Engine/EngineMaterials/Substrate/GLints/dict_16_192_64_0p5_0p02_0017_0011" 5567
"../../../Engine/Content/EngineMaterials/Substrate/GLints/dict_16_192_64_0p5_0p02_0017_0014.uasset" 5568
"../../../Engine/Content/EngineMaterials/Substrate/GLints/dict_16_192_64_0p5_0p02_0017_0013.uasset" 5569
"../../../Engine/Content/EngineMaterials/Substrate/GLints/dict_16_192_64_0p5_0p02_0018_0002.uasset" 5570
"../../../Engine/Content/EngineMaterials/Substrate/GLints/dict_16_192_64_0p5_0p02_0018_0000.uasset" 5571
"/Engine/EngineMaterials/Substrate/GLints/dict_16_192_64_0p5_0p02_0016_0013" 5572
"../../../Engine/Content/EngineMaterials/Substrate/GLints/dict_16_192_64_0p5_0p02_0018_0005.uasset" 5573
"/Engine/EngineMaterials/Substrate/GLints/dict_16_192_64_0p5_0p02_0016_0011" 5574
"../../../Engine/Content/EngineMaterials/Substrate/GLints/dict_16_192_64_0p5_0p02_0017_0000.uasset" 5575
"../../../Engine/Content/EngineMaterials/Substrate/GLints/dict_16_192_64_0p5_0p02_0017_0008.uasset" 5576
"/Engine/EngineMaterials/Substrate/GLints/dict_16_192_64_0p5_0p02_0017_0010" 5577
"../../../Engine/Content/EngineMaterials/Substrate/GLints/dict_16_192_64_0p5_0p02_0017_0003.uasset" 5578
"../../../Engine/Content/EngineMaterials/Substrate/GLints/dict_16_192_64_0p5_0p02_0018_0003.uasset" 5579
"../../../Engine/Content/EngineMaterials/Substrate/GLints/dict_16_192_64_0p5_0p02_0017_0009.uasset" 5580
"/Engine/EngineMaterials/Substrate/GLints/dict_16_192_64_0p5_0p02_0016_0007" 5581
"../../../Engine/Content/EngineMaterials/Substrate/GLints/dict_16_192_64_0p5_0p02_0017_0012.uasset" 5582
"/Engine/EngineMaterials/Substrate/GLints/dict_16_192_64_0p5_0p02_0017_0007" 5583
"/Engine/EngineMaterials/Substrate/GLints/dict_16_192_64_0p5_0p02_0017_0005" 5584
"../../../Engine/Content/EngineMaterials/Substrate/GLints/dict_16_192_64_0p5_0p02_0017_0006.uasset" 5585
"/Engine/EngineMaterials/Substrate/GLints/dict_16_192_64_0p5_0p02_0017_0004" 5586
"../../../Engine/Content/EngineMaterials/Substrate/GLints/dict_16_192_64_0p5_0p02_0017_0001.uasset" 5587
"/Engine/EngineMaterials/Substrate/GLints/dict_16_192_64_0p5_0p02_0016_0005" 5588
"/Engine/EngineMaterials/Substrate/GLints/dict_16_192_64_0p5_0p02_0016_0003" 5589
"/Engine/EngineMaterials/Substrate/GLints/dict_16_192_64_0p5_0p02_0017_0002" 5590
"/Engine/EngineMaterials/Substrate/GLints/dict_16_192_64_0p5_0p02_0016_0002" 5591
"/Engine/EngineMaterials/Substrate/GLints/dict_16_192_64_0p5_0p02_0016_0001" 5592
"/Engine/EngineMaterials/Substrate/GLints/dict_16_192_64_0p5_0p02_0016_0015" 5593
"/Engine/EngineMaterials/Substrate/GLints/dict_16_192_64_0p5_0p02_0016_0014" 5594
"/Engine/EngineMaterials/Substrate/GLints/dict_16_192_64_0p5_0p02_0015_0015" 5595
"/Engine/EngineMaterials/Substrate/GLints/dict_16_192_64_0p5_0p02_0018_0005" 5596
"../../../Engine/Content/EngineMaterials/Substrate/GLints/dict_16_192_64_0p5_0p02_0018_0008.uasset" 5597
"../../../Engine/Content/EngineMaterials/Substrate/GLints/dict_16_192_64_0p5_0p02_0018_0012.uasset" 5598
"../../../Engine/Content/EngineMaterials/Substrate/GLints/dict_16_192_64_0p5_0p02_0018_0009.uasset" 5599
"../../../Engine/Content/EngineMaterials/Substrate/GLints/dict_16_192_64_0p5_0p02_0018_0013.uasset" 5600
"../../../Engine/Content/EngineMaterials/Substrate/GLints/dict_16_192_64_0p5_0p02_0019_0005.uasset" 5601
"../../../Engine/Content/EngineMaterials/Substrate/GLints/dict_16_192_64_0p5_0p02_0018_0014.uasset" 5602
"../../../Engine/Content/EngineMaterials/Substrate/GLints/dict_16_192_64_0p5_0p02_0018_0006.uasset" 5603
"../../../Engine/Content/EngineMaterials/Substrate/GLints/dict_16_192_64_0p5_0p02_0019_0003.uasset" 5604
"/Engine/EngineMaterials/Substrate/GLints/dict_16_192_64_0p5_0p02_0018_0003" 5605
"../../../Engine/Content/EngineMaterials/Substrate/GLints/dict_16_192_64_0p5_0p02_0018_0004.uasset" 5606
"/Engine/EngineMaterials/Substrate/GLints/dict_16_192_64_0p5_0p02_0018_0002" 5607
"../../../Engine/Content/EngineMaterials/Substrate/GLints/dict_16_192_64_0p5_0p02_0017_0015.uasset" 5608
"/Engine/EngineMaterials/Substrate/GLints/dict_16_192_64_0p5_0p02_0017_0009" 5609
"../../../Engine/Content/EngineMaterials/Substrate/GLints/dict_16_192_64_0p5_0p02_0018_0011.uasset" 5610
"../../../Engine/Content/EngineMaterials/Substrate/GLints/dict_16_192_64_0p5_0p02_0019_0002.uasset" 5611
"/Engine/EngineMaterials/Substrate/GLints/dict_16_192_64_0p5_0p02_0017_0008" 5612
"../../../Engine/Content/EngineMaterials/Substrate/GLints/dict_16_192_64_0p5_0p02_0018_0001.uasset" 5613
"/Engine/EngineMaterials/Substrate/GLints/dict_16_192_64_0p5_0p02_0017_0006" 5614
"/Engine/EngineMaterials/Substrate/GLints/dict_16_192_64_0p5_0p02_0017_0003" 5615
"/Engine/EngineMaterials/Substrate/GLints/dict_16_192_64_0p5_0p02_0018_0000" 5616
"/Engine/EngineMaterials/Substrate/GLints/dict_16_192_64_0p5_0p02_0017_0014" 5617
"/Engine/EngineMaterials/Substrate/GLints/dict_16_192_64_0p5_0p02_0017_0013" 5618
"/Engine/EngineMaterials/Substrate/GLints/dict_16_192_64_0p5_0p02_0017_0001" 5619
"/Engine/EngineMaterials/Substrate/GLints/dict_16_192_64_0p5_0p02_0017_0000" 5620
"/Engine/EngineMaterials/Substrate/GLints/dict_16_192_64_0p5_0p02_0017_0012" 5621
"/Engine/EngineMaterials/Substrate/GLints/dict_16_192_64_0p5_0p02_0019_0005" 5622
"../../../Engine/Content/EngineMaterials/Substrate/GLints/dict_16_192_64_0p5_0p02_0019_0009.uasset" 5623
"../../../Engine/Content/EngineMaterials/Substrate/GLints/dict_16_192_64_0p5_0p02_0020_0000.uasset" 5624
"../../../Engine/Content/EngineMaterials/Substrate/GLints/dict_16_192_64_0p5_0p02_0019_0006.uasset" 5625
"../../../Engine/Content/EngineMaterials/Substrate/GLints/dict_16_192_64_0p5_0p02_0019_0008.uasset" 5626
"../../../Engine/Content/EngineMaterials/Substrate/GLints/dict_16_192_64_0p5_0p02_0019_0013.uasset" 5627
"/Engine/EngineMaterials/Substrate/GLints/dict_16_192_64_0p5_0p02_0019_0003" 5628
"../../../Engine/Content/EngineMaterials/Substrate/GLints/dict_16_192_64_0p5_0p02_0019_0015.uasset" 5629
"/Engine/EngineMaterials/Substrate/GLints/dict_16_192_64_0p5_0p02_0019_0002" 5630
"../../../Engine/Content/EngineMaterials/Substrate/GLints/dict_16_192_64_0p5_0p02_0018_0007.uasset" 5631
"../../../Engine/Content/EngineMaterials/Substrate/GLints/dict_16_192_64_0p5_0p02_0018_0015.uasset" 5632
"/Engine/EngineMaterials/Substrate/GLints/dict_16_192_64_0p5_0p02_0018_0004" 5633
"../../../Engine/Content/EngineMaterials/Substrate/GLints/dict_16_192_64_0p5_0p02_0018_0010.uasset" 5634
"../../../Engine/Content/EngineMaterials/Substrate/GLints/dict_16_192_64_0p5_0p02_0019_0000.uasset" 5635
"../../../Engine/Content/EngineMaterials/Substrate/GLints/dict_16_192_64_0p5_0p02_0019_0010.uasset" 5636
"../../../Engine/Content/EngineMaterials/Substrate/GLints/dict_16_192_64_0p5_0p02_0019_0001.uasset" 5637
"../../../Engine/Content/EngineMaterials/Substrate/GLints/dict_16_192_64_0p5_0p02_0019_0007.uasset" 5638
"/Engine/EngineMaterials/Substrate/GLints/dict_16_192_64_0p5_0p02_0018_0014" 5639
"/Engine/EngineMaterials/Substrate/GLints/dict_16_192_64_0p5_0p02_0018_0001" 5640
"/Engine/EngineMaterials/Substrate/GLints/dict_16_192_64_0p5_0p02_0018_0013" 5641
"../../../Engine/Content/EngineMaterials/Substrate/GLints/dict_16_192_64_0p5_0p02_0019_0004.uasset" 5642
"/Engine/EngineMaterials/Substrate/GLints/dict_16_192_64_0p5_0p02_0017_0015" 5643
"/Engine/EngineMaterials/Substrate/GLints/dict_16_192_64_0p5_0p02_0018_0012" 5644
"/Engine/EngineMaterials/Substrate/GLints/dict_16_192_64_0p5_0p02_0018_0011" 5645
"/Engine/EngineMaterials/Substrate/GLints/dict_16_192_64_0p5_0p02_0018_0009" 5646
"/Engine/EngineMaterials/Substrate/GLints/dict_16_192_64_0p5_0p02_0018_0008" 5647
"/Engine/EngineMaterials/Substrate/GLints/dict_16_192_64_0p5_0p02_0018_0006" 5648
"/Engine/EngineMaterials/Substrate/GLints/dict_16_192_64_0p5_0p02_0019_0004" 5649
"../../../Engine/Content/EngineMaterials/Substrate/GLints/dict_16_192_64_0p5_0p02_0020_0006.uasset" 5650
"../../../Engine/Content/EngineMaterials/Substrate/GLints/dict_16_192_64_0p5_0p02_0020_0003.uasset" 5651
"../../../Engine/Content/EngineMaterials/Substrate/GLints/dict_16_192_64_0p5_0p02_0020_0005.uasset" 5652
"../../../Engine/Content/EngineMaterials/Substrate/GLints/dict_16_192_64_0p5_0p02_0020_0004.uasset" 5653
"../../../Engine/Content/EngineMaterials/Substrate/GLints/dict_16_192_64_0p5_0p02_0020_0012.uasset" 5654
"../../../Engine/Content/EngineMaterials/Substrate/GLints/dict_16_192_64_0p5_0p02_0020_0007.uasset" 5655
"../../../Engine/Content/EngineMaterials/Substrate/GLints/dict_16_192_64_0p5_0p02_0020_0014.uasset" 5656
"../../../Engine/Content/EngineMaterials/Substrate/GLints/dict_16_192_64_0p5_0p02_0020_0009.uasset" 5657
"../../../Engine/Content/EngineMaterials/Substrate/GLints/dict_16_192_64_0p5_0p02_0020_0008.uasset" 5658
"../../../Engine/Content/EngineMaterials/Substrate/GLints/dict_16_192_64_0p5_0p02_0020_0011.uasset" 5659
"../../../Engine/Content/EngineMaterials/Substrate/GLints/dict_16_192_64_0p5_0p02_0020_0010.uasset" 5660
"/Engine/EngineMaterials/Substrate/GLints/dict_16_192_64_0p5_0p02_0020_0000" 5661
"../../../Engine/Content/EngineMaterials/Substrate/GLints/dict_16_192_64_0p5_0p02_0020_0013.uasset" 5662
"../../../Engine/Content/EngineMaterials/Substrate/GLints/dict_16_192_64_0p5_0p02_0020_0015.uasset" 5663
"../../../Engine/Content/EngineMaterials/Substrate/GLints/dict_16_192_64_0p5_0p02_0020_0002.uasset" 5664
"/Engine/EngineMaterials/Substrate/GLints/dict_16_192_64_0p5_0p02_0019_0015" 5665
"/Engine/EngineMaterials/Substrate/GLints/dict_16_192_64_0p5_0p02_0019_0001" 5666
"../../../Engine/Content/EngineMaterials/Substrate/GLints/dict_16_192_64_0p5_0p02_0020_0001.uasset" 5667
"../../../Engine/Content/EngineMaterials/Substrate/GLints/dict_16_192_64_0p5_0p02_0019_0012.uasset" 5668
"../../../Engine/Content/EngineMaterials/Substrate/GLints/dict_16_192_64_0p5_0p02_0019_0014.uasset" 5669
"/Engine/EngineMaterials/Substrate/GLints/dict_16_192_64_0p5_0p02_0019_0000" 5670
"/Engine/EngineMaterials/Substrate/GLints/dict_16_192_64_0p5_0p02_0019_0013" 5671
"/Engine/EngineMaterials/Substrate/GLints/dict_16_192_64_0p5_0p02_0018_0015" 5672
"../../../Engine/Content/EngineMaterials/Substrate/GLints/dict_16_192_64_0p5_0p02_0019_0011.uasset" 5673
"/Engine/EngineMaterials/Substrate/GLints/dict_16_192_64_0p5_0p02_0019_0010" 5674
"/Engine/EngineMaterials/Substrate/GLints/dict_16_192_64_0p5_0p02_0018_0010" 5675
"/Engine/EngineMaterials/Substrate/GLints/dict_16_192_64_0p5_0p02_0019_0009" 5676
"/Engine/EngineMaterials/Substrate/GLints/dict_16_192_64_0p5_0p02_0019_0008" 5677
"/Engine/EngineMaterials/Substrate/GLints/dict_16_192_64_0p5_0p02_0019_0007" 5678
"/Engine/EngineMaterials/Substrate/GLints/dict_16_192_64_0p5_0p02_0019_0006" 5679
"/Engine/EngineMaterials/Substrate/GLints/dict_16_192_64_0p5_0p02_0018_0007" 5680
"/Engine/EngineMaterials/Substrate/GLints/dict_16_192_64_0p5_0p02_0020_0015" 5681
"../../../Engine/Content/EngineMaterials/Substrate/GLints/dict_16_192_64_0p5_0p02_0021_0002.uasset" 5682
"../../../Engine/Content/EngineMaterials/Substrate/GLints/dict_16_192_64_0p5_0p02_0021_0000.uasset" 5683
"../../../Engine/Content/EngineMaterials/Substrate/GLints/dict_16_192_64_0p5_0p02_0021_0004.uasset" 5684
"../../../Engine/Content/EngineMaterials/Substrate/GLints/dict_16_192_64_0p5_0p02_0021_0006.uasset" 5685
"../../../Engine/Content/EngineMaterials/Substrate/GLints/dict_16_192_64_0p5_0p02_0021_0001.uasset" 5686
"../../../Engine/Content/EngineMaterials/Substrate/GLints/dict_16_192_64_0p5_0p02_0021_0003.uasset" 5687
"../../../Engine/Content/EngineMaterials/Substrate/GLints/dict_16_192_64_0p5_0p02_0021_0007.uasset" 5688
"../../../Engine/Content/EngineMaterials/Substrate/GLints/dict_16_192_64_0p5_0p02_0021_0005.uasset" 5689
"../../../Engine/Content/EngineMaterials/Substrate/GLints/dict_16_192_64_0p5_0p02_0021_0008.uasset" 5690
"../../../Engine/Content/EngineMaterials/Substrate/GLints/dict_16_192_64_0p5_0p02_0021_0012.uasset" 5691
"../../../Engine/Content/EngineMaterials/Substrate/GLints/dict_16_192_64_0p5_0p02_0021_0010.uasset" 5692
"../../../Engine/Content/EngineMaterials/Substrate/GLints/dict_16_192_64_0p5_0p02_0021_0013.uasset" 5693
"../../../Engine/Content/EngineMaterials/Substrate/GLints/dict_16_192_64_0p5_0p02_0021_0009.uasset" 5694
"/Engine/EngineMaterials/Substrate/GLints/dict_16_192_64_0p5_0p02_0020_0002" 5695
"/Engine/EngineMaterials/Substrate/GLints/dict_16_192_64_0p5_0p02_0020_0014" 5696
"/Engine/EngineMaterials/Substrate/GLints/dict_16_192_64_0p5_0p02_0020_0013" 5697
"/Engine/EngineMaterials/Substrate/GLints/dict_16_192_64_0p5_0p02_0020_0012" 5698
"/Engine/EngineMaterials/Substrate/GLints/dict_16_192_64_0p5_0p02_0020_0001" 5699
"/Engine/EngineMaterials/Substrate/GLints/dict_16_192_64_0p5_0p02_0019_0014" 5700
"/Engine/EngineMaterials/Substrate/GLints/dict_16_192_64_0p5_0p02_0020_0011" 5701
"/Engine/EngineMaterials/Substrate/GLints/dict_16_192_64_0p5_0p02_0020_0010" 5702
"/Engine/EngineMaterials/Substrate/GLints/dict_16_192_64_0p5_0p02_0019_0012" 5703
"/Engine/EngineMaterials/Substrate/GLints/dict_16_192_64_0p5_0p02_0019_0011" 5704
"/Engine/EngineMaterials/Substrate/GLints/dict_16_192_64_0p5_0p02_0020_0009" 5705
"/Engine/EngineMaterials/Substrate/GLints/dict_16_192_64_0p5_0p02_0020_0008" 5706
"/Engine/EngineMaterials/Substrate/GLints/dict_16_192_64_0p5_0p02_0020_0007" 5707
"/Engine/EngineMaterials/Substrate/GLints/dict_16_192_64_0p5_0p02_0020_0006" 5708
"/Engine/EngineMaterials/Substrate/GLints/dict_16_192_64_0p5_0p02_0020_0005" 5709
"/Engine/EngineMaterials/Substrate/GLints/dict_16_192_64_0p5_0p02_0020_0004" 5710
"/Engine/EngineMaterials/Substrate/GLints/dict_16_192_64_0p5_0p02_0020_0003" 5711
"../../../Engine/Content/EngineMaterials/Substrate/GLints/dict_16_192_64_0p5_0p02_0021_0015.uasset" 5712
"/Engine/EngineMaterials/Substrate/GLints/dict_16_192_64_0p5_0p02_0021_0013" 5713
"../../../Engine/Content/EngineMaterials/Substrate/GLints/dict_16_192_64_0p5_0p02_0022_0000.uasset" 5714
"../../../Engine/Content/EngineMaterials/Substrate/GLints/dict_16_192_64_0p5_0p02_0022_0001.uasset" 5715
"../../../Engine/Content/EngineMaterials/Substrate/GLints/dict_16_192_64_0p5_0p02_0022_0003.uasset" 5716
"../../../Engine/Content/EngineMaterials/Substrate/GLints/dict_16_192_64_0p5_0p02_0022_0002.uasset" 5717
"../../../Engine/Content/EngineMaterials/Substrate/GLints/dict_16_192_64_0p5_0p02_0022_0004.uasset" 5718
"../../../Engine/Content/EngineMaterials/Substrate/GLints/dict_16_192_64_0p5_0p02_0022_0005.uasset" 5719
"../../../Engine/Content/EngineMaterials/Substrate/GLints/dict_16_192_64_0p5_0p02_0022_0009.uasset" 5720
"../../../Engine/Content/EngineMaterials/Substrate/GLints/dict_16_192_64_0p5_0p02_0022_0006.uasset" 5721
"../../../Engine/Content/EngineMaterials/Substrate/GLints/dict_16_192_64_0p5_0p02_0021_0014.uasset" 5722
"../../../Engine/Content/EngineMaterials/Substrate/GLints/dict_16_192_64_0p5_0p02_0022_0012.uasset" 5723
"../../../Engine/Content/EngineMaterials/Substrate/GLints/dict_16_192_64_0p5_0p02_0022_0011.uasset" 5724
"../../../Engine/Content/EngineMaterials/Substrate/GLints/dict_16_192_64_0p5_0p02_0022_0014.uasset" 5725
"../../../Engine/Content/EngineMaterials/Substrate/GLints/dict_16_192_64_0p5_0p02_0022_0010.uasset" 5726
"/Engine/EngineMaterials/Substrate/GLints/dict_16_192_64_0p5_0p02_0021_0012" 5727
"../../../Engine/Content/EngineMaterials/Substrate/GLints/dict_16_192_64_0p5_0p02_0022_0007.uasset" 5728
"../../../Engine/Content/EngineMaterials/Substrate/GLints/dict_16_192_64_0p5_0p02_0022_0008.uasset" 5729
"../../../Engine/Content/EngineMaterials/Substrate/GLints/dict_16_192_64_0p5_0p02_0022_0015.uasset" 5730
"../../../Engine/Content/EngineMaterials/Substrate/GLints/dict_16_192_64_0p5_0p02_0022_0013.uasset" 5731
"../../../Engine/Content/EngineMaterials/Substrate/GLints/dict_16_192_64_0p5_0p02_0021_0011.uasset" 5732
"/Engine/EngineMaterials/Substrate/GLints/dict_16_192_64_0p5_0p02_0021_0010" 5733
"/Engine/EngineMaterials/Substrate/GLints/dict_16_192_64_0p5_0p02_0021_0009" 5734
"/Engine/EngineMaterials/Substrate/GLints/dict_16_192_64_0p5_0p02_0021_0008" 5735
"/Engine/EngineMaterials/Substrate/GLints/dict_16_192_64_0p5_0p02_0021_0007" 5736
"/Engine/EngineMaterials/Substrate/GLints/dict_16_192_64_0p5_0p02_0021_0006" 5737
"/Engine/EngineMaterials/Substrate/GLints/dict_16_192_64_0p5_0p02_0021_0005" 5738
"/Engine/EngineMaterials/Substrate/GLints/dict_16_192_64_0p5_0p02_0021_0004" 5739
"/Engine/EngineMaterials/Substrate/GLints/dict_16_192_64_0p5_0p02_0021_0003" 5740
"/Engine/EngineMaterials/Substrate/GLints/dict_16_192_64_0p5_0p02_0021_0002" 5741
"/Engine/EngineMaterials/Substrate/GLints/dict_16_192_64_0p5_0p02_0021_0001" 5742
"/Engine/EngineMaterials/Substrate/GLints/dict_16_192_64_0p5_0p02_0021_0000" 5743
"../../../Engine/Content/EngineMaterials/Substrate/GLints/dict_16_192_64_0p5_0p02_0023_0000.uasset" 5744
"/Engine/EngineMaterials/Substrate/GLints/dict_16_192_64_0p5_0p02_0022_0015" 5745
"../../../Engine/Content/EngineMaterials/Substrate/GLints/dict_16_192_64_0p5_0p02_0023_0001.uasset" 5746
"../../../Engine/Content/EngineMaterials/Substrate/GLints/dict_16_192_64_0p5_0p02_0023_0003.uasset" 5747
"../../../Engine/Content/EngineMaterials/Substrate/GLints/dict_16_192_64_0p5_0p02_0023_0002.uasset" 5748
"../../../Engine/Content/EngineMaterials/Substrate/GLints/dict_16_192_64_0p5_0p02_0023_0004.uasset" 5749
"../../../Engine/Content/EngineMaterials/Substrate/GLints/dict_16_192_64_0p5_0p02_0023_0007.uasset" 5750
"../../../Engine/Content/EngineMaterials/Substrate/GLints/dict_16_192_64_0p5_0p02_0023_0008.uasset" 5751
"../../../Engine/Content/EngineMaterials/Substrate/GLints/dict_16_192_64_0p5_0p02_0023_0005.uasset" 5752
"../../../Engine/Content/EngineMaterials/Substrate/GLints/dict_16_192_64_0p5_0p02_0023_0010.uasset" 5753
"../../../Engine/Content/EngineMaterials/Substrate/GLints/dict_16_192_64_0p5_0p02_0023_0006.uasset" 5754
"../../../Engine/Content/EngineMaterials/Substrate/GLints/dict_16_192_64_0p5_0p02_0023_0011.uasset" 5755
"../../../Engine/Content/EngineMaterials/Substrate/GLints/dict_16_192_64_0p5_0p02_0023_0009.uasset" 5756
"../../../Engine/Content/EngineMaterials/Substrate/GLints/dict_16_192_64_0p5_0p02_0023_0012.uasset" 5757
"/Engine/EngineMaterials/Substrate/GLints/dict_16_192_64_0p5_0p02_0022_0014" 5758
"/Engine/EngineMaterials/Substrate/GLints/dict_16_192_64_0p5_0p02_0022_0013" 5759
"/Engine/EngineMaterials/Substrate/GLints/dict_16_192_64_0p5_0p02_0022_0012" 5760
"/Engine/EngineMaterials/Substrate/GLints/dict_16_192_64_0p5_0p02_0022_0011" 5761
"/Engine/EngineMaterials/Substrate/GLints/dict_16_192_64_0p5_0p02_0022_0010" 5762
"/Engine/EngineMaterials/Substrate/GLints/dict_16_192_64_0p5_0p02_0021_0011" 5763
"/Engine/EngineMaterials/Substrate/GLints/dict_16_192_64_0p5_0p02_0022_0009" 5764
"/Engine/EngineMaterials/Substrate/GLints/dict_16_192_64_0p5_0p02_0022_0008" 5765
"/Engine/EngineMaterials/Substrate/GLints/dict_16_192_64_0p5_0p02_0022_0007" 5766
"/Engine/EngineMaterials/Substrate/GLints/dict_16_192_64_0p5_0p02_0022_0006" 5767
"/Engine/EngineMaterials/Substrate/GLints/dict_16_192_64_0p5_0p02_0022_0005" 5768
"/Engine/EngineMaterials/Substrate/GLints/dict_16_192_64_0p5_0p02_0022_0004" 5769
"/Engine/EngineMaterials/Substrate/GLints/dict_16_192_64_0p5_0p02_0022_0003" 5770
"/Engine/EngineMaterials/Substrate/GLints/dict_16_192_64_0p5_0p02_0022_0002" 5771
"/Engine/EngineMaterials/Substrate/GLints/dict_16_192_64_0p5_0p02_0022_0001" 5772
"/Engine/EngineMaterials/Substrate/GLints/dict_16_192_64_0p5_0p02_0022_0000" 5773
"/Engine/EngineMaterials/Substrate/GLints/dict_16_192_64_0p5_0p02_0021_0015" 5774
"/Engine/EngineMaterials/Substrate/GLints/dict_16_192_64_0p5_0p02_0021_0014" 5775
"../../../Engine/Content/EngineMaterials/Substrate/GLints/dict_16_192_64_0p5_0p02_0023_0014.uasset" 5776
"../../../Engine/Content/EngineMaterials/Substrate/GLints/dict_16_192_64_0p5_0p02_0023_0015.uasset" 5777
"/Engine/EngineMaterials/Substrate/GLints/dict_16_192_64_0p5_0p02_0023_0012" 5778
"../../../Engine/Content/EngineMaterials/Substrate/GLints/dict_16_192_64_0p5_0p02_0024_0003.uasset" 5779
"../../../Engine/Content/EngineMaterials/Substrate/GLints/dict_16_192_64_0p5_0p02_0024_0005.uasset" 5780
"../../../Engine/Content/EngineMaterials/Substrate/GLints/dict_16_192_64_0p5_0p02_0023_0013.uasset" 5781
"../../../Engine/Content/EngineMaterials/Substrate/GLints/dict_16_192_64_0p5_0p02_0024_0007.uasset" 5782
"../../../Engine/Content/EngineMaterials/Substrate/GLints/dict_16_192_64_0p5_0p02_0024_0011.uasset" 5783
"../../../Engine/Content/EngineMaterials/Substrate/GLints/dict_16_192_64_0p5_0p02_0024_0001.uasset" 5784
"../../../Engine/Content/EngineMaterials/Substrate/GLints/dict_16_192_64_0p5_0p02_0024_0000.uasset" 5785
"../../../Engine/Content/EngineMaterials/Substrate/GLints/dict_16_192_64_0p5_0p02_0024_0009.uasset" 5786
"../../../Engine/Content/EngineMaterials/Substrate/GLints/dict_16_192_64_0p5_0p02_0024_0006.uasset" 5787
"../../../Engine/Content/EngineMaterials/Substrate/GLints/dict_16_192_64_0p5_0p02_0024_0002.uasset" 5788
"../../../Engine/Content/EngineMaterials/Substrate/GLints/dict_16_192_64_0p5_0p02_0024_0013.uasset" 5789
"../../../Engine/Content/EngineMaterials/Substrate/GLints/dict_16_192_64_0p5_0p02_0024_0008.uasset" 5790
"../../../Engine/Content/EngineMaterials/Substrate/GLints/dict_16_192_64_0p5_0p02_0024_0012.uasset" 5791
"/Engine/EngineMaterials/Substrate/GLints/dict_16_192_64_0p5_0p02_0023_0011" 5792
"../../../Engine/Content/EngineMaterials/Substrate/GLints/dict_16_192_64_0p5_0p02_0024_0010.uasset" 5793
"../../../Engine/Content/EngineMaterials/Substrate/GLints/dict_16_192_64_0p5_0p02_0024_0014.uasset" 5794
"../../../Engine/Content/EngineMaterials/Substrate/GLints/dict_16_192_64_0p5_0p02_0024_0004.uasset" 5795
"../../../Engine/Content/EngineMaterials/Substrate/GLints/dict_16_192_64_0p5_0p02_0024_0015.uasset" 5796
"/Engine/EngineMaterials/Substrate/GLints/dict_16_192_64_0p5_0p02_0023_0010" 5797
"/Engine/EngineMaterials/Substrate/GLints/dict_16_192_64_0p5_0p02_0023_0009" 5798
"/Engine/EngineMaterials/Substrate/GLints/dict_16_192_64_0p5_0p02_0023_0008" 5799
"/Engine/EngineMaterials/Substrate/GLints/dict_16_192_64_0p5_0p02_0023_0007" 5800
"/Engine/EngineMaterials/Substrate/GLints/dict_16_192_64_0p5_0p02_0023_0006" 5801
"/Engine/EngineMaterials/Substrate/GLints/dict_16_192_64_0p5_0p02_0023_0005" 5802
"/Engine/EngineMaterials/Substrate/GLints/dict_16_192_64_0p5_0p02_0023_0004" 5803
"/Engine/EngineMaterials/Substrate/GLints/dict_16_192_64_0p5_0p02_0023_0003" 5804
"/Engine/EngineMaterials/Substrate/GLints/dict_16_192_64_0p5_0p02_0023_0002" 5805
"/Engine/EngineMaterials/Substrate/GLints/dict_16_192_64_0p5_0p02_0023_0001" 5806
"/Engine/EngineMaterials/Substrate/GLints/dict_16_192_64_0p5_0p02_0023_0000" 5807
"/Engine/EngineMaterials/Substrate/GLints/dict_16_192_64_0p5_0p02_0024_0015" 5808
"../../../Engine/Content/EngineMaterials/Substrate/GLints/dict_16_192_64_0p5_0p02_0025_0002.uasset" 5809
"../../../Engine/Content/EngineMaterials/Substrate/GLints/dict_16_192_64_0p5_0p02_0025_0001.uasset" 5810
"../../../Engine/Content/EngineMaterials/Substrate/GLints/dict_16_192_64_0p5_0p02_0025_0004.uasset" 5811
"../../../Engine/Content/EngineMaterials/Substrate/GLints/dict_16_192_64_0p5_0p02_0025_0000.uasset" 5812
"../../../Engine/Content/EngineMaterials/Substrate/GLints/dict_16_192_64_0p5_0p02_0025_0003.uasset" 5813
"../../../Engine/Content/EngineMaterials/Substrate/GLints/dict_16_192_64_0p5_0p02_0025_0005.uasset" 5814
"../../../Engine/Content/EngineMaterials/Substrate/GLints/dict_16_192_64_0p5_0p02_0025_0006.uasset" 5815
"../../../Engine/Content/EngineMaterials/Substrate/GLints/dict_16_192_64_0p5_0p02_0025_0007.uasset" 5816
"../../../Engine/Content/EngineMaterials/Substrate/GLints/dict_16_192_64_0p5_0p02_0025_0012.uasset" 5817
"../../../Engine/Content/EngineMaterials/Substrate/GLints/dict_16_192_64_0p5_0p02_0025_0011.uasset" 5818
"../../../Engine/Content/EngineMaterials/Substrate/GLints/dict_16_192_64_0p5_0p02_0025_0010.uasset" 5819
"../../../Engine/Content/EngineMaterials/Substrate/GLints/dict_16_192_64_0p5_0p02_0025_0008.uasset" 5820
"../../../Engine/Content/EngineMaterials/Substrate/GLints/dict_16_192_64_0p5_0p02_0025_0009.uasset" 5821
"/Engine/EngineMaterials/Substrate/GLints/dict_16_192_64_0p5_0p02_0024_0014" 5822
"/Engine/EngineMaterials/Substrate/GLints/dict_16_192_64_0p5_0p02_0024_0013" 5823
"/Engine/EngineMaterials/Substrate/GLints/dict_16_192_64_0p5_0p02_0024_0012" 5824
"/Engine/EngineMaterials/Substrate/GLints/dict_16_192_64_0p5_0p02_0024_0011" 5825
"/Engine/EngineMaterials/Substrate/GLints/dict_16_192_64_0p5_0p02_0024_0010" 5826
"/Engine/EngineMaterials/Substrate/GLints/dict_16_192_64_0p5_0p02_0024_0009" 5827
"/Engine/EngineMaterials/Substrate/GLints/dict_16_192_64_0p5_0p02_0024_0008" 5828
"/Engine/EngineMaterials/Substrate/GLints/dict_16_192_64_0p5_0p02_0024_0007" 5829
"/Engine/EngineMaterials/Substrate/GLints/dict_16_192_64_0p5_0p02_0024_0006" 5830
"/Engine/EngineMaterials/Substrate/GLints/dict_16_192_64_0p5_0p02_0024_0005" 5831
"/Engine/EngineMaterials/Substrate/GLints/dict_16_192_64_0p5_0p02_0024_0004" 5832
"/Engine/EngineMaterials/Substrate/GLints/dict_16_192_64_0p5_0p02_0024_0003" 5833
"/Engine/EngineMaterials/Substrate/GLints/dict_16_192_64_0p5_0p02_0024_0002" 5834
"/Engine/EngineMaterials/Substrate/GLints/dict_16_192_64_0p5_0p02_0024_0001" 5835
"/Engine/EngineMaterials/Substrate/GLints/dict_16_192_64_0p5_0p02_0024_0000" 5836
"/Engine/EngineMaterials/Substrate/GLints/dict_16_192_64_0p5_0p02_0023_0015" 5837
"/Engine/EngineMaterials/Substrate/GLints/dict_16_192_64_0p5_0p02_0023_0014" 5838
"/Engine/EngineMaterials/Substrate/GLints/dict_16_192_64_0p5_0p02_0023_0013" 5839
"../../../Engine/Content/EngineMaterials/Substrate/GLints/dict_16_192_64_0p5_0p02_0025_0013.uasset" 5840
"../../../Engine/Content/EngineMaterials/Substrate/GLints/dict_16_192_64_0p5_0p02_0025_0015.uasset" 5841
"../../../Engine/Content/EngineMaterials/Substrate/GLints/dict_16_192_64_0p5_0p02_0026_0002.uasset" 5842
"../../../Engine/Content/EngineMaterials/Substrate/GLints/dict_16_192_64_0p5_0p02_0026_0001.uasset" 5843
"/Engine/EngineMaterials/Substrate/GLints/dict_16_192_64_0p5_0p02_0025_0012" 5844
"../../../Engine/Content/EngineMaterials/Substrate/GLints/dict_16_192_64_0p5_0p02_0026_0004.uasset" 5845
"../../../Engine/Content/EngineMaterials/Substrate/GLints/dict_16_192_64_0p5_0p02_0026_0006.uasset" 5846
"../../../Engine/Content/EngineMaterials/Substrate/GLints/dict_16_192_64_0p5_0p02_0026_0003.uasset" 5847
"../../../Engine/Content/EngineMaterials/Substrate/GLints/dict_16_192_64_0p5_0p02_0026_0005.uasset" 5848
"../../../Engine/Content/EngineMaterials/Substrate/GLints/dict_16_192_64_0p5_0p02_0026_0009.uasset" 5849
"../../../Engine/Content/EngineMaterials/Substrate/GLints/dict_16_192_64_0p5_0p02_0025_0014.uasset" 5850
"../../../Engine/Content/EngineMaterials/Substrate/GLints/dict_16_192_64_0p5_0p02_0026_0010.uasset" 5851
"../../../Engine/Content/EngineMaterials/Substrate/GLints/dict_16_192_64_0p5_0p02_0026_0000.uasset" 5852
"../../../Engine/Content/EngineMaterials/Substrate/GLints/dict_16_192_64_0p5_0p02_0026_0015.uasset" 5853
"../../../Engine/Content/EngineMaterials/Substrate/GLints/dict_16_192_64_0p5_0p02_0026_0008.uasset" 5854
"../../../Engine/Content/EngineMaterials/Substrate/GLints/dict_16_192_64_0p5_0p02_0026_0011.uasset" 5855
"../../../Engine/Content/EngineMaterials/Substrate/GLints/dict_16_192_64_0p5_0p02_0026_0013.uasset" 5856
"../../../Engine/Content/EngineMaterials/Substrate/GLints/dict_16_192_64_0p5_0p02_0026_0014.uasset" 5857
"/Engine/EngineMaterials/Substrate/GLints/dict_16_192_64_0p5_0p02_0025_0011" 5858
"../../../Engine/Content/EngineMaterials/Substrate/GLints/dict_16_192_64_0p5_0p02_0026_0012.uasset" 5859
"../../../Engine/Content/EngineMaterials/Substrate/GLints/dict_16_192_64_0p5_0p02_0026_0007.uasset" 5860
"/Engine/EngineMaterials/Substrate/GLints/dict_16_192_64_0p5_0p02_0025_0010" 5861
"/Engine/EngineMaterials/Substrate/GLints/dict_16_192_64_0p5_0p02_0025_0009" 5862
"/Engine/EngineMaterials/Substrate/GLints/dict_16_192_64_0p5_0p02_0025_0008" 5863
"/Engine/EngineMaterials/Substrate/GLints/dict_16_192_64_0p5_0p02_0025_0007" 5864
"/Engine/EngineMaterials/Substrate/GLints/dict_16_192_64_0p5_0p02_0025_0006" 5865
"/Engine/EngineMaterials/Substrate/GLints/dict_16_192_64_0p5_0p02_0025_0005" 5866
"/Engine/EngineMaterials/Substrate/GLints/dict_16_192_64_0p5_0p02_0025_0004" 5867
"/Engine/EngineMaterials/Substrate/GLints/dict_16_192_64_0p5_0p02_0025_0003" 5868
"/Engine/EngineMaterials/Substrate/GLints/dict_16_192_64_0p5_0p02_0025_0002" 5869
"/Engine/EngineMaterials/Substrate/GLints/dict_16_192_64_0p5_0p02_0025_0001" 5870
"/Engine/EngineMaterials/Substrate/GLints/dict_16_192_64_0p5_0p02_0025_0000" 5871
"../../../Engine/Content/EngineMaterials/Substrate/GLints/dict_16_192_64_0p5_0p02_0027_0001.uasset" 5872
"../../../Engine/Content/EngineMaterials/Substrate/GLints/dict_16_192_64_0p5_0p02_0027_0000.uasset" 5873
"../../../Engine/Content/EngineMaterials/Substrate/GLints/dict_16_192_64_0p5_0p02_0027_0004.uasset" 5874
"../../../Engine/Content/EngineMaterials/Substrate/GLints/dict_16_192_64_0p5_0p02_0027_0002.uasset" 5875
"../../../Engine/Content/EngineMaterials/Substrate/GLints/dict_16_192_64_0p5_0p02_0027_0005.uasset" 5876
"/Engine/EngineMaterials/Substrate/GLints/dict_16_192_64_0p5_0p02_0026_0015" 5877
"../../../Engine/Content/EngineMaterials/Substrate/GLints/dict_16_192_64_0p5_0p02_0027_0007.uasset" 5878
"../../../Engine/Content/EngineMaterials/Substrate/GLints/dict_16_192_64_0p5_0p02_0027_0009.uasset" 5879
"../../../Engine/Content/EngineMaterials/Substrate/GLints/dict_16_192_64_0p5_0p02_0027_0006.uasset" 5880
"../../../Engine/Content/EngineMaterials/Substrate/GLints/dict_16_192_64_0p5_0p02_0027_0011.uasset" 5881
"../../../Engine/Content/EngineMaterials/Substrate/GLints/dict_16_192_64_0p5_0p02_0027_0012.uasset" 5882
"../../../Engine/Content/EngineMaterials/Substrate/GLints/dict_16_192_64_0p5_0p02_0027_0003.uasset" 5883
"../../../Engine/Content/EngineMaterials/Substrate/GLints/dict_16_192_64_0p5_0p02_0027_0008.uasset" 5884
"../../../Engine/Content/EngineMaterials/Substrate/GLints/dict_16_192_64_0p5_0p02_0027_0010.uasset" 5885
"/Engine/EngineMaterials/Substrate/GLints/dict_16_192_64_0p5_0p02_0026_0014" 5886
"/Engine/EngineMaterials/Substrate/GLints/dict_16_192_64_0p5_0p02_0026_0013" 5887
"/Engine/EngineMaterials/Substrate/GLints/dict_16_192_64_0p5_0p02_0026_0012" 5888
"/Engine/EngineMaterials/Substrate/GLints/dict_16_192_64_0p5_0p02_0026_0011" 5889
"/Engine/EngineMaterials/Substrate/GLints/dict_16_192_64_0p5_0p02_0026_0010" 5890
"/Engine/EngineMaterials/Substrate/GLints/dict_16_192_64_0p5_0p02_0026_0009" 5891
"/Engine/EngineMaterials/Substrate/GLints/dict_16_192_64_0p5_0p02_0026_0008" 5892
"/Engine/EngineMaterials/Substrate/GLints/dict_16_192_64_0p5_0p02_0026_0007" 5893
"/Engine/EngineMaterials/Substrate/GLints/dict_16_192_64_0p5_0p02_0026_0006" 5894
"/Engine/EngineMaterials/Substrate/GLints/dict_16_192_64_0p5_0p02_0026_0005" 5895
"/Engine/EngineMaterials/Substrate/GLints/dict_16_192_64_0p5_0p02_0026_0004" 5896
"/Engine/EngineMaterials/Substrate/GLints/dict_16_192_64_0p5_0p02_0026_0003" 5897
"/Engine/EngineMaterials/Substrate/GLints/dict_16_192_64_0p5_0p02_0026_0002" 5898
"/Engine/EngineMaterials/Substrate/GLints/dict_16_192_64_0p5_0p02_0026_0001" 5899
"/Engine/EngineMaterials/Substrate/GLints/dict_16_192_64_0p5_0p02_0026_0000" 5900
"/Engine/EngineMaterials/Substrate/GLints/dict_16_192_64_0p5_0p02_0025_0015" 5901
"/Engine/EngineMaterials/Substrate/GLints/dict_16_192_64_0p5_0p02_0025_0014" 5902
"/Engine/EngineMaterials/Substrate/GLints/dict_16_192_64_0p5_0p02_0025_0013" 5903
"../../../Engine/Content/EngineMaterials/Substrate/GLints/dict_16_192_64_0p5_0p02_0027_0013.uasset" 5904
"../../../Engine/Content/EngineMaterials/Substrate/GLints/dict_16_192_64_0p5_0p02_0027_0014.uasset" 5905
"../../../Engine/Content/EngineMaterials/Substrate/GLints/dict_16_192_64_0p5_0p02_0027_0015.uasset" 5906
"../../../Engine/Content/EngineMaterials/Substrate/GLints/dict_16_192_64_0p5_0p02_0028_0000.uasset" 5907
"/Engine/EngineMaterials/Substrate/GLints/dict_16_192_64_0p5_0p02_0027_0012" 5908
"../../../Engine/Content/EngineMaterials/Substrate/GLints/dict_16_192_64_0p5_0p02_0028_0005.uasset" 5909
"../../../Engine/Content/EngineMaterials/Substrate/GLints/dict_16_192_64_0p5_0p02_0028_0003.uasset" 5910
"../../../Engine/Content/EngineMaterials/Substrate/GLints/dict_16_192_64_0p5_0p02_0028_0004.uasset" 5911
"../../../Engine/Content/EngineMaterials/Substrate/GLints/dict_16_192_64_0p5_0p02_0028_0007.uasset" 5912
"../../../Engine/Content/EngineMaterials/Substrate/GLints/dict_16_192_64_0p5_0p02_0028_0001.uasset" 5913
"../../../Engine/Content/EngineMaterials/Substrate/GLints/dict_16_192_64_0p5_0p02_0028_0006.uasset" 5914
"../../../Engine/Content/EngineMaterials/Substrate/GLints/dict_16_192_64_0p5_0p02_0028_0009.uasset" 5915
"../../../Engine/Content/EngineMaterials/Substrate/GLints/dict_16_192_64_0p5_0p02_0028_0013.uasset" 5916
"../../../Engine/Content/EngineMaterials/Substrate/GLints/dict_16_192_64_0p5_0p02_0028_0008.uasset" 5917
"../../../Engine/Content/EngineMaterials/Substrate/GLints/dict_16_192_64_0p5_0p02_0028_0014.uasset" 5918
"../../../Engine/Content/EngineMaterials/Substrate/GLints/dict_16_192_64_0p5_0p02_0028_0011.uasset" 5919
"../../../Engine/Content/EngineMaterials/Substrate/GLints/dict_16_192_64_0p5_0p02_0028_0012.uasset" 5920
"../../../Engine/Content/EngineMaterials/Substrate/GLints/dict_16_192_64_0p5_0p02_0028_0015.uasset" 5921
"../../../Engine/Content/EngineMaterials/Substrate/GLints/dict_16_192_64_0p5_0p02_0028_0010.uasset" 5922
"/Engine/EngineMaterials/Substrate/GLints/dict_16_192_64_0p5_0p02_0027_0011" 5923
"../../../Engine/Content/EngineMaterials/Substrate/GLints/dict_16_192_64_0p5_0p02_0028_0002.uasset" 5924
"/Engine/EngineMaterials/Substrate/GLints/dict_16_192_64_0p5_0p02_0027_0010" 5925
"/Engine/EngineMaterials/Substrate/GLints/dict_16_192_64_0p5_0p02_0027_0009" 5926
"/Engine/EngineMaterials/Substrate/GLints/dict_16_192_64_0p5_0p02_0027_0008" 5927
"/Engine/EngineMaterials/Substrate/GLints/dict_16_192_64_0p5_0p02_0027_0007" 5928
"/Engine/EngineMaterials/Substrate/GLints/dict_16_192_64_0p5_0p02_0027_0006" 5929
"/Engine/EngineMaterials/Substrate/GLints/dict_16_192_64_0p5_0p02_0027_0005" 5930
"/Engine/EngineMaterials/Substrate/GLints/dict_16_192_64_0p5_0p02_0027_0004" 5931
"/Engine/EngineMaterials/Substrate/GLints/dict_16_192_64_0p5_0p02_0027_0003" 5932
"/Engine/EngineMaterials/Substrate/GLints/dict_16_192_64_0p5_0p02_0027_0002" 5933
"/Engine/EngineMaterials/Substrate/GLints/dict_16_192_64_0p5_0p02_0027_0001" 5934
"/Engine/EngineMaterials/Substrate/GLints/dict_16_192_64_0p5_0p02_0027_0000" 5935
"../../../Engine/Content/EngineMaterials/Substrate/GLints/dict_16_192_64_0p5_0p02_0029_0003.uasset" 5936
"../../../Engine/Content/EngineMaterials/Substrate/GLints/dict_16_192_64_0p5_0p02_0029_0000.uasset" 5937
"../../../Engine/Content/EngineMaterials/Substrate/GLints/dict_16_192_64_0p5_0p02_0029_0005.uasset" 5938
"../../../Engine/Content/EngineMaterials/Substrate/GLints/dict_16_192_64_0p5_0p02_0029_0002.uasset" 5939
"../../../Engine/Content/EngineMaterials/Substrate/GLints/dict_16_192_64_0p5_0p02_0029_0008.uasset" 5940
"../../../Engine/Content/EngineMaterials/Substrate/GLints/dict_16_192_64_0p5_0p02_0029_0001.uasset" 5941
"/Engine/EngineMaterials/Substrate/GLints/dict_16_192_64_0p5_0p02_0028_0015" 5942
"../../../Engine/Content/EngineMaterials/Substrate/GLints/dict_16_192_64_0p5_0p02_0029_0006.uasset" 5943
"../../../Engine/Content/EngineMaterials/Substrate/GLints/dict_16_192_64_0p5_0p02_0029_0010.uasset" 5944
"../../../Engine/Content/EngineMaterials/Substrate/GLints/dict_16_192_64_0p5_0p02_0029_0007.uasset" 5945
"../../../Engine/Content/EngineMaterials/Substrate/GLints/dict_16_192_64_0p5_0p02_0029_0012.uasset" 5946
"../../../Engine/Content/EngineMaterials/Substrate/GLints/dict_16_192_64_0p5_0p02_0029_0011.uasset" 5947
"../../../Engine/Content/EngineMaterials/Substrate/GLints/dict_16_192_64_0p5_0p02_0029_0009.uasset" 5948
"../../../Engine/Content/EngineMaterials/Substrate/GLints/dict_16_192_64_0p5_0p02_0029_0004.uasset" 5949
"/Engine/EngineMaterials/Substrate/GLints/dict_16_192_64_0p5_0p02_0028_0014" 5950
"/Engine/EngineMaterials/Substrate/GLints/dict_16_192_64_0p5_0p02_0028_0013" 5951
"/Engine/EngineMaterials/Substrate/GLints/dict_16_192_64_0p5_0p02_0028_0012" 5952
"/Engine/EngineMaterials/Substrate/GLints/dict_16_192_64_0p5_0p02_0028_0011" 5953
"/Engine/EngineMaterials/Substrate/GLints/dict_16_192_64_0p5_0p02_0028_0010" 5954
"/Engine/EngineMaterials/Substrate/GLints/dict_16_192_64_0p5_0p02_0028_0009" 5955
"/Engine/EngineMaterials/Substrate/GLints/dict_16_192_64_0p5_0p02_0028_0008" 5956
"/Engine/EngineMaterials/Substrate/GLints/dict_16_192_64_0p5_0p02_0028_0007" 5957
"/Engine/EngineMaterials/Substrate/GLints/dict_16_192_64_0p5_0p02_0028_0006" 5958
"/Engine/EngineMaterials/Substrate/GLints/dict_16_192_64_0p5_0p02_0028_0005" 5959
"/Engine/EngineMaterials/Substrate/GLints/dict_16_192_64_0p5_0p02_0028_0004" 5960
"/Engine/EngineMaterials/Substrate/GLints/dict_16_192_64_0p5_0p02_0028_0003" 5961
"/Engine/EngineMaterials/Substrate/GLints/dict_16_192_64_0p5_0p02_0028_0002" 5962
"/Engine/EngineMaterials/Substrate/GLints/dict_16_192_64_0p5_0p02_0028_0001" 5963
"/Engine/EngineMaterials/Substrate/GLints/dict_16_192_64_0p5_0p02_0028_0000" 5964
"/Engine/EngineMaterials/Substrate/GLints/dict_16_192_64_0p5_0p02_0027_0015" 5965
"/Engine/EngineMaterials/Substrate/GLints/dict_16_192_64_0p5_0p02_0027_0014" 5966
"/Engine/EngineMaterials/Substrate/GLints/dict_16_192_64_0p5_0p02_0027_0013" 5967
"/Engine/EngineMaterials/Substrate/GLints/dict_16_192_64_0p5_0p02_0029_0012" 5968
"../../../Engine/Content/EngineMaterials/Substrate/GLints/dict_16_192_64_0p5_0p02_0029_0013.uasset" 5969
"../../../Engine/Content/EngineMaterials/Substrate/GLints/dict_16_192_64_0p5_0p02_0029_0014.uasset" 5970
"../../../Engine/Content/EngineMaterials/Substrate/GLints/dict_16_192_64_0p5_0p02_0029_0015.uasset" 5971
"../../../Engine/Content/EngineMaterials/Substrate/GLints/dict_16_192_64_0p5_0p02_0030_0000.uasset" 5972
"../../../Engine/Content/EngineMaterials/Substrate/GLints/dict_16_192_64_0p5_0p02_0030_0008.uasset" 5973
"../../../Engine/Content/EngineMaterials/Substrate/GLints/dict_16_192_64_0p5_0p02_0030_0003.uasset" 5974
"../../../Engine/Content/EngineMaterials/Substrate/GLints/dict_16_192_64_0p5_0p02_0030_0001.uasset" 5975
"../../../Engine/Content/EngineMaterials/Substrate/GLints/dict_16_192_64_0p5_0p02_0030_0005.uasset" 5976
"../../../Engine/Content/EngineMaterials/Substrate/GLints/dict_16_192_64_0p5_0p02_0030_0002.uasset" 5977
"/Engine/EngineMaterials/Substrate/GLints/dict_16_192_64_0p5_0p02_0029_0011" 5978
"../../../Engine/Content/EngineMaterials/Substrate/GLints/dict_16_192_64_0p5_0p02_0030_0007.uasset" 5979
"../../../Engine/Content/EngineMaterials/Substrate/GLints/dict_16_192_64_0p5_0p02_0030_0010.uasset" 5980
"../../../Engine/Content/EngineMaterials/Substrate/GLints/dict_16_192_64_0p5_0p02_0030_0015.uasset" 5981
"../../../Engine/Content/EngineMaterials/Substrate/GLints/dict_16_192_64_0p5_0p02_0030_0013.uasset" 5982
"../../../Engine/Content/EngineMaterials/Substrate/GLints/dict_16_192_64_0p5_0p02_0030_0006.uasset" 5983
"../../../Engine/Content/EngineMaterials/Substrate/GLints/dict_16_192_64_0p5_0p02_0030_0012.uasset" 5984
"../../../Engine/Content/EngineMaterials/Substrate/GLints/dict_16_192_64_0p5_0p02_0030_0009.uasset" 5985
"../../../Engine/Content/EngineMaterials/Substrate/GLints/dict_16_192_64_0p5_0p02_0030_0014.uasset" 5986
"../../../Engine/Content/EngineMaterials/Substrate/GLints/dict_16_192_64_0p5_0p02_0030_0011.uasset" 5987
"../../../Engine/Content/EngineMaterials/Substrate/GLints/dict_16_192_64_0p5_0p02_0030_0004.uasset" 5988
"/Engine/EngineMaterials/Substrate/GLints/dict_16_192_64_0p5_0p02_0029_0010" 5989
"/Engine/EngineMaterials/Substrate/GLints/dict_16_192_64_0p5_0p02_0029_0009" 5990
"/Engine/EngineMaterials/Substrate/GLints/dict_16_192_64_0p5_0p02_0029_0008" 5991
"/Engine/EngineMaterials/Substrate/GLints/dict_16_192_64_0p5_0p02_0029_0007" 5992
"/Engine/EngineMaterials/Substrate/GLints/dict_16_192_64_0p5_0p02_0029_0006" 5993
"/Engine/EngineMaterials/Substrate/GLints/dict_16_192_64_0p5_0p02_0029_0005" 5994
"/Engine/EngineMaterials/Substrate/GLints/dict_16_192_64_0p5_0p02_0029_0004" 5995
"/Engine/EngineMaterials/Substrate/GLints/dict_16_192_64_0p5_0p02_0029_0003" 5996
"/Engine/EngineMaterials/Substrate/GLints/dict_16_192_64_0p5_0p02_0029_0002" 5997
"/Engine/EngineMaterials/Substrate/GLints/dict_16_192_64_0p5_0p02_0029_0001" 5998
"/Engine/EngineMaterials/Substrate/GLints/dict_16_192_64_0p5_0p02_0029_0000" 5999
"../../../Engine/Content/EngineMaterials/Substrate/GLints/dict_16_192_64_0p5_0p02_0031_0001.uasset" 6000
"../../../Engine/Content/EngineMaterials/Substrate/GLints/dict_16_192_64_0p5_0p02_0031_0003.uasset" 6001
"../../../Engine/Content/EngineMaterials/Substrate/GLints/dict_16_192_64_0p5_0p02_0031_0007.uasset" 6002
"/Engine/EngineMaterials/Substrate/GLints/dict_16_192_64_0p5_0p02_0030_0015" 6003
"../../../Engine/Content/EngineMaterials/Substrate/GLints/dict_16_192_64_0p5_0p02_0031_0000.uasset" 6004
"../../../Engine/Content/EngineMaterials/Substrate/GLints/dict_16_192_64_0p5_0p02_0031_0004.uasset" 6005
"../../../Engine/Content/EngineMaterials/Substrate/GLints/dict_16_192_64_0p5_0p02_0031_0005.uasset" 6006
"../../../Engine/Content/EngineMaterials/Substrate/GLints/dict_16_192_64_0p5_0p02_0031_0010.uasset" 6007
"../../../Engine/Content/EngineMaterials/Substrate/GLints/dict_16_192_64_0p5_0p02_0031_0009.uasset" 6008
"../../../Engine/Content/EngineMaterials/Substrate/GLints/dict_16_192_64_0p5_0p02_0031_0011.uasset" 6009
"../../../Engine/Content/EngineMaterials/Substrate/GLints/dict_16_192_64_0p5_0p02_0031_0008.uasset" 6010
"../../../Engine/Content/EngineMaterials/Substrate/GLints/dict_16_192_64_0p5_0p02_0031_0002.uasset" 6011
"../../../Engine/Content/EngineMaterials/Substrate/GLints/dict_16_192_64_0p5_0p02_0031_0012.uasset" 6012
"../../../Engine/Content/EngineMaterials/Substrate/GLints/dict_16_192_64_0p5_0p02_0031_0006.uasset" 6013
"/Engine/EngineMaterials/Substrate/GLints/dict_16_192_64_0p5_0p02_0030_0014" 6014
"/Engine/EngineMaterials/Substrate/GLints/dict_16_192_64_0p5_0p02_0030_0013" 6015
"/Engine/EngineMaterials/Substrate/GLints/dict_16_192_64_0p5_0p02_0030_0012" 6016
"/Engine/EngineMaterials/Substrate/GLints/dict_16_192_64_0p5_0p02_0030_0011" 6017
"/Engine/EngineMaterials/Substrate/GLints/dict_16_192_64_0p5_0p02_0030_0010" 6018
"/Engine/EngineMaterials/Substrate/GLints/dict_16_192_64_0p5_0p02_0030_0009" 6019
"/Engine/EngineMaterials/Substrate/GLints/dict_16_192_64_0p5_0p02_0030_0008" 6020
"/Engine/EngineMaterials/Substrate/GLints/dict_16_192_64_0p5_0p02_0030_0007" 6021
"/Engine/EngineMaterials/Substrate/GLints/dict_16_192_64_0p5_0p02_0030_0006" 6022
"/Engine/EngineMaterials/Substrate/GLints/dict_16_192_64_0p5_0p02_0030_0005" 6023
"/Engine/EngineMaterials/Substrate/GLints/dict_16_192_64_0p5_0p02_0030_0004" 6024
"/Engine/EngineMaterials/Substrate/GLints/dict_16_192_64_0p5_0p02_0030_0003" 6025
"/Engine/EngineMaterials/Substrate/GLints/dict_16_192_64_0p5_0p02_0030_0002" 6026
"/Engine/EngineMaterials/Substrate/GLints/dict_16_192_64_0p5_0p02_0030_0001" 6027
"/Engine/EngineMaterials/Substrate/GLints/dict_16_192_64_0p5_0p02_0030_0000" 6028
"/Engine/EngineMaterials/Substrate/GLints/dict_16_192_64_0p5_0p02_0029_0015" 6029
"/Engine/EngineMaterials/Substrate/GLints/dict_16_192_64_0p5_0p02_0029_0014" 6030
"/Engine/EngineMaterials/Substrate/GLints/dict_16_192_64_0p5_0p02_0029_0013" 6031
"../../../Engine/Content/EngineMaterials/Substrate/GLints/dict_16_192_64_0p5_0p02_0031_0014.uasset" 6032
"../../../Engine/Content/EngineMaterials/Substrate/GLints/dict_16_192_64_0p5_0p02_0031_0013.uasset" 6033
"../../../Engine/Content/EngineMaterials/Substrate/GLints/dict_16_192_64_0p5_0p02_0031_0015.uasset" 6034
"/Engine/EngineMaterials/Substrate/GLints/dict_16_192_64_0p5_0p02_0031_0012" 6035
"../../../Engine/Content/EngineMaterials/Substrate/GLints/dict_16_192_64_0p5_0p02_0032_0001.uasset" 6036
"../../../Engine/Content/EngineMaterials/Substrate/GLints/dict_16_192_64_0p5_0p02_0032_0008.uasset" 6037
"../../../Engine/Content/EngineMaterials/Substrate/GLints/dict_16_192_64_0p5_0p02_0032_0006.uasset" 6038
"../../../Engine/Content/EngineMaterials/Substrate/GLints/dict_16_192_64_0p5_0p02_0032_0002.uasset" 6039
"../../../Engine/Content/EngineMaterials/Substrate/GLints/dict_16_192_64_0p5_0p02_0032_0000.uasset" 6040
"../../../Engine/Content/EngineMaterials/Substrate/GLints/dict_16_192_64_0p5_0p02_0032_0007.uasset" 6041
"../../../Engine/Content/EngineMaterials/Substrate/GLints/dict_16_192_64_0p5_0p02_0032_0004.uasset" 6042
"../../../Engine/Content/EngineMaterials/Substrate/GLints/dict_16_192_64_0p5_0p02_0032_0003.uasset" 6043
"../../../Engine/Content/EngineMaterials/Substrate/GLints/dict_16_192_64_0p5_0p02_0032_0013.uasset" 6044
"../../../Engine/Content/EngineMaterials/Substrate/GLints/dict_16_192_64_0p5_0p02_0032_0009.uasset" 6045
"../../../Engine/Content/EngineMaterials/Substrate/GLints/dict_16_192_64_0p5_0p02_0032_0012.uasset" 6046
"/Engine/EngineMaterials/Substrate/GLints/dict_16_192_64_0p5_0p02_0031_0011" 6047
"../../../Engine/Content/EngineMaterials/Substrate/GLints/dict_16_192_64_0p5_0p02_0032_0014.uasset" 6048
"../../../Engine/Content/EngineMaterials/Substrate/GLints/dict_16_192_64_0p5_0p02_0032_0010.uasset" 6049
"../../../Engine/Content/EngineMaterials/Substrate/GLints/dict_16_192_64_0p5_0p02_0032_0015.uasset" 6050
"../../../Engine/Content/EngineMaterials/Substrate/GLints/dict_16_192_64_0p5_0p02_0032_0011.uasset" 6051
"../../../Engine/Content/EngineMaterials/Substrate/GLints/dict_16_192_64_0p5_0p02_0032_0005.uasset" 6052
"/Engine/EngineMaterials/Substrate/GLints/dict_16_192_64_0p5_0p02_0031_0010" 6053
"/Engine/EngineMaterials/Substrate/GLints/dict_16_192_64_0p5_0p02_0031_0009" 6054
"/Engine/EngineMaterials/Substrate/GLints/dict_16_192_64_0p5_0p02_0031_0008" 6055
"/Engine/EngineMaterials/Substrate/GLints/dict_16_192_64_0p5_0p02_0031_0007" 6056
"/Engine/EngineMaterials/Substrate/GLints/dict_16_192_64_0p5_0p02_0031_0006" 6057
"/Engine/EngineMaterials/Substrate/GLints/dict_16_192_64_0p5_0p02_0031_0005" 6058
"/Engine/EngineMaterials/Substrate/GLints/dict_16_192_64_0p5_0p02_0031_0004" 6059
"/Engine/EngineMaterials/Substrate/GLints/dict_16_192_64_0p5_0p02_0031_0003" 6060
"/Engine/EngineMaterials/Substrate/GLints/dict_16_192_64_0p5_0p02_0031_0002" 6061
"/Engine/EngineMaterials/Substrate/GLints/dict_16_192_64_0p5_0p02_0031_0001" 6062
"/Engine/EngineMaterials/Substrate/GLints/dict_16_192_64_0p5_0p02_0031_0000" 6063
"/Engine/EngineMaterials/Substrate/GLints/dict_16_192_64_0p5_0p02_0032_0015" 6064
"../../../Engine/Content/EngineMaterials/Substrate/GLints/dict_16_192_64_0p5_0p02_0033_0007.uasset" 6065
"../../../Engine/Content/EngineMaterials/Substrate/GLints/dict_16_192_64_0p5_0p02_0033_0004.uasset" 6066
"../../../Engine/Content/EngineMaterials/Substrate/GLints/dict_16_192_64_0p5_0p02_0033_0000.uasset" 6067
"../../../Engine/Content/EngineMaterials/Substrate/GLints/dict_16_192_64_0p5_0p02_0033_0010.uasset" 6068
"../../../Engine/Content/EngineMaterials/Substrate/GLints/dict_16_192_64_0p5_0p02_0033_0006.uasset" 6069
"../../../Engine/Content/EngineMaterials/Substrate/GLints/dict_16_192_64_0p5_0p02_0033_0009.uasset" 6070
"../../../Engine/Content/EngineMaterials/Substrate/GLints/dict_16_192_64_0p5_0p02_0033_0008.uasset" 6071
"../../../Engine/Content/EngineMaterials/Substrate/GLints/dict_16_192_64_0p5_0p02_0033_0011.uasset" 6072
"../../../Engine/Content/EngineMaterials/Substrate/GLints/dict_16_192_64_0p5_0p02_0033_0002.uasset" 6073
"../../../Engine/Content/EngineMaterials/Substrate/GLints/dict_16_192_64_0p5_0p02_0033_0001.uasset" 6074
"../../../Engine/Content/EngineMaterials/Substrate/GLints/dict_16_192_64_0p5_0p02_0033_0005.uasset" 6075
"../../../Engine/Content/EngineMaterials/Substrate/GLints/dict_16_192_64_0p5_0p02_0033_0003.uasset" 6076
"/Engine/EngineMaterials/Substrate/GLints/dict_16_192_64_0p5_0p02_0032_0014" 6077
"../../../Engine/Content/EngineMaterials/Substrate/GLints/dict_16_192_64_0p5_0p02_0033_0012.uasset" 6078
"/Engine/EngineMaterials/Substrate/GLints/dict_16_192_64_0p5_0p02_0032_0013" 6079
"/Engine/EngineMaterials/Substrate/GLints/dict_16_192_64_0p5_0p02_0032_0012" 6080
"/Engine/EngineMaterials/Substrate/GLints/dict_16_192_64_0p5_0p02_0032_0011" 6081
"/Engine/EngineMaterials/Substrate/GLints/dict_16_192_64_0p5_0p02_0032_0010" 6082
"/Engine/EngineMaterials/Substrate/GLints/dict_16_192_64_0p5_0p02_0032_0009" 6083
"/Engine/EngineMaterials/Substrate/GLints/dict_16_192_64_0p5_0p02_0032_0008" 6084
"/Engine/EngineMaterials/Substrate/GLints/dict_16_192_64_0p5_0p02_0032_0007" 6085
"/Engine/EngineMaterials/Substrate/GLints/dict_16_192_64_0p5_0p02_0032_0006" 6086
"/Engine/EngineMaterials/Substrate/GLints/dict_16_192_64_0p5_0p02_0032_0005" 6087
"/Engine/EngineMaterials/Substrate/GLints/dict_16_192_64_0p5_0p02_0032_0004" 6088
"/Engine/EngineMaterials/Substrate/GLints/dict_16_192_64_0p5_0p02_0032_0003" 6089
"/Engine/EngineMaterials/Substrate/GLints/dict_16_192_64_0p5_0p02_0032_0002" 6090
"/Engine/EngineMaterials/Substrate/GLints/dict_16_192_64_0p5_0p02_0032_0001" 6091
"/Engine/EngineMaterials/Substrate/GLints/dict_16_192_64_0p5_0p02_0032_0000" 6092
"/Engine/EngineMaterials/Substrate/GLints/dict_16_192_64_0p5_0p02_0031_0015" 6093
"/Engine/EngineMaterials/Substrate/GLints/dict_16_192_64_0p5_0p02_0031_0014" 6094
"/Engine/EngineMaterials/Substrate/GLints/dict_16_192_64_0p5_0p02_0031_0013" 6095
"../../../Engine/Content/EngineMaterials/Substrate/GLints/dict_16_192_64_0p5_0p02_0033_0013.uasset" 6096
"../../../Engine/Content/EngineMaterials/Substrate/GLints/dict_16_192_64_0p5_0p02_0033_0014.uasset" 6097
"../../../Engine/Content/EngineMaterials/Substrate/GLints/dict_16_192_64_0p5_0p02_0034_0001.uasset" 6098
"/Engine/EngineMaterials/Substrate/GLints/dict_16_192_64_0p5_0p02_0033_0012" 6099
"../../../Engine/Content/EngineMaterials/Substrate/GLints/dict_16_192_64_0p5_0p02_0034_0006.uasset" 6100
"../../../Engine/Content/EngineMaterials/Substrate/GLints/dict_16_192_64_0p5_0p02_0034_0004.uasset" 6101
"../../../Engine/Content/EngineMaterials/Substrate/GLints/dict_16_192_64_0p5_0p02_0033_0015.uasset" 6102
"../../../Engine/Content/EngineMaterials/Substrate/GLints/dict_16_192_64_0p5_0p02_0034_0000.uasset" 6103
"../../../Engine/Content/EngineMaterials/Substrate/GLints/dict_16_192_64_0p5_0p02_0034_0008.uasset" 6104
"../../../Engine/Content/EngineMaterials/Substrate/GLints/dict_16_192_64_0p5_0p02_0034_0013.uasset" 6105
"../../../Engine/Content/EngineMaterials/Substrate/GLints/dict_16_192_64_0p5_0p02_0034_0003.uasset" 6106
"../../../Engine/Content/EngineMaterials/Substrate/GLints/dict_16_192_64_0p5_0p02_0034_0014.uasset" 6107
"../../../Engine/Content/EngineMaterials/Substrate/GLints/dict_16_192_64_0p5_0p02_0034_0010.uasset" 6108
"../../../Engine/Content/EngineMaterials/Substrate/GLints/dict_16_192_64_0p5_0p02_0034_0009.uasset" 6109
"../../../Engine/Content/EngineMaterials/Substrate/GLints/dict_16_192_64_0p5_0p02_0034_0011.uasset" 6110
"../../../Engine/Content/EngineMaterials/Substrate/GLints/dict_16_192_64_0p5_0p02_0034_0005.uasset" 6111
"../../../Engine/Content/EngineMaterials/Substrate/GLints/dict_16_192_64_0p5_0p02_0034_0012.uasset" 6112
"../../../Engine/Content/EngineMaterials/Substrate/GLints/dict_16_192_64_0p5_0p02_0034_0015.uasset" 6113
"../../../Engine/Content/EngineMaterials/Substrate/GLints/dict_16_192_64_0p5_0p02_0034_0002.uasset" 6114
"../../../Engine/Content/EngineMaterials/Substrate/GLints/dict_16_192_64_0p5_0p02_0034_0007.uasset" 6115
"/Engine/EngineMaterials/Substrate/GLints/dict_16_192_64_0p5_0p02_0033_0011" 6116
"/Engine/EngineMaterials/Substrate/GLints/dict_16_192_64_0p5_0p02_0033_0010" 6117
"/Engine/EngineMaterials/Substrate/GLints/dict_16_192_64_0p5_0p02_0033_0009" 6118
"/Engine/EngineMaterials/Substrate/GLints/dict_16_192_64_0p5_0p02_0033_0008" 6119
"/Engine/EngineMaterials/Substrate/GLints/dict_16_192_64_0p5_0p02_0033_0007" 6120
"/Engine/EngineMaterials/Substrate/GLints/dict_16_192_64_0p5_0p02_0033_0006" 6121
"/Engine/EngineMaterials/Substrate/GLints/dict_16_192_64_0p5_0p02_0033_0005" 6122
"/Engine/EngineMaterials/Substrate/GLints/dict_16_192_64_0p5_0p02_0033_0004" 6123
"/Engine/EngineMaterials/Substrate/GLints/dict_16_192_64_0p5_0p02_0033_0003" 6124
"/Engine/EngineMaterials/Substrate/GLints/dict_16_192_64_0p5_0p02_0033_0002" 6125
"/Engine/EngineMaterials/Substrate/GLints/dict_16_192_64_0p5_0p02_0033_0001" 6126
"/Engine/EngineMaterials/Substrate/GLints/dict_16_192_64_0p5_0p02_0033_0000" 6127
"../../../Engine/Content/EngineMaterials/Substrate/GLints/dict_16_192_64_0p5_0p02_0035_0004.uasset" 6128
"../../../Engine/Content/EngineMaterials/Substrate/GLints/dict_16_192_64_0p5_0p02_0035_0005.uasset" 6129
"../../../Engine/Content/EngineMaterials/Substrate/GLints/dict_16_192_64_0p5_0p02_0035_0001.uasset" 6130
"../../../Engine/Content/EngineMaterials/Substrate/GLints/dict_16_192_64_0p5_0p02_0035_0003.uasset" 6131
"../../../Engine/Content/EngineMaterials/Substrate/GLints/dict_16_192_64_0p5_0p02_0035_0009.uasset" 6132
"../../../Engine/Content/EngineMaterials/Substrate/GLints/dict_16_192_64_0p5_0p02_0035_0000.uasset" 6133
"../../../Engine/Content/EngineMaterials/Substrate/GLints/dict_16_192_64_0p5_0p02_0035_0008.uasset" 6134
"../../../Engine/Content/EngineMaterials/Substrate/GLints/dict_16_192_64_0p5_0p02_0035_0010.uasset" 6135
"/Engine/EngineMaterials/Substrate/GLints/dict_16_192_64_0p5_0p02_0034_0015" 6136
"../../../Engine/Content/EngineMaterials/Substrate/GLints/dict_16_192_64_0p5_0p02_0035_0011.uasset" 6137
"../../../Engine/Content/EngineMaterials/Substrate/GLints/dict_16_192_64_0p5_0p02_0035_0006.uasset" 6138
"../../../Engine/Content/EngineMaterials/Substrate/GLints/dict_16_192_64_0p5_0p02_0035_0012.uasset" 6139
"../../../Engine/Content/EngineMaterials/Substrate/GLints/dict_16_192_64_0p5_0p02_0035_0007.uasset" 6140
"../../../Engine/Content/EngineMaterials/Substrate/GLints/dict_16_192_64_0p5_0p02_0035_0002.uasset" 6141
"/Engine/EngineMaterials/Substrate/GLints/dict_16_192_64_0p5_0p02_0034_0014" 6142
"/Engine/EngineMaterials/Substrate/GLints/dict_16_192_64_0p5_0p02_0034_0013" 6143
"/Engine/EngineMaterials/Substrate/GLints/dict_16_192_64_0p5_0p02_0034_0012" 6144
"/Engine/EngineMaterials/Substrate/GLints/dict_16_192_64_0p5_0p02_0034_0011" 6145
"/Engine/EngineMaterials/Substrate/GLints/dict_16_192_64_0p5_0p02_0034_0010" 6146
"/Engine/EngineMaterials/Substrate/GLints/dict_16_192_64_0p5_0p02_0034_0009" 6147
"/Engine/EngineMaterials/Substrate/GLints/dict_16_192_64_0p5_0p02_0034_0008" 6148
"/Engine/EngineMaterials/Substrate/GLints/dict_16_192_64_0p5_0p02_0034_0007" 6149
"/Engine/EngineMaterials/Substrate/GLints/dict_16_192_64_0p5_0p02_0034_0006" 6150
"/Engine/EngineMaterials/Substrate/GLints/dict_16_192_64_0p5_0p02_0034_0005" 6151
"/Engine/EngineMaterials/Substrate/GLints/dict_16_192_64_0p5_0p02_0034_0004" 6152
"/Engine/EngineMaterials/Substrate/GLints/dict_16_192_64_0p5_0p02_0034_0003" 6153
"/Engine/EngineMaterials/Substrate/GLints/dict_16_192_64_0p5_0p02_0034_0002" 6154
"/Engine/EngineMaterials/Substrate/GLints/dict_16_192_64_0p5_0p02_0034_0001" 6155
"/Engine/EngineMaterials/Substrate/GLints/dict_16_192_64_0p5_0p02_0034_0000" 6156
"/Engine/EngineMaterials/Substrate/GLints/dict_16_192_64_0p5_0p02_0033_0015" 6157
"/Engine/EngineMaterials/Substrate/GLints/dict_16_192_64_0p5_0p02_0033_0014" 6158
"/Engine/EngineMaterials/Substrate/GLints/dict_16_192_64_0p5_0p02_0033_0013" 6159
"../../../Engine/Content/EngineMaterials/Substrate/GLints/dict_16_192_64_0p5_0p02_0035_0013.uasset" 6160
"../../../Engine/Content/EngineMaterials/Substrate/GLints/dict_16_192_64_0p5_0p02_0036_0000.uasset" 6161
"../../../Engine/Content/EngineMaterials/Substrate/GLints/dict_16_192_64_0p5_0p02_0035_0015.uasset" 6162
"../../../Engine/Content/EngineMaterials/Substrate/GLints/dict_16_192_64_0p5_0p02_0036_0002.uasset" 6163
"../../../Engine/Content/EngineMaterials/Substrate/GLints/dict_16_192_64_0p5_0p02_0036_0006.uasset" 6164
"../../../Engine/Content/EngineMaterials/Substrate/GLints/dict_16_192_64_0p5_0p02_0036_0004.uasset" 6165
"../../../Engine/Content/EngineMaterials/Substrate/GLints/dict_16_192_64_0p5_0p02_0036_0005.uasset" 6166
"../../../Engine/Content/EngineMaterials/Substrate/GLints/dict_16_192_64_0p5_0p02_0036_0008.uasset" 6167
"../../../Engine/Content/EngineMaterials/Substrate/GLints/dict_16_192_64_0p5_0p02_0036_0012.uasset" 6168
"/Engine/EngineMaterials/Substrate/GLints/dict_16_192_64_0p5_0p02_0035_0012" 6169
"../../../Engine/Content/EngineMaterials/Substrate/GLints/dict_16_192_64_0p5_0p02_0035_0014.uasset" 6170
"../../../Engine/Content/EngineMaterials/Substrate/GLints/dict_16_192_64_0p5_0p02_0036_0007.uasset" 6171
"../../../Engine/Content/EngineMaterials/Substrate/GLints/dict_16_192_64_0p5_0p02_0036_0014.uasset" 6172
"../../../Engine/Content/EngineMaterials/Substrate/GLints/dict_16_192_64_0p5_0p02_0036_0015.uasset" 6173
"../../../Engine/Content/EngineMaterials/Substrate/GLints/dict_16_192_64_0p5_0p02_0036_0010.uasset" 6174
"../../../Engine/Content/EngineMaterials/Substrate/GLints/dict_16_192_64_0p5_0p02_0036_0001.uasset" 6175
"../../../Engine/Content/EngineMaterials/Substrate/GLints/dict_16_192_64_0p5_0p02_0036_0011.uasset" 6176
"../../../Engine/Content/EngineMaterials/Substrate/GLints/dict_16_192_64_0p5_0p02_0036_0003.uasset" 6177
"../../../Engine/Content/EngineMaterials/Substrate/GLints/dict_16_192_64_0p5_0p02_0036_0009.uasset" 6178
"../../../Engine/Content/EngineMaterials/Substrate/GLints/dict_16_192_64_0p5_0p02_0036_0013.uasset" 6179
"/Engine/EngineMaterials/Substrate/GLints/dict_16_192_64_0p5_0p02_0035_0011" 6180
"/Engine/EngineMaterials/Substrate/GLints/dict_16_192_64_0p5_0p02_0035_0010" 6181
"/Engine/EngineMaterials/Substrate/GLints/dict_16_192_64_0p5_0p02_0035_0009" 6182
"/Engine/EngineMaterials/Substrate/GLints/dict_16_192_64_0p5_0p02_0035_0008" 6183
"/Engine/EngineMaterials/Substrate/GLints/dict_16_192_64_0p5_0p02_0035_0007" 6184
"/Engine/EngineMaterials/Substrate/GLints/dict_16_192_64_0p5_0p02_0035_0006" 6185
"/Engine/EngineMaterials/Substrate/GLints/dict_16_192_64_0p5_0p02_0035_0005" 6186
"/Engine/EngineMaterials/Substrate/GLints/dict_16_192_64_0p5_0p02_0035_0004" 6187
"/Engine/EngineMaterials/Substrate/GLints/dict_16_192_64_0p5_0p02_0035_0003" 6188
"/Engine/EngineMaterials/Substrate/GLints/dict_16_192_64_0p5_0p02_0035_0002" 6189
"/Engine/EngineMaterials/Substrate/GLints/dict_16_192_64_0p5_0p02_0035_0001" 6190
"/Engine/EngineMaterials/Substrate/GLints/dict_16_192_64_0p5_0p02_0035_0000" 6191
"../../../Engine/Content/EngineMaterials/Substrate/GLints/dict_16_192_64_0p5_0p02_0037_0003.uasset" 6192
"../../../Engine/Content/EngineMaterials/Substrate/GLints/dict_16_192_64_0p5_0p02_0037_0005.uasset" 6193
"../../../Engine/Content/EngineMaterials/Substrate/GLints/dict_16_192_64_0p5_0p02_0037_0004.uasset" 6194
"../../../Engine/Content/EngineMaterials/Substrate/GLints/dict_16_192_64_0p5_0p02_0037_0006.uasset" 6195
"../../../Engine/Content/EngineMaterials/Substrate/GLints/dict_16_192_64_0p5_0p02_0037_0007.uasset" 6196
"../../../Engine/Content/EngineMaterials/Substrate/GLints/dict_16_192_64_0p5_0p02_0037_0002.uasset" 6197
"../../../Engine/Content/EngineMaterials/Substrate/GLints/dict_16_192_64_0p5_0p02_0037_0001.uasset" 6198
"../../../Engine/Content/EngineMaterials/Substrate/GLints/dict_16_192_64_0p5_0p02_0037_0000.uasset" 6199
"../../../Engine/Content/EngineMaterials/Substrate/GLints/dict_16_192_64_0p5_0p02_0037_0011.uasset" 6200
"../../../Engine/Content/EngineMaterials/Substrate/GLints/dict_16_192_64_0p5_0p02_0037_0008.uasset" 6201
"../../../Engine/Content/EngineMaterials/Substrate/GLints/dict_16_192_64_0p5_0p02_0037_0012.uasset" 6202
"../../../Engine/Content/EngineMaterials/Substrate/GLints/dict_16_192_64_0p5_0p02_0037_0009.uasset" 6203
"../../../Engine/Content/EngineMaterials/Substrate/GLints/dict_16_192_64_0p5_0p02_0037_0010.uasset" 6204
"/Engine/EngineMaterials/Substrate/GLints/dict_16_192_64_0p5_0p02_0036_0015" 6205
"/Engine/EngineMaterials/Substrate/GLints/dict_16_192_64_0p5_0p02_0036_0014" 6206
"/Engine/EngineMaterials/Substrate/GLints/dict_16_192_64_0p5_0p02_0036_0013" 6207
"/Engine/EngineMaterials/Substrate/GLints/dict_16_192_64_0p5_0p02_0036_0012" 6208
"/Engine/EngineMaterials/Substrate/GLints/dict_16_192_64_0p5_0p02_0036_0011" 6209
"/Engine/EngineMaterials/Substrate/GLints/dict_16_192_64_0p5_0p02_0036_0010" 6210
"/Engine/EngineMaterials/Substrate/GLints/dict_16_192_64_0p5_0p02_0036_0009" 6211
"/Engine/EngineMaterials/Substrate/GLints/dict_16_192_64_0p5_0p02_0036_0008" 6212
"/Engine/EngineMaterials/Substrate/GLints/dict_16_192_64_0p5_0p02_0036_0007" 6213
"/Engine/EngineMaterials/Substrate/GLints/dict_16_192_64_0p5_0p02_0036_0006" 6214
"/Engine/EngineMaterials/Substrate/GLints/dict_16_192_64_0p5_0p02_0036_0005" 6215
"/Engine/EngineMaterials/Substrate/GLints/dict_16_192_64_0p5_0p02_0036_0004" 6216
"/Engine/EngineMaterials/Substrate/GLints/dict_16_192_64_0p5_0p02_0036_0003" 6217
"/Engine/EngineMaterials/Substrate/GLints/dict_16_192_64_0p5_0p02_0036_0002" 6218
"/Engine/EngineMaterials/Substrate/GLints/dict_16_192_64_0p5_0p02_0036_0001" 6219
"/Engine/EngineMaterials/Substrate/GLints/dict_16_192_64_0p5_0p02_0036_0000" 6220
"/Engine/EngineMaterials/Substrate/GLints/dict_16_192_64_0p5_0p02_0035_0015" 6221
"/Engine/EngineMaterials/Substrate/GLints/dict_16_192_64_0p5_0p02_0035_0014" 6222
"/Engine/EngineMaterials/Substrate/GLints/dict_16_192_64_0p5_0p02_0035_0013" 6223
"../../../Engine/Content/EngineMaterials/Substrate/GLints/dict_16_192_64_0p5_0p02_0038_0000.uasset" 6224
"../../../Engine/Content/EngineMaterials/Substrate/GLints/dict_16_192_64_0p5_0p02_0037_0014.uasset" 6225
"../../../Engine/Content/EngineMaterials/Substrate/GLints/dict_16_192_64_0p5_0p02_0038_0001.uasset" 6226
"../../../Engine/Content/EngineMaterials/Substrate/GLints/dict_16_192_64_0p5_0p02_0038_0003.uasset" 6227
"../../../Engine/Content/EngineMaterials/Substrate/GLints/dict_16_192_64_0p5_0p02_0038_0002.uasset" 6228
"../../../Engine/Content/EngineMaterials/Substrate/GLints/dict_16_192_64_0p5_0p02_0038_0004.uasset" 6229
"../../../Engine/Content/EngineMaterials/Substrate/GLints/dict_16_192_64_0p5_0p02_0038_0006.uasset" 6230
"../../../Engine/Content/EngineMaterials/Substrate/GLints/dict_16_192_64_0p5_0p02_0037_0015.uasset" 6231
"../../../Engine/Content/EngineMaterials/Substrate/GLints/dict_16_192_64_0p5_0p02_0038_0005.uasset" 6232
"../../../Engine/Content/EngineMaterials/Substrate/GLints/dict_16_192_64_0p5_0p02_0037_0013.uasset" 6233
"../../../Engine/Content/EngineMaterials/Substrate/GLints/dict_16_192_64_0p5_0p02_0038_0010.uasset" 6234
"../../../Engine/Content/EngineMaterials/Substrate/GLints/dict_16_192_64_0p5_0p02_0038_0007.uasset" 6235
"../../../Engine/Content/EngineMaterials/Substrate/GLints/dict_16_192_64_0p5_0p02_0038_0008.uasset" 6236
"/Engine/EngineMaterials/Substrate/GLints/dict_16_192_64_0p5_0p02_0037_0012" 6237
"../../../Engine/Content/EngineMaterials/Substrate/GLints/dict_16_192_64_0p5_0p02_0038_0011.uasset" 6238
"../../../Engine/Content/EngineMaterials/Substrate/GLints/dict_16_192_64_0p5_0p02_0038_0014.uasset" 6239
"../../../Engine/Content/EngineMaterials/Substrate/GLints/dict_16_192_64_0p5_0p02_0038_0009.uasset" 6240
"../../../Engine/Content/EngineMaterials/Substrate/GLints/dict_16_192_64_0p5_0p02_0038_0012.uasset" 6241
"../../../Engine/Content/EngineMaterials/Substrate/GLints/dict_16_192_64_0p5_0p02_0038_0013.uasset" 6242
"../../../Engine/Content/EngineMaterials/Substrate/GLints/dict_16_192_64_0p5_0p02_0038_0015.uasset" 6243
"/Engine/EngineMaterials/Substrate/GLints/dict_16_192_64_0p5_0p02_0037_0011" 6244
"/Engine/EngineMaterials/Substrate/GLints/dict_16_192_64_0p5_0p02_0037_0010" 6245
"/Engine/EngineMaterials/Substrate/GLints/dict_16_192_64_0p5_0p02_0037_0009" 6246
"/Engine/EngineMaterials/Substrate/GLints/dict_16_192_64_0p5_0p02_0037_0008" 6247
"/Engine/EngineMaterials/Substrate/GLints/dict_16_192_64_0p5_0p02_0037_0007" 6248
"/Engine/EngineMaterials/Substrate/GLints/dict_16_192_64_0p5_0p02_0037_0006" 6249
"/Engine/EngineMaterials/Substrate/GLints/dict_16_192_64_0p5_0p02_0037_0005" 6250
"/Engine/EngineMaterials/Substrate/GLints/dict_16_192_64_0p5_0p02_0037_0004" 6251
"/Engine/EngineMaterials/Substrate/GLints/dict_16_192_64_0p5_0p02_0037_0003" 6252
"/Engine/EngineMaterials/Substrate/GLints/dict_16_192_64_0p5_0p02_0037_0002" 6253
"/Engine/EngineMaterials/Substrate/GLints/dict_16_192_64_0p5_0p02_0037_0001" 6254
"/Engine/EngineMaterials/Substrate/GLints/dict_16_192_64_0p5_0p02_0037_0000" 6255
"../../../Engine/Content/EngineMaterials/Substrate/GLints/dict_16_192_64_0p5_0p02_0039_0000.uasset" 6256
"../../../Engine/Content/EngineMaterials/Substrate/GLints/dict_16_192_64_0p5_0p02_0039_0001.uasset" 6257
"../../../Engine/Content/EngineMaterials/Substrate/GLints/dict_16_192_64_0p5_0p02_0039_0005.uasset" 6258
"../../../Engine/Content/EngineMaterials/Substrate/GLints/dict_16_192_64_0p5_0p02_0039_0002.uasset" 6259
"../../../Engine/Content/EngineMaterials/Substrate/GLints/dict_16_192_64_0p5_0p02_0039_0006.uasset" 6260
"../../../Engine/Content/EngineMaterials/Substrate/GLints/dict_16_192_64_0p5_0p02_0039_0003.uasset" 6261
"/Engine/EngineMaterials/Substrate/GLints/dict_16_192_64_0p5_0p02_0038_0015" 6262
"../../../Engine/Content/EngineMaterials/Substrate/GLints/dict_16_192_64_0p5_0p02_0039_0009.uasset" 6263
"../../../Engine/Content/EngineMaterials/Substrate/GLints/dict_16_192_64_0p5_0p02_0039_0004.uasset" 6264
"../../../Engine/Content/EngineMaterials/Substrate/GLints/dict_16_192_64_0p5_0p02_0039_0007.uasset" 6265
"../../../Engine/Content/EngineMaterials/Substrate/GLints/dict_16_192_64_0p5_0p02_0039_0011.uasset" 6266
"../../../Engine/Content/EngineMaterials/Substrate/GLints/dict_16_192_64_0p5_0p02_0039_0008.uasset" 6267
"../../../Engine/Content/EngineMaterials/Substrate/GLints/dict_16_192_64_0p5_0p02_0039_0012.uasset" 6268
"../../../Engine/Content/EngineMaterials/Substrate/GLints/dict_16_192_64_0p5_0p02_0039_0010.uasset" 6269
"/Engine/EngineMaterials/Substrate/GLints/dict_16_192_64_0p5_0p02_0038_0014" 6270
"/Engine/EngineMaterials/Substrate/GLints/dict_16_192_64_0p5_0p02_0038_0013" 6271
"/Engine/EngineMaterials/Substrate/GLints/dict_16_192_64_0p5_0p02_0038_0012" 6272
"/Engine/EngineMaterials/Substrate/GLints/dict_16_192_64_0p5_0p02_0038_0011" 6273
"/Engine/EngineMaterials/Substrate/GLints/dict_16_192_64_0p5_0p02_0038_0010" 6274
"/Engine/EngineMaterials/Substrate/GLints/dict_16_192_64_0p5_0p02_0038_0009" 6275
"/Engine/EngineMaterials/Substrate/GLints/dict_16_192_64_0p5_0p02_0038_0008" 6276
"/Engine/EngineMaterials/Substrate/GLints/dict_16_192_64_0p5_0p02_0038_0007" 6277
"/Engine/EngineMaterials/Substrate/GLints/dict_16_192_64_0p5_0p02_0038_0006" 6278
"/Engine/EngineMaterials/Substrate/GLints/dict_16_192_64_0p5_0p02_0038_0005" 6279
"/Engine/EngineMaterials/Substrate/GLints/dict_16_192_64_0p5_0p02_0038_0004" 6280
"/Engine/EngineMaterials/Substrate/GLints/dict_16_192_64_0p5_0p02_0038_0003" 6281
"/Engine/EngineMaterials/Substrate/GLints/dict_16_192_64_0p5_0p02_0038_0002" 6282
"/Engine/EngineMaterials/Substrate/GLints/dict_16_192_64_0p5_0p02_0038_0001" 6283
"/Engine/EngineMaterials/Substrate/GLints/dict_16_192_64_0p5_0p02_0038_0000" 6284
"/Engine/EngineMaterials/Substrate/GLints/dict_16_192_64_0p5_0p02_0037_0015" 6285
"/Engine/EngineMaterials/Substrate/GLints/dict_16_192_64_0p5_0p02_0037_0014" 6286
"/Engine/EngineMaterials/Substrate/GLints/dict_16_192_64_0p5_0p02_0037_0013" 6287
"../../../Engine/Content/EngineMaterials/Substrate/GLints/dict_16_192_64_0p5_0p02_0039_0015.uasset" 6288
"../../../Engine/Content/EngineMaterials/Substrate/GLints/dict_16_192_64_0p5_0p02_0040_0004.uasset" 6289
"../../../Engine/Content/EngineMaterials/Substrate/GLints/dict_16_192_64_0p5_0p02_0039_0014.uasset" 6290
"../../../Engine/Content/EngineMaterials/Substrate/GLints/dict_16_192_64_0p5_0p02_0040_0003.uasset" 6291
"../../../Engine/Content/EngineMaterials/Substrate/GLints/dict_16_192_64_0p5_0p02_0040_0007.uasset" 6292
"/Engine/EngineMaterials/Substrate/GLints/dict_16_192_64_0p5_0p02_0039_0012" 6293
"../../../Engine/Content/EngineMaterials/Substrate/GLints/dict_16_192_64_0p5_0p02_0040_0005.uasset" 6294
"../../../Engine/Content/EngineMaterials/Substrate/GLints/dict_16_192_64_0p5_0p02_0040_0006.uasset" 6295
"../../../Engine/Content/EngineMaterials/Substrate/GLints/dict_16_192_64_0p5_0p02_0040_0008.uasset" 6296
"../../../Engine/Content/EngineMaterials/Substrate/GLints/dict_16_192_64_0p5_0p02_0040_0009.uasset" 6297
"../../../Engine/Content/EngineMaterials/Substrate/GLints/dict_16_192_64_0p5_0p02_0040_0000.uasset" 6298
"../../../Engine/Content/EngineMaterials/Substrate/GLints/dict_16_192_64_0p5_0p02_0040_0014.uasset" 6299
"../../../Engine/Content/EngineMaterials/Substrate/GLints/dict_16_192_64_0p5_0p02_0040_0001.uasset" 6300
"../../../Engine/Content/EngineMaterials/Substrate/GLints/dict_16_192_64_0p5_0p02_0040_0013.uasset" 6301
"../../../Engine/Content/EngineMaterials/Substrate/GLints/dict_16_192_64_0p5_0p02_0040_0010.uasset" 6302
"../../../Engine/Content/EngineMaterials/Substrate/GLints/dict_16_192_64_0p5_0p02_0040_0012.uasset" 6303
"../../../Engine/Content/EngineMaterials/Substrate/GLints/dict_16_192_64_0p5_0p02_0039_0013.uasset" 6304
"../../../Engine/Content/EngineMaterials/Substrate/GLints/dict_16_192_64_0p5_0p02_0040_0002.uasset" 6305
"../../../Engine/Content/EngineMaterials/Substrate/GLints/dict_16_192_64_0p5_0p02_0040_0011.uasset" 6306
"../../../Engine/Content/EngineMaterials/Substrate/GLints/dict_16_192_64_0p5_0p02_0040_0015.uasset" 6307
"/Engine/EngineMaterials/Substrate/GLints/dict_16_192_64_0p5_0p02_0039_0011" 6308
"/Engine/EngineMaterials/Substrate/GLints/dict_16_192_64_0p5_0p02_0039_0010" 6309
"/Engine/EngineMaterials/Substrate/GLints/dict_16_192_64_0p5_0p02_0039_0009" 6310
"/Engine/EngineMaterials/Substrate/GLints/dict_16_192_64_0p5_0p02_0039_0008" 6311
"/Engine/EngineMaterials/Substrate/GLints/dict_16_192_64_0p5_0p02_0039_0007" 6312
"/Engine/EngineMaterials/Substrate/GLints/dict_16_192_64_0p5_0p02_0039_0006" 6313
"/Engine/EngineMaterials/Substrate/GLints/dict_16_192_64_0p5_0p02_0039_0005" 6314
"/Engine/EngineMaterials/Substrate/GLints/dict_16_192_64_0p5_0p02_0039_0004" 6315
"/Engine/EngineMaterials/Substrate/GLints/dict_16_192_64_0p5_0p02_0039_0003" 6316
"/Engine/EngineMaterials/Substrate/GLints/dict_16_192_64_0p5_0p02_0039_0002" 6317
"/Engine/EngineMaterials/Substrate/GLints/dict_16_192_64_0p5_0p02_0039_0001" 6318
"/Engine/EngineMaterials/Substrate/GLints/dict_16_192_64_0p5_0p02_0039_0000" 6319
"../../../Engine/Content/EngineMaterials/Substrate/GLints/dict_16_192_64_0p5_0p02_0041_0001.uasset" 6320
"../../../Engine/Content/EngineMaterials/Substrate/GLints/dict_16_192_64_0p5_0p02_0041_0000.uasset" 6321
"../../../Engine/Content/EngineMaterials/Substrate/GLints/dict_16_192_64_0p5_0p02_0041_0002.uasset" 6322
"../../../Engine/Content/EngineMaterials/Substrate/GLints/dict_16_192_64_0p5_0p02_0041_0004.uasset" 6323
"../../../Engine/Content/EngineMaterials/Substrate/GLints/dict_16_192_64_0p5_0p02_0041_0005.uasset" 6324
"../../../Engine/Content/EngineMaterials/Substrate/GLints/dict_16_192_64_0p5_0p02_0041_0003.uasset" 6325
"/Engine/EngineMaterials/Substrate/GLints/dict_16_192_64_0p5_0p02_0040_0015" 6326
"../../../Engine/Content/EngineMaterials/Substrate/GLints/dict_16_192_64_0p5_0p02_0041_0010.uasset" 6327
"../../../Engine/Content/EngineMaterials/Substrate/GLints/dict_16_192_64_0p5_0p02_0041_0011.uasset" 6328
"../../../Engine/Content/EngineMaterials/Substrate/GLints/dict_16_192_64_0p5_0p02_0041_0007.uasset" 6329
"../../../Engine/Content/EngineMaterials/Substrate/GLints/dict_16_192_64_0p5_0p02_0041_0008.uasset" 6330
"../../../Engine/Content/EngineMaterials/Substrate/GLints/dict_16_192_64_0p5_0p02_0041_0009.uasset" 6331
"../../../Engine/Content/EngineMaterials/Substrate/GLints/dict_16_192_64_0p5_0p02_0041_0012.uasset" 6332
"../../../Engine/Content/EngineMaterials/Substrate/GLints/dict_16_192_64_0p5_0p02_0041_0006.uasset" 6333
"/Engine/EngineMaterials/Substrate/GLints/dict_16_192_64_0p5_0p02_0040_0014" 6334
"/Engine/EngineMaterials/Substrate/GLints/dict_16_192_64_0p5_0p02_0040_0013" 6335
"/Engine/EngineMaterials/Substrate/GLints/dict_16_192_64_0p5_0p02_0040_0012" 6336
"/Engine/EngineMaterials/Substrate/GLints/dict_16_192_64_0p5_0p02_0040_0011" 6337
"/Engine/EngineMaterials/Substrate/GLints/dict_16_192_64_0p5_0p02_0040_0010" 6338
"/Engine/EngineMaterials/Substrate/GLints/dict_16_192_64_0p5_0p02_0040_0009" 6339
"/Engine/EngineMaterials/Substrate/GLints/dict_16_192_64_0p5_0p02_0040_0008" 6340
"/Engine/EngineMaterials/Substrate/GLints/dict_16_192_64_0p5_0p02_0040_0007" 6341
"/Engine/EngineMaterials/Substrate/GLints/dict_16_192_64_0p5_0p02_0040_0006" 6342
"/Engine/EngineMaterials/Substrate/GLints/dict_16_192_64_0p5_0p02_0040_0005" 6343
"/Engine/EngineMaterials/Substrate/GLints/dict_16_192_64_0p5_0p02_0040_0004" 6344
"/Engine/EngineMaterials/Substrate/GLints/dict_16_192_64_0p5_0p02_0040_0003" 6345
"/Engine/EngineMaterials/Substrate/GLints/dict_16_192_64_0p5_0p02_0040_0002" 6346
"/Engine/EngineMaterials/Substrate/GLints/dict_16_192_64_0p5_0p02_0040_0001" 6347
"/Engine/EngineMaterials/Substrate/GLints/dict_16_192_64_0p5_0p02_0040_0000" 6348
"/Engine/EngineMaterials/Substrate/GLints/dict_16_192_64_0p5_0p02_0039_0015" 6349
"/Engine/EngineMaterials/Substrate/GLints/dict_16_192_64_0p5_0p02_0039_0014" 6350
"/Engine/EngineMaterials/Substrate/GLints/dict_16_192_64_0p5_0p02_0039_0013" 6351
"../../../Engine/Content/EngineMaterials/Substrate/GLints/dict_16_192_64_0p5_0p02_0042_0002.uasset" 6352
"../../../Engine/Content/EngineMaterials/Substrate/GLints/dict_16_192_64_0p5_0p02_0042_0001.uasset" 6353
"../../../Engine/Content/EngineMaterials/Substrate/GLints/dict_16_192_64_0p5_0p02_0042_0005.uasset" 6354
"../../../Engine/Content/EngineMaterials/Substrate/GLints/dict_16_192_64_0p5_0p02_0041_0013.uasset" 6355
"../../../Engine/Content/EngineMaterials/Substrate/GLints/dict_16_192_64_0p5_0p02_0041_0015.uasset" 6356
"../../../Engine/Content/EngineMaterials/Substrate/GLints/dict_16_192_64_0p5_0p02_0042_0003.uasset" 6357
"../../../Engine/Content/EngineMaterials/Substrate/GLints/dict_16_192_64_0p5_0p02_0042_0000.uasset" 6358
"../../../Engine/Content/EngineMaterials/Substrate/GLints/dict_16_192_64_0p5_0p02_0041_0014.uasset" 6359
"../../../Engine/Content/EngineMaterials/Substrate/GLints/dict_16_192_64_0p5_0p02_0042_0004.uasset" 6360
"/Engine/EngineMaterials/Substrate/GLints/dict_16_192_64_0p5_0p02_0041_0012" 6361
"../../../Engine/Content/EngineMaterials/Substrate/GLints/dict_16_192_64_0p5_0p02_0042_0012.uasset" 6362
"../../../Engine/Content/EngineMaterials/Substrate/GLints/dict_16_192_64_0p5_0p02_0042_0006.uasset" 6363
"../../../Engine/Content/EngineMaterials/Substrate/GLints/dict_16_192_64_0p5_0p02_0042_0013.uasset" 6364
"../../../Engine/Content/EngineMaterials/Substrate/GLints/dict_16_192_64_0p5_0p02_0042_0008.uasset" 6365
"../../../Engine/Content/EngineMaterials/Substrate/GLints/dict_16_192_64_0p5_0p02_0042_0010.uasset" 6366
"../../../Engine/Content/EngineMaterials/Substrate/GLints/dict_16_192_64_0p5_0p02_0042_0011.uasset" 6367
"../../../Engine/Content/EngineMaterials/Substrate/GLints/dict_16_192_64_0p5_0p02_0042_0007.uasset" 6368
"../../../Engine/Content/EngineMaterials/Substrate/GLints/dict_16_192_64_0p5_0p02_0042_0009.uasset" 6369
"../../../Engine/Content/EngineMaterials/Substrate/GLints/dict_16_192_64_0p5_0p02_0042_0015.uasset" 6370
"../../../Engine/Content/EngineMaterials/Substrate/GLints/dict_16_192_64_0p5_0p02_0042_0014.uasset" 6371
"/Engine/EngineMaterials/Substrate/GLints/dict_16_192_64_0p5_0p02_0041_0011" 6372
"/Engine/EngineMaterials/Substrate/GLints/dict_16_192_64_0p5_0p02_0041_0010" 6373
"/Engine/EngineMaterials/Substrate/GLints/dict_16_192_64_0p5_0p02_0041_0009" 6374
"/Engine/EngineMaterials/Substrate/GLints/dict_16_192_64_0p5_0p02_0041_0008" 6375
"/Engine/EngineMaterials/Substrate/GLints/dict_16_192_64_0p5_0p02_0041_0007" 6376
"/Engine/EngineMaterials/Substrate/GLints/dict_16_192_64_0p5_0p02_0041_0006" 6377
"/Engine/EngineMaterials/Substrate/GLints/dict_16_192_64_0p5_0p02_0041_0005" 6378
"/Engine/EngineMaterials/Substrate/GLints/dict_16_192_64_0p5_0p02_0041_0004" 6379
"/Engine/EngineMaterials/Substrate/GLints/dict_16_192_64_0p5_0p02_0041_0003" 6380
"/Engine/EngineMaterials/Substrate/GLints/dict_16_192_64_0p5_0p02_0041_0002" 6381
"/Engine/EngineMaterials/Substrate/GLints/dict_16_192_64_0p5_0p02_0041_0001" 6382
"/Engine/EngineMaterials/Substrate/GLints/dict_16_192_64_0p5_0p02_0041_0000" 6383
"../../../Engine/Content/EngineMaterials/Substrate/GLints/dict_16_192_64_0p5_0p02_0043_0000.uasset" 6384
"../../../Engine/Content/EngineMaterials/Substrate/GLints/dict_16_192_64_0p5_0p02_0043_0001.uasset" 6385
"../../../Engine/Content/EngineMaterials/Substrate/GLints/dict_16_192_64_0p5_0p02_0043_0002.uasset" 6386
"../../../Engine/Content/EngineMaterials/Substrate/GLints/dict_16_192_64_0p5_0p02_0043_0007.uasset" 6387
"../../../Engine/Content/EngineMaterials/Substrate/GLints/dict_16_192_64_0p5_0p02_0043_0005.uasset" 6388
"../../../Engine/Content/EngineMaterials/Substrate/GLints/dict_16_192_64_0p5_0p02_0043_0004.uasset" 6389
"../../../Engine/Content/EngineMaterials/Substrate/GLints/dict_16_192_64_0p5_0p02_0043_0008.uasset" 6390
"../../../Engine/Content/EngineMaterials/Substrate/GLints/dict_16_192_64_0p5_0p02_0043_0010.uasset" 6391
"../../../Engine/Content/EngineMaterials/Substrate/GLints/dict_16_192_64_0p5_0p02_0043_0003.uasset" 6392
"../../../Engine/Content/EngineMaterials/Substrate/GLints/dict_16_192_64_0p5_0p02_0043_0006.uasset" 6393
"/Engine/EngineMaterials/Substrate/GLints/dict_16_192_64_0p5_0p02_0042_0015" 6394
"../../../Engine/Content/EngineMaterials/Substrate/GLints/dict_16_192_64_0p5_0p02_0043_0009.uasset" 6395
"../../../Engine/Content/EngineMaterials/Substrate/GLints/dict_16_192_64_0p5_0p02_0043_0011.uasset" 6396
"../../../Engine/Content/EngineMaterials/Substrate/GLints/dict_16_192_64_0p5_0p02_0043_0012.uasset" 6397
"/Engine/EngineMaterials/Substrate/GLints/dict_16_192_64_0p5_0p02_0042_0014" 6398
"/Engine/EngineMaterials/Substrate/GLints/dict_16_192_64_0p5_0p02_0042_0013" 6399
"/Engine/EngineMaterials/Substrate/GLints/dict_16_192_64_0p5_0p02_0042_0012" 6400
"/Engine/EngineMaterials/Substrate/GLints/dict_16_192_64_0p5_0p02_0042_0011" 6401
"/Engine/EngineMaterials/Substrate/GLints/dict_16_192_64_0p5_0p02_0042_0010" 6402
"/Engine/EngineMaterials/Substrate/GLints/dict_16_192_64_0p5_0p02_0042_0009" 6403
"/Engine/EngineMaterials/Substrate/GLints/dict_16_192_64_0p5_0p02_0042_0008" 6404
"/Engine/EngineMaterials/Substrate/GLints/dict_16_192_64_0p5_0p02_0042_0007" 6405
"/Engine/EngineMaterials/Substrate/GLints/dict_16_192_64_0p5_0p02_0042_0006" 6406
"/Engine/EngineMaterials/Substrate/GLints/dict_16_192_64_0p5_0p02_0042_0005" 6407
"/Engine/EngineMaterials/Substrate/GLints/dict_16_192_64_0p5_0p02_0042_0004" 6408
"/Engine/EngineMaterials/Substrate/GLints/dict_16_192_64_0p5_0p02_0042_0003" 6409
"/Engine/EngineMaterials/Substrate/GLints/dict_16_192_64_0p5_0p02_0042_0002" 6410
"/Engine/EngineMaterials/Substrate/GLints/dict_16_192_64_0p5_0p02_0042_0001" 6411
"/Engine/EngineMaterials/Substrate/GLints/dict_16_192_64_0p5_0p02_0042_0000" 6412
"/Engine/EngineMaterials/Substrate/GLints/dict_16_192_64_0p5_0p02_0041_0015" 6413
"/Engine/EngineMaterials/Substrate/GLints/dict_16_192_64_0p5_0p02_0041_0014" 6414
"/Engine/EngineMaterials/Substrate/GLints/dict_16_192_64_0p5_0p02_0041_0013" 6415
"../../../Engine/Content/EngineMaterials/Substrate/GLints/dict_16_192_64_0p5_0p02_0043_0014.uasset" 6416
"../../../Engine/Content/EngineMaterials/Substrate/GLints/dict_16_192_64_0p5_0p02_0043_0015.uasset" 6417
"../../../Engine/Content/EngineMaterials/Substrate/GLints/dict_16_192_64_0p5_0p02_0044_0003.uasset" 6418
"../../../Engine/Content/EngineMaterials/Substrate/GLints/dict_16_192_64_0p5_0p02_0043_0013.uasset" 6419
"../../../Engine/Content/EngineMaterials/Substrate/GLints/dict_16_192_64_0p5_0p02_0044_0006.uasset" 6420
"../../../Engine/Content/EngineMaterials/Substrate/GLints/dict_16_192_64_0p5_0p02_0044_0001.uasset" 6421
"../../../Engine/Content/EngineMaterials/Substrate/GLints/dict_16_192_64_0p5_0p02_0044_0000.uasset" 6422
"../../../Engine/Content/EngineMaterials/Substrate/GLints/dict_16_192_64_0p5_0p02_0044_0012.uasset" 6423
"../../../Engine/Content/EngineMaterials/Substrate/GLints/dict_16_192_64_0p5_0p02_0044_0005.uasset" 6424
"../../../Engine/Content/EngineMaterials/Substrate/GLints/dict_16_192_64_0p5_0p02_0044_0008.uasset" 6425
"/Engine/EngineMaterials/Substrate/GLints/dict_16_192_64_0p5_0p02_0043_0012" 6426
"../../../Engine/Content/EngineMaterials/Substrate/GLints/dict_16_192_64_0p5_0p02_0044_0013.uasset" 6427
"../../../Engine/Content/EngineMaterials/Substrate/GLints/dict_16_192_64_0p5_0p02_0044_0014.uasset" 6428
"../../../Engine/Content/EngineMaterials/Substrate/GLints/dict_16_192_64_0p5_0p02_0044_0010.uasset" 6429
"../../../Engine/Content/EngineMaterials/Substrate/GLints/dict_16_192_64_0p5_0p02_0044_0004.uasset" 6430
"../../../Engine/Content/EngineMaterials/Substrate/GLints/dict_16_192_64_0p5_0p02_0044_0009.uasset" 6431
"../../../Engine/Content/EngineMaterials/Substrate/GLints/dict_16_192_64_0p5_0p02_0044_0002.uasset" 6432
"../../../Engine/Content/EngineMaterials/Substrate/GLints/dict_16_192_64_0p5_0p02_0044_0007.uasset" 6433
"../../../Engine/Content/EngineMaterials/Substrate/GLints/dict_16_192_64_0p5_0p02_0044_0011.uasset" 6434
"../../../Engine/Content/EngineMaterials/Substrate/GLints/dict_16_192_64_0p5_0p02_0044_0015.uasset" 6435
"/Engine/EngineMaterials/Substrate/GLints/dict_16_192_64_0p5_0p02_0043_0011" 6436
"/Engine/EngineMaterials/Substrate/GLints/dict_16_192_64_0p5_0p02_0043_0010" 6437
"/Engine/EngineMaterials/Substrate/GLints/dict_16_192_64_0p5_0p02_0043_0009" 6438
"/Engine/EngineMaterials/Substrate/GLints/dict_16_192_64_0p5_0p02_0043_0008" 6439
"/Engine/EngineMaterials/Substrate/GLints/dict_16_192_64_0p5_0p02_0043_0007" 6440
"/Engine/EngineMaterials/Substrate/GLints/dict_16_192_64_0p5_0p02_0043_0006" 6441
"/Engine/EngineMaterials/Substrate/GLints/dict_16_192_64_0p5_0p02_0043_0005" 6442
"/Engine/EngineMaterials/Substrate/GLints/dict_16_192_64_0p5_0p02_0043_0004" 6443
"/Engine/EngineMaterials/Substrate/GLints/dict_16_192_64_0p5_0p02_0043_0003" 6444
"/Engine/EngineMaterials/Substrate/GLints/dict_16_192_64_0p5_0p02_0043_0002" 6445
"/Engine/EngineMaterials/Substrate/GLints/dict_16_192_64_0p5_0p02_0043_0001" 6446
"/Engine/EngineMaterials/Substrate/GLints/dict_16_192_64_0p5_0p02_0043_0000" 6447
"../../../Engine/Content/EngineMaterials/Substrate/GLints/dict_16_192_64_0p5_0p02_0045_0003.uasset" 6448
"../../../Engine/Content/EngineMaterials/Substrate/GLints/dict_16_192_64_0p5_0p02_0045_0004.uasset" 6449
"../../../Engine/Content/EngineMaterials/Substrate/GLints/dict_16_192_64_0p5_0p02_0045_0002.uasset" 6450
"../../../Engine/Content/EngineMaterials/Substrate/GLints/dict_16_192_64_0p5_0p02_0045_0009.uasset" 6451
"../../../Engine/Content/EngineMaterials/Substrate/GLints/dict_16_192_64_0p5_0p02_0045_0008.uasset" 6452
"../../../Engine/Content/EngineMaterials/Substrate/GLints/dict_16_192_64_0p5_0p02_0045_0001.uasset" 6453
"../../../Engine/Content/EngineMaterials/Substrate/GLints/dict_16_192_64_0p5_0p02_0045_0010.uasset" 6454
"../../../Engine/Content/EngineMaterials/Substrate/GLints/dict_16_192_64_0p5_0p02_0045_0000.uasset" 6455
"/Engine/EngineMaterials/Substrate/GLints/dict_16_192_64_0p5_0p02_0044_0015" 6456
"../../../Engine/Content/EngineMaterials/Substrate/GLints/dict_16_192_64_0p5_0p02_0045_0006.uasset" 6457
"../../../Engine/Content/EngineMaterials/Substrate/GLints/dict_16_192_64_0p5_0p02_0045_0005.uasset" 6458
"../../../Engine/Content/EngineMaterials/Substrate/GLints/dict_16_192_64_0p5_0p02_0045_0007.uasset" 6459
"../../../Engine/Content/EngineMaterials/Substrate/GLints/dict_16_192_64_0p5_0p02_0045_0011.uasset" 6460
"../../../Engine/Content/EngineMaterials/Substrate/GLints/dict_16_192_64_0p5_0p02_0045_0012.uasset" 6461
"/Engine/EngineMaterials/Substrate/GLints/dict_16_192_64_0p5_0p02_0044_0014" 6462
"/Engine/EngineMaterials/Substrate/GLints/dict_16_192_64_0p5_0p02_0044_0013" 6463
"/Engine/EngineMaterials/Substrate/GLints/dict_16_192_64_0p5_0p02_0044_0012" 6464
"/Engine/EngineMaterials/Substrate/GLints/dict_16_192_64_0p5_0p02_0044_0011" 6465
"/Engine/EngineMaterials/Substrate/GLints/dict_16_192_64_0p5_0p02_0044_0010" 6466
"/Engine/EngineMaterials/Substrate/GLints/dict_16_192_64_0p5_0p02_0044_0009" 6467
"/Engine/EngineMaterials/Substrate/GLints/dict_16_192_64_0p5_0p02_0044_0008" 6468
"/Engine/EngineMaterials/Substrate/GLints/dict_16_192_64_0p5_0p02_0044_0007" 6469
"/Engine/EngineMaterials/Substrate/GLints/dict_16_192_64_0p5_0p02_0044_0006" 6470
"/Engine/EngineMaterials/Substrate/GLints/dict_16_192_64_0p5_0p02_0044_0005" 6471
"/Engine/EngineMaterials/Substrate/GLints/dict_16_192_64_0p5_0p02_0044_0004" 6472
"/Engine/EngineMaterials/Substrate/GLints/dict_16_192_64_0p5_0p02_0044_0003" 6473
"/Engine/EngineMaterials/Substrate/GLints/dict_16_192_64_0p5_0p02_0044_0002" 6474
"/Engine/EngineMaterials/Substrate/GLints/dict_16_192_64_0p5_0p02_0044_0001" 6475
"/Engine/EngineMaterials/Substrate/GLints/dict_16_192_64_0p5_0p02_0044_0000" 6476
"/Engine/EngineMaterials/Substrate/GLints/dict_16_192_64_0p5_0p02_0043_0015" 6477
"/Engine/EngineMaterials/Substrate/GLints/dict_16_192_64_0p5_0p02_0043_0014" 6478
"/Engine/EngineMaterials/Substrate/GLints/dict_16_192_64_0p5_0p02_0043_0013" 6479
"../../../Engine/Content/EngineMaterials/Substrate/GLints/dict_16_192_64_0p5_0p02_0045_0013.uasset" 6480
"../../../Engine/Content/EngineMaterials/Substrate/GLints/dict_16_192_64_0p5_0p02_0046_0000.uasset" 6481
"../../../Engine/Content/EngineMaterials/Substrate/GLints/dict_16_192_64_0p5_0p02_0045_0015.uasset" 6482
"../../../Engine/Content/EngineMaterials/Substrate/GLints/dict_16_192_64_0p5_0p02_0046_0001.uasset" 6483
"../../../Engine/Content/EngineMaterials/Substrate/GLints/dict_16_192_64_0p5_0p02_0046_0009.uasset" 6484
"../../../Engine/Content/EngineMaterials/Substrate/GLints/dict_16_192_64_0p5_0p02_0045_0014.uasset" 6485
"../../../Engine/Content/EngineMaterials/Substrate/GLints/dict_16_192_64_0p5_0p02_0046_0007.uasset" 6486
"../../../Engine/Content/EngineMaterials/Substrate/GLints/dict_16_192_64_0p5_0p02_0046_0003.uasset" 6487
"../../../Engine/Content/EngineMaterials/Substrate/GLints/dict_16_192_64_0p5_0p02_0046_0013.uasset" 6488
"../../../Engine/Content/EngineMaterials/Substrate/GLints/dict_16_192_64_0p5_0p02_0046_0011.uasset" 6489
"/Engine/EngineMaterials/Substrate/GLints/dict_16_192_64_0p5_0p02_0045_0012" 6490
"../../../Engine/Content/EngineMaterials/Substrate/GLints/dict_16_192_64_0p5_0p02_0046_0005.uasset" 6491
"../../../Engine/Content/EngineMaterials/Substrate/GLints/dict_16_192_64_0p5_0p02_0046_0010.uasset" 6492
"../../../Engine/Content/EngineMaterials/Substrate/GLints/dict_16_192_64_0p5_0p02_0046_0008.uasset" 6493
"../../../Engine/Content/EngineMaterials/Substrate/GLints/dict_16_192_64_0p5_0p02_0046_0004.uasset" 6494
"../../../Engine/Content/EngineMaterials/Substrate/GLints/dict_16_192_64_0p5_0p02_0046_0002.uasset" 6495
"../../../Engine/Content/EngineMaterials/Substrate/GLints/dict_16_192_64_0p5_0p02_0046_0012.uasset" 6496
"../../../Engine/Content/EngineMaterials/Substrate/GLints/dict_16_192_64_0p5_0p02_0046_0014.uasset" 6497
"../../../Engine/Content/EngineMaterials/Substrate/GLints/dict_16_192_64_0p5_0p02_0046_0006.uasset" 6498
"../../../Engine/Content/EngineMaterials/Substrate/GLints/dict_16_192_64_0p5_0p02_0046_0015.uasset" 6499
"/Engine/EngineMaterials/Substrate/GLints/dict_16_192_64_0p5_0p02_0045_0011" 6500
"/Engine/EngineMaterials/Substrate/GLints/dict_16_192_64_0p5_0p02_0045_0010" 6501
"/Engine/EngineMaterials/Substrate/GLints/dict_16_192_64_0p5_0p02_0045_0009" 6502
"/Engine/EngineMaterials/Substrate/GLints/dict_16_192_64_0p5_0p02_0045_0008" 6503
"/Engine/EngineMaterials/Substrate/GLints/dict_16_192_64_0p5_0p02_0045_0007" 6504
"/Engine/EngineMaterials/Substrate/GLints/dict_16_192_64_0p5_0p02_0045_0006" 6505
"/Engine/EngineMaterials/Substrate/GLints/dict_16_192_64_0p5_0p02_0045_0005" 6506
"/Engine/EngineMaterials/Substrate/GLints/dict_16_192_64_0p5_0p02_0045_0004" 6507
"/Engine/EngineMaterials/Substrate/GLints/dict_16_192_64_0p5_0p02_0045_0003" 6508
"/Engine/EngineMaterials/Substrate/GLints/dict_16_192_64_0p5_0p02_0045_0002" 6509
"/Engine/EngineMaterials/Substrate/GLints/dict_16_192_64_0p5_0p02_0045_0001" 6510
"/Engine/EngineMaterials/Substrate/GLints/dict_16_192_64_0p5_0p02_0045_0000" 6511
"../../../Engine/Content/EngineMaterials/Substrate/GLints/dict_16_192_64_0p5_0p02_0047_0000.uasset" 6512
"../../../Engine/Content/EngineMaterials/Substrate/GLints/dict_16_192_64_0p5_0p02_0047_0001.uasset" 6513
"../../../Engine/Content/EngineMaterials/Substrate/GLints/dict_16_192_64_0p5_0p02_0047_0002.uasset" 6514
"../../../Engine/Content/EngineMaterials/Substrate/GLints/dict_16_192_64_0p5_0p02_0047_0006.uasset" 6515
"../../../Engine/Content/EngineMaterials/Substrate/GLints/dict_16_192_64_0p5_0p02_0047_0003.uasset" 6516
"../../../Engine/Content/EngineMaterials/Substrate/GLints/dict_16_192_64_0p5_0p02_0047_0004.uasset" 6517
"/Engine/EngineMaterials/Substrate/GLints/dict_16_192_64_0p5_0p02_0046_0015" 6518
"../../../Engine/Content/EngineMaterials/Substrate/GLints/dict_16_192_64_0p5_0p02_0047_0005.uasset" 6519
"../../../Engine/Content/EngineMaterials/Substrate/GLints/dict_16_192_64_0p5_0p02_0047_0007.uasset" 6520
"../../../Engine/Content/EngineMaterials/Substrate/GLints/dict_16_192_64_0p5_0p02_0047_0008.uasset" 6521
"../../../Engine/Content/EngineMaterials/Substrate/GLints/dict_16_192_64_0p5_0p02_0047_0009.uasset" 6522
"../../../Engine/Content/EngineMaterials/Substrate/GLints/dict_16_192_64_0p5_0p02_0047_0012.uasset" 6523
"../../../Engine/Content/EngineMaterials/Substrate/GLints/dict_16_192_64_0p5_0p02_0047_0010.uasset" 6524
"../../../Engine/Content/EngineMaterials/Substrate/GLints/dict_16_192_64_0p5_0p02_0047_0011.uasset" 6525
"/Engine/EngineMaterials/Substrate/GLints/dict_16_192_64_0p5_0p02_0046_0014" 6526
"/Engine/EngineMaterials/Substrate/GLints/dict_16_192_64_0p5_0p02_0046_0013" 6527
"/Engine/EngineMaterials/Substrate/GLints/dict_16_192_64_0p5_0p02_0046_0012" 6528
"/Engine/EngineMaterials/Substrate/GLints/dict_16_192_64_0p5_0p02_0046_0011" 6529
"/Engine/EngineMaterials/Substrate/GLints/dict_16_192_64_0p5_0p02_0046_0010" 6530
"/Engine/EngineMaterials/Substrate/GLints/dict_16_192_64_0p5_0p02_0046_0009" 6531
"/Engine/EngineMaterials/Substrate/GLints/dict_16_192_64_0p5_0p02_0046_0008" 6532
"/Engine/EngineMaterials/Substrate/GLints/dict_16_192_64_0p5_0p02_0046_0007" 6533
"/Engine/EngineMaterials/Substrate/GLints/dict_16_192_64_0p5_0p02_0046_0006" 6534
"/Engine/EngineMaterials/Substrate/GLints/dict_16_192_64_0p5_0p02_0046_0005" 6535
"/Engine/EngineMaterials/Substrate/GLints/dict_16_192_64_0p5_0p02_0046_0004" 6536
"/Engine/EngineMaterials/Substrate/GLints/dict_16_192_64_0p5_0p02_0046_0003" 6537
"/Engine/EngineMaterials/Substrate/GLints/dict_16_192_64_0p5_0p02_0046_0002" 6538
"/Engine/EngineMaterials/Substrate/GLints/dict_16_192_64_0p5_0p02_0046_0001" 6539
"/Engine/EngineMaterials/Substrate/GLints/dict_16_192_64_0p5_0p02_0046_0000" 6540
"/Engine/EngineMaterials/Substrate/GLints/dict_16_192_64_0p5_0p02_0045_0015" 6541
"/Engine/EngineMaterials/Substrate/GLints/dict_16_192_64_0p5_0p02_0045_0014" 6542
"/Engine/EngineMaterials/Substrate/GLints/dict_16_192_64_0p5_0p02_0045_0013" 6543
"../../../Engine/Content/EngineMaterials/Substrate/GLints/dict_16_192_64_0p5_0p02_0048_0000.uasset" 6544
"../../../Engine/Content/EngineMaterials/Substrate/GLints/dict_16_192_64_0p5_0p02_0047_0013.uasset" 6545
"../../../Engine/Content/EngineMaterials/Substrate/GLints/dict_16_192_64_0p5_0p02_0047_0014.uasset" 6546
"../../../Engine/Content/EngineMaterials/Substrate/GLints/dict_16_192_64_0p5_0p02_0048_0001.uasset" 6547
"../../../Engine/Content/EngineMaterials/Substrate/GLints/dict_16_192_64_0p5_0p02_0048_0005.uasset" 6548
"../../../Engine/Content/EngineMaterials/Substrate/GLints/dict_16_192_64_0p5_0p02_0048_0003.uasset" 6549
"../../../Engine/Content/EngineMaterials/Substrate/GLints/dict_16_192_64_0p5_0p02_0048_0002.uasset" 6550
"../../../Engine/Content/EngineMaterials/Substrate/GLints/dict_16_192_64_0p5_0p02_0048_0007.uasset" 6551
"../../../Engine/Content/EngineMaterials/Substrate/GLints/dict_16_192_64_0p5_0p02_0048_0008.uasset" 6552
"../../../Engine/Content/EngineMaterials/Substrate/GLints/dict_16_192_64_0p5_0p02_0048_0006.uasset" 6553
"../../../Engine/Content/EngineMaterials/Substrate/GLints/dict_16_192_64_0p5_0p02_0048_0012.uasset" 6554
"../../../Engine/Content/EngineMaterials/Substrate/GLints/dict_16_192_64_0p5_0p02_0048_0009.uasset" 6555
"../../../Engine/Content/EngineMaterials/Substrate/GLints/dict_16_192_64_0p5_0p02_0048_0015.uasset" 6556
"../../../Engine/Content/EngineMaterials/Substrate/GLints/dict_16_192_64_0p5_0p02_0048_0013.uasset" 6557
"../../../Engine/Content/EngineMaterials/Substrate/GLints/dict_16_192_64_0p5_0p02_0048_0004.uasset" 6558
"../../../Engine/Content/EngineMaterials/Substrate/GLints/dict_16_192_64_0p5_0p02_0048_0010.uasset" 6559
"../../../Engine/Content/EngineMaterials/Substrate/GLints/dict_16_192_64_0p5_0p02_0047_0015.uasset" 6560
"../../../Engine/Content/EngineMaterials/Substrate/GLints/dict_16_192_64_0p5_0p02_0048_0014.uasset" 6561
"/Engine/EngineMaterials/Substrate/GLints/dict_16_192_64_0p5_0p02_0047_0012" 6562
"../../../Engine/Content/EngineMaterials/Substrate/GLints/dict_16_192_64_0p5_0p02_0048_0011.uasset" 6563
"/Engine/EngineMaterials/Substrate/GLints/dict_16_192_64_0p5_0p02_0047_0011" 6564
"/Engine/EngineMaterials/Substrate/GLints/dict_16_192_64_0p5_0p02_0047_0010" 6565
"/Engine/EngineMaterials/Substrate/GLints/dict_16_192_64_0p5_0p02_0047_0009" 6566
"/Engine/EngineMaterials/Substrate/GLints/dict_16_192_64_0p5_0p02_0047_0008" 6567
"/Engine/EngineMaterials/Substrate/GLints/dict_16_192_64_0p5_0p02_0047_0007" 6568
"/Engine/EngineMaterials/Substrate/GLints/dict_16_192_64_0p5_0p02_0047_0006" 6569
"/Engine/EngineMaterials/Substrate/GLints/dict_16_192_64_0p5_0p02_0047_0005" 6570
"/Engine/EngineMaterials/Substrate/GLints/dict_16_192_64_0p5_0p02_0047_0004" 6571
"/Engine/EngineMaterials/Substrate/GLints/dict_16_192_64_0p5_0p02_0047_0003" 6572
"/Engine/EngineMaterials/Substrate/GLints/dict_16_192_64_0p5_0p02_0047_0002" 6573
"/Engine/EngineMaterials/Substrate/GLints/dict_16_192_64_0p5_0p02_0047_0001" 6574
"/Engine/EngineMaterials/Substrate/GLints/dict_16_192_64_0p5_0p02_0047_0000" 6575
"../../../Engine/Content/EngineMaterials/Substrate/GLints/dict_16_192_64_0p5_0p02_0049_0000.uasset" 6576
"../../../Engine/Content/EngineMaterials/Substrate/GLints/dict_16_192_64_0p5_0p02_0049_0001.uasset" 6577
"/Engine/EngineMaterials/Substrate/GLints/dict_16_192_64_0p5_0p02_0048_0015" 6578
"../../../Engine/Content/EngineMaterials/Substrate/GLints/dict_16_192_64_0p5_0p02_0049_0004.uasset" 6579
"../../../Engine/Content/EngineMaterials/Substrate/GLints/dict_16_192_64_0p5_0p02_0049_0005.uasset" 6580
"../../../Engine/Content/EngineMaterials/Substrate/GLints/dict_16_192_64_0p5_0p02_0049_0006.uasset" 6581
"../../../Engine/Content/EngineMaterials/Substrate/GLints/dict_16_192_64_0p5_0p02_0049_0002.uasset" 6582
"../../../Engine/Content/EngineMaterials/Substrate/GLints/dict_16_192_64_0p5_0p02_0049_0003.uasset" 6583
"../../../Engine/Content/EngineMaterials/Substrate/GLints/dict_16_192_64_0p5_0p02_0049_0008.uasset" 6584
"../../../Engine/Content/EngineMaterials/Substrate/GLints/dict_16_192_64_0p5_0p02_0049_0009.uasset" 6585
"../../../Engine/Content/EngineMaterials/Substrate/GLints/dict_16_192_64_0p5_0p02_0049_0010.uasset" 6586
"../../../Engine/Content/EngineMaterials/Substrate/GLints/dict_16_192_64_0p5_0p02_0049_0012.uasset" 6587
"../../../Engine/Content/EngineMaterials/Substrate/GLints/dict_16_192_64_0p5_0p02_0049_0011.uasset" 6588
"/Engine/EngineMaterials/Substrate/GLints/dict_16_192_64_0p5_0p02_0048_0014" 6589
"../../../Engine/Content/EngineMaterials/Substrate/GLints/dict_16_192_64_0p5_0p02_0049_0007.uasset" 6590
"/Engine/EngineMaterials/Substrate/GLints/dict_16_192_64_0p5_0p02_0048_0013" 6591
"/Engine/EngineMaterials/Substrate/GLints/dict_16_192_64_0p5_0p02_0048_0012" 6592
"/Engine/EngineMaterials/Substrate/GLints/dict_16_192_64_0p5_0p02_0048_0011" 6593
"/Engine/EngineMaterials/Substrate/GLints/dict_16_192_64_0p5_0p02_0048_0010" 6594
"/Engine/EngineMaterials/Substrate/GLints/dict_16_192_64_0p5_0p02_0048_0009" 6595
"/Engine/EngineMaterials/Substrate/GLints/dict_16_192_64_0p5_0p02_0048_0008" 6596
"/Engine/EngineMaterials/Substrate/GLints/dict_16_192_64_0p5_0p02_0048_0007" 6597
"/Engine/EngineMaterials/Substrate/GLints/dict_16_192_64_0p5_0p02_0048_0006" 6598
"/Engine/EngineMaterials/Substrate/GLints/dict_16_192_64_0p5_0p02_0048_0005" 6599
"/Engine/EngineMaterials/Substrate/GLints/dict_16_192_64_0p5_0p02_0048_0004" 6600
"/Engine/EngineMaterials/Substrate/GLints/dict_16_192_64_0p5_0p02_0048_0003" 6601
"/Engine/EngineMaterials/Substrate/GLints/dict_16_192_64_0p5_0p02_0048_0002" 6602
"/Engine/EngineMaterials/Substrate/GLints/dict_16_192_64_0p5_0p02_0048_0001" 6603
"/Engine/EngineMaterials/Substrate/GLints/dict_16_192_64_0p5_0p02_0048_0000" 6604
"/Engine/EngineMaterials/Substrate/GLints/dict_16_192_64_0p5_0p02_0047_0015" 6605
"/Engine/EngineMaterials/Substrate/GLints/dict_16_192_64_0p5_0p02_0047_0014" 6606
"/Engine/EngineMaterials/Substrate/GLints/dict_16_192_64_0p5_0p02_0047_0013" 6607
"../../../Engine/Content/EngineMaterials/Substrate/GLints/dict_16_192_64_0p5_0p02_0049_0015.uasset" 6608
"../../../Engine/Content/EngineMaterials/Substrate/GLints/dict_16_192_64_0p5_0p02_0050_0001.uasset" 6609
"../../../Engine/Content/EngineMaterials/Substrate/GLints/dict_16_192_64_0p5_0p02_0050_0000.uasset" 6610
"../../../Engine/Content/EngineMaterials/Substrate/GLints/dict_16_192_64_0p5_0p02_0049_0013.uasset" 6611
"../../../Engine/Content/EngineMaterials/Substrate/GLints/dict_16_192_64_0p5_0p02_0050_0003.uasset" 6612
"../../../Engine/Content/EngineMaterials/Substrate/GLints/dict_16_192_64_0p5_0p02_0050_0008.uasset" 6613
"../../../Engine/Content/EngineMaterials/Substrate/GLints/dict_16_192_64_0p5_0p02_0050_0006.uasset" 6614
"../../../Engine/Content/EngineMaterials/Substrate/GLints/dict_16_192_64_0p5_0p02_0050_0011.uasset" 6615
"../../../Engine/Content/EngineMaterials/Substrate/GLints/dict_16_192_64_0p5_0p02_0050_0005.uasset" 6616
"/Engine/EngineMaterials/Substrate/GLints/dict_16_192_64_0p5_0p02_0049_0012" 6617
"../../../Engine/Content/EngineMaterials/Substrate/GLints/dict_16_192_64_0p5_0p02_0050_0002.uasset" 6618
"../../../Engine/Content/EngineMaterials/Substrate/GLints/dict_16_192_64_0p5_0p02_0050_0004.uasset" 6619
"../../../Engine/Content/EngineMaterials/Substrate/GLints/dict_16_192_64_0p5_0p02_0050_0007.uasset" 6620
"../../../Engine/Content/EngineMaterials/Substrate/GLints/dict_16_192_64_0p5_0p02_0050_0012.uasset" 6621
"../../../Engine/Content/EngineMaterials/Substrate/GLints/dict_16_192_64_0p5_0p02_0050_0009.uasset" 6622
"../../../Engine/Content/EngineMaterials/Substrate/GLints/dict_16_192_64_0p5_0p02_0050_0014.uasset" 6623
"../../../Engine/Content/EngineMaterials/Substrate/GLints/dict_16_192_64_0p5_0p02_0050_0013.uasset" 6624
"../../../Engine/Content/EngineMaterials/Substrate/GLints/dict_16_192_64_0p5_0p02_0049_0014.uasset" 6625
"/Engine/EngineMaterials/Substrate/GLints/dict_16_192_64_0p5_0p02_0049_0011" 6626
"/Engine/EngineMaterials/Substrate/GLints/dict_16_192_64_0p5_0p02_0049_0010" 6627
"/Engine/EngineMaterials/Substrate/GLints/dict_16_192_64_0p5_0p02_0049_0009" 6628
"/Engine/EngineMaterials/Substrate/GLints/dict_16_192_64_0p5_0p02_0049_0008" 6629
"../../../Engine/Content/EngineMaterials/Substrate/GLints/dict_16_192_64_0p5_0p02_0050_0015.uasset" 6630
"/Engine/EngineMaterials/Substrate/GLints/dict_16_192_64_0p5_0p02_0049_0007" 6631
"/Engine/EngineMaterials/Substrate/GLints/dict_16_192_64_0p5_0p02_0049_0006" 6632
"/Engine/EngineMaterials/Substrate/GLints/dict_16_192_64_0p5_0p02_0049_0005" 6633
"/Engine/EngineMaterials/Substrate/GLints/dict_16_192_64_0p5_0p02_0049_0004" 6634
"/Engine/EngineMaterials/Substrate/GLints/dict_16_192_64_0p5_0p02_0049_0003" 6635
"/Engine/EngineMaterials/Substrate/GLints/dict_16_192_64_0p5_0p02_0049_0002" 6636
"/Engine/EngineMaterials/Substrate/GLints/dict_16_192_64_0p5_0p02_0049_0001" 6637
"/Engine/EngineMaterials/Substrate/GLints/dict_16_192_64_0p5_0p02_0049_0000" 6638
"../../../Engine/Content/EngineMaterials/Substrate/GLints/dict_16_192_64_0p5_0p02_0051_0002.uasset" 6639
"../../../Engine/Content/EngineMaterials/Substrate/GLints/dict_16_192_64_0p5_0p02_0051_0000.uasset" 6640
"../../../Engine/Content/EngineMaterials/Substrate/GLints/dict_16_192_64_0p5_0p02_0051_0003.uasset" 6641
"../../../Engine/Content/EngineMaterials/Substrate/GLints/dict_16_192_64_0p5_0p02_0051_0009.uasset" 6642
"../../../Engine/Content/EngineMaterials/Substrate/GLints/dict_16_192_64_0p5_0p02_0051_0004.uasset" 6643
"../../../Engine/Content/EngineMaterials/Substrate/GLints/dict_16_192_64_0p5_0p02_0051_0008.uasset" 6644
"../../../Engine/Content/EngineMaterials/Substrate/GLints/dict_16_192_64_0p5_0p02_0051_0011.uasset" 6645
"/Engine/EngineMaterials/Substrate/GLints/dict_16_192_64_0p5_0p02_0050_0015" 6646
"../../../Engine/Content/EngineMaterials/Substrate/GLints/dict_16_192_64_0p5_0p02_0051_0001.uasset" 6647
"../../../Engine/Content/EngineMaterials/Substrate/GLints/dict_16_192_64_0p5_0p02_0051_0005.uasset" 6648
"../../../Engine/Content/EngineMaterials/Substrate/GLints/dict_16_192_64_0p5_0p02_0051_0010.uasset" 6649
"../../../Engine/Content/EngineMaterials/Substrate/GLints/dict_16_192_64_0p5_0p02_0051_0006.uasset" 6650
"../../../Engine/Content/EngineMaterials/Substrate/GLints/dict_16_192_64_0p5_0p02_0051_0012.uasset" 6651
"/Engine/EngineMaterials/Substrate/GLints/dict_16_192_64_0p5_0p02_0050_0014" 6652
"/Engine/EngineMaterials/Substrate/GLints/dict_16_192_64_0p5_0p02_0050_0013" 6653
"../../../Engine/Content/EngineMaterials/Substrate/GLints/dict_16_192_64_0p5_0p02_0051_0007.uasset" 6654
"/Engine/EngineMaterials/Substrate/GLints/dict_16_192_64_0p5_0p02_0050_0012" 6655
"/Engine/EngineMaterials/Substrate/GLints/dict_16_192_64_0p5_0p02_0050_0011" 6656
"/Engine/EngineMaterials/Substrate/GLints/dict_16_192_64_0p5_0p02_0050_0009" 6657
"../../../Engine/Content/EngineMaterials/Substrate/GLints/dict_16_192_64_0p5_0p02_0050_0010.uasset" 6658
"/Engine/EngineMaterials/Substrate/GLints/dict_16_192_64_0p5_0p02_0050_0008" 6659
"/Engine/EngineMaterials/Substrate/GLints/dict_16_192_64_0p5_0p02_0050_0007" 6660
"/Engine/EngineMaterials/Substrate/GLints/dict_16_192_64_0p5_0p02_0050_0006" 6661
"/Engine/EngineMaterials/Substrate/GLints/dict_16_192_64_0p5_0p02_0050_0005" 6662
"/Engine/EngineMaterials/Substrate/GLints/dict_16_192_64_0p5_0p02_0050_0004" 6663
"/Engine/EngineMaterials/Substrate/GLints/dict_16_192_64_0p5_0p02_0050_0003" 6664
"/Engine/EngineMaterials/Substrate/GLints/dict_16_192_64_0p5_0p02_0050_0002" 6665
"/Engine/EngineMaterials/Substrate/GLints/dict_16_192_64_0p5_0p02_0050_0001" 6666
"/Engine/EngineMaterials/Substrate/GLints/dict_16_192_64_0p5_0p02_0050_0000" 6667
"/Engine/EngineMaterials/Substrate/GLints/dict_16_192_64_0p5_0p02_0049_0015" 6668
"/Engine/EngineMaterials/Substrate/GLints/dict_16_192_64_0p5_0p02_0049_0014" 6669
"/Engine/EngineMaterials/Substrate/GLints/dict_16_192_64_0p5_0p02_0049_0013" 6670
"../../../Engine/Content/EngineMaterials/Substrate/GLints/dict_16_192_64_0p5_0p02_0052_0001.uasset" 6671
"../../../Engine/Content/EngineMaterials/Substrate/GLints/dict_16_192_64_0p5_0p02_0051_0013.uasset" 6672
"../../../Engine/Content/EngineMaterials/Substrate/GLints/dict_16_192_64_0p5_0p02_0052_0000.uasset" 6673
"../../../Engine/Content/EngineMaterials/Substrate/GLints/dict_16_192_64_0p5_0p02_0051_0014.uasset" 6674
"../../../Engine/Content/EngineMaterials/Substrate/GLints/dict_16_192_64_0p5_0p02_0052_0008.uasset" 6675
"../../../Engine/Content/EngineMaterials/Substrate/GLints/dict_16_192_64_0p5_0p02_0052_0006.uasset" 6676
"../../../Engine/Content/EngineMaterials/Substrate/GLints/dict_16_192_64_0p5_0p02_0052_0005.uasset" 6677
"../../../Engine/Content/EngineMaterials/Substrate/GLints/dict_16_192_64_0p5_0p02_0052_0012.uasset" 6678
"/Engine/EngineMaterials/Substrate/GLints/dict_16_192_64_0p5_0p02_0051_0012" 6679
"../../../Engine/Content/EngineMaterials/Substrate/GLints/dict_16_192_64_0p5_0p02_0052_0009.uasset" 6680
"../../../Engine/Content/EngineMaterials/Substrate/GLints/dict_16_192_64_0p5_0p02_0051_0015.uasset" 6681
"../../../Engine/Content/EngineMaterials/Substrate/GLints/dict_16_192_64_0p5_0p02_0052_0014.uasset" 6682
"../../../Engine/Content/EngineMaterials/Substrate/GLints/dict_16_192_64_0p5_0p02_0052_0007.uasset" 6683
"../../../Engine/Content/EngineMaterials/Substrate/GLints/dict_16_192_64_0p5_0p02_0052_0010.uasset" 6684
"../../../Engine/Content/EngineMaterials/Substrate/GLints/dict_16_192_64_0p5_0p02_0052_0011.uasset" 6685
"../../../Engine/Content/EngineMaterials/Substrate/GLints/dict_16_192_64_0p5_0p02_0052_0002.uasset" 6686
"/Engine/EngineMaterials/Substrate/GLints/dict_16_192_64_0p5_0p02_0050_0010" 6687
"../../../Engine/Content/EngineMaterials/Substrate/GLints/dict_16_192_64_0p5_0p02_0052_0004.uasset" 6688
"/Engine/EngineMaterials/Substrate/GLints/dict_16_192_64_0p5_0p02_0051_0011" 6689
"/Engine/EngineMaterials/Substrate/GLints/dict_16_192_64_0p5_0p02_0051_0010" 6690
"/Engine/EngineMaterials/Substrate/GLints/dict_16_192_64_0p5_0p02_0051_0009" 6691
"/Engine/EngineMaterials/Substrate/GLints/dict_16_192_64_0p5_0p02_0051_0008" 6692
"/Engine/EngineMaterials/Substrate/GLints/dict_16_192_64_0p5_0p02_0051_0007" 6693
"/Engine/EngineMaterials/Substrate/GLints/dict_16_192_64_0p5_0p02_0051_0006" 6694
"/Engine/EngineMaterials/Substrate/GLints/dict_16_192_64_0p5_0p02_0051_0005" 6695
"/Engine/EngineMaterials/Substrate/GLints/dict_16_192_64_0p5_0p02_0051_0004" 6696
"/Engine/EngineMaterials/Substrate/GLints/dict_16_192_64_0p5_0p02_0051_0003" 6697
"/Engine/EngineMaterials/Substrate/GLints/dict_16_192_64_0p5_0p02_0051_0002" 6698
"/Engine/EngineMaterials/Substrate/GLints/dict_16_192_64_0p5_0p02_0051_0001" 6699
"/Engine/EngineMaterials/Substrate/GLints/dict_16_192_64_0p5_0p02_0051_0000" 6700
"../../../Engine/Content/EngineMaterials/Substrate/GLints/dict_16_192_64_0p5_0p02_0053_0004.uasset" 6701
"../../../Engine/Content/EngineMaterials/Substrate/GLints/dict_16_192_64_0p5_0p02_0053_0007.uasset" 6702
"../../../Engine/Content/EngineMaterials/Substrate/GLints/dict_16_192_64_0p5_0p02_0053_0000.uasset" 6703
"../../../Engine/Content/EngineMaterials/Substrate/GLints/dict_16_192_64_0p5_0p02_0053_0001.uasset" 6704
"../../../Engine/Content/EngineMaterials/Substrate/GLints/dict_16_192_64_0p5_0p02_0053_0006.uasset" 6705
"../../../Engine/Content/EngineMaterials/Substrate/GLints/dict_16_192_64_0p5_0p02_0053_0002.uasset" 6706
"../../../Engine/Content/EngineMaterials/Substrate/GLints/dict_16_192_64_0p5_0p02_0053_0003.uasset" 6707
"../../../Engine/Content/EngineMaterials/Substrate/GLints/dict_16_192_64_0p5_0p02_0053_0009.uasset" 6708
"../../../Engine/Content/EngineMaterials/Substrate/GLints/dict_16_192_64_0p5_0p02_0053_0008.uasset" 6709
"../../../Engine/Content/EngineMaterials/Substrate/GLints/dict_16_192_64_0p5_0p02_0053_0010.uasset" 6710
"/Engine/EngineMaterials/Substrate/GLints/dict_16_192_64_0p5_0p02_0052_0014" 6711
"../../../Engine/Content/EngineMaterials/Substrate/GLints/dict_16_192_64_0p5_0p02_0053_0005.uasset" 6712
"/Engine/EngineMaterials/Substrate/GLints/dict_16_192_64_0p5_0p02_0052_0012" 6713
"../../../Engine/Content/EngineMaterials/Substrate/GLints/dict_16_192_64_0p5_0p02_0052_0013.uasset" 6714
"../../../Engine/Content/EngineMaterials/Substrate/GLints/dict_16_192_64_0p5_0p02_0052_0003.uasset" 6715
"/Engine/EngineMaterials/Substrate/GLints/dict_16_192_64_0p5_0p02_0052_0011" 6716
"../../../Engine/Content/EngineMaterials/Substrate/GLints/dict_16_192_64_0p5_0p02_0053_0011.uasset" 6717
"/Engine/EngineMaterials/Substrate/GLints/dict_16_192_64_0p5_0p02_0052_0010" 6718
"/Engine/EngineMaterials/Substrate/GLints/dict_16_192_64_0p5_0p02_0052_0009" 6719
"/Engine/EngineMaterials/Substrate/GLints/dict_16_192_64_0p5_0p02_0052_0008" 6720
"/Engine/EngineMaterials/Substrate/GLints/dict_16_192_64_0p5_0p02_0052_0007" 6721
"/Engine/EngineMaterials/Substrate/GLints/dict_16_192_64_0p5_0p02_0052_0006" 6722
"/Engine/EngineMaterials/Substrate/GLints/dict_16_192_64_0p5_0p02_0052_0005" 6723
"/Engine/EngineMaterials/Substrate/GLints/dict_16_192_64_0p5_0p02_0052_0004" 6724
"/Engine/EngineMaterials/Substrate/GLints/dict_16_192_64_0p5_0p02_0052_0002" 6725
"/Engine/EngineMaterials/Substrate/GLints/dict_16_192_64_0p5_0p02_0052_0001" 6726
"/Engine/EngineMaterials/Substrate/GLints/dict_16_192_64_0p5_0p02_0052_0000" 6727
"/Engine/EngineMaterials/Substrate/GLints/dict_16_192_64_0p5_0p02_0051_0015" 6728
"/Engine/EngineMaterials/Substrate/GLints/dict_16_192_64_0p5_0p02_0051_0014" 6729
"/Engine/EngineMaterials/Substrate/GLints/dict_16_192_64_0p5_0p02_0051_0013" 6730
"../../../Engine/Content/EngineMaterials/Substrate/GLints/dict_16_192_64_0p5_0p02_0053_0015.uasset" 6731
"../../../Engine/Content/EngineMaterials/Substrate/GLints/dict_16_192_64_0p5_0p02_0054_0004.uasset" 6732
"../../../Engine/Content/EngineMaterials/Substrate/GLints/dict_16_192_64_0p5_0p02_0054_0002.uasset" 6733
"../../../Engine/Content/EngineMaterials/Substrate/GLints/dict_16_192_64_0p5_0p02_0054_0008.uasset" 6734
"../../../Engine/Content/EngineMaterials/Substrate/GLints/dict_16_192_64_0p5_0p02_0054_0010.uasset" 6735
"/Engine/EngineMaterials/Substrate/GLints/dict_16_192_64_0p5_0p02_0052_0013" 6736
"../../../Engine/Content/EngineMaterials/Substrate/GLints/dict_16_192_64_0p5_0p02_0054_0007.uasset" 6737
"../../../Engine/Content/EngineMaterials/Substrate/GLints/dict_16_192_64_0p5_0p02_0053_0014.uasset" 6738
"../../../Engine/Content/EngineMaterials/Substrate/GLints/dict_16_192_64_0p5_0p02_0053_0013.uasset" 6739
"../../../Engine/Content/EngineMaterials/Substrate/GLints/dict_16_192_64_0p5_0p02_0054_0003.uasset" 6740
"../../../Engine/Content/EngineMaterials/Substrate/GLints/dict_16_192_64_0p5_0p02_0054_0012.uasset" 6741
"../../../Engine/Content/EngineMaterials/Substrate/GLints/dict_16_192_64_0p5_0p02_0054_0001.uasset" 6742
"../../../Engine/Content/EngineMaterials/Substrate/GLints/dict_16_192_64_0p5_0p02_0054_0000.uasset" 6743
"../../../Engine/Content/EngineMaterials/Substrate/GLints/dict_16_192_64_0p5_0p02_0054_0006.uasset" 6744
"/Engine/EngineMaterials/Substrate/GLints/dict_16_192_64_0p5_0p02_0053_0011" 6745
"../../../Engine/Content/EngineMaterials/Substrate/GLints/dict_16_192_64_0p5_0p02_0052_0015.uasset" 6746
"/Engine/EngineMaterials/Substrate/GLints/dict_16_192_64_0p5_0p02_0053_0010" 6747
"/Engine/EngineMaterials/Substrate/GLints/dict_16_192_64_0p5_0p02_0053_0009" 6748
"../../../Engine/Content/EngineMaterials/Substrate/GLints/dict_16_192_64_0p5_0p02_0053_0012.uasset" 6749
"/Engine/EngineMaterials/Substrate/GLints/dict_16_192_64_0p5_0p02_0053_0008" 6750
"/Engine/EngineMaterials/Substrate/GLints/dict_16_192_64_0p5_0p02_0053_0007" 6751
"/Engine/EngineMaterials/Substrate/GLints/dict_16_192_64_0p5_0p02_0053_0006" 6752
"/Engine/EngineMaterials/Substrate/GLints/dict_16_192_64_0p5_0p02_0052_0003" 6753
"/Engine/EngineMaterials/Substrate/GLints/dict_16_192_64_0p5_0p02_0053_0005" 6754
"/Engine/EngineMaterials/Substrate/GLints/dict_16_192_64_0p5_0p02_0053_0004" 6755
"/Engine/EngineMaterials/Substrate/GLints/dict_16_192_64_0p5_0p02_0053_0003" 6756
"/Engine/EngineMaterials/Substrate/GLints/dict_16_192_64_0p5_0p02_0053_0002" 6757
"/Engine/EngineMaterials/Substrate/GLints/dict_16_192_64_0p5_0p02_0053_0001" 6758
"/Engine/EngineMaterials/Substrate/GLints/dict_16_192_64_0p5_0p02_0053_0000" 6759
"../../../Engine/Content/EngineMaterials/Substrate/GLints/dict_16_192_64_0p5_0p02_0055_0001.uasset" 6760
"../../../Engine/Content/EngineMaterials/Substrate/GLints/dict_16_192_64_0p5_0p02_0055_0003.uasset" 6761
"../../../Engine/Content/EngineMaterials/Substrate/GLints/dict_16_192_64_0p5_0p02_0054_0013.uasset" 6762
"../../../Engine/Content/EngineMaterials/Substrate/GLints/dict_16_192_64_0p5_0p02_0054_0014.uasset" 6763
"../../../Engine/Content/EngineMaterials/Substrate/GLints/dict_16_192_64_0p5_0p02_0055_0000.uasset" 6764
"../../../Engine/Content/EngineMaterials/Substrate/GLints/dict_16_192_64_0p5_0p02_0055_0004.uasset" 6765
"../../../Engine/Content/EngineMaterials/Substrate/GLints/dict_16_192_64_0p5_0p02_0055_0009.uasset" 6766
"../../../Engine/Content/EngineMaterials/Substrate/GLints/dict_16_192_64_0p5_0p02_0054_0015.uasset" 6767
"../../../Engine/Content/EngineMaterials/Substrate/GLints/dict_16_192_64_0p5_0p02_0055_0010.uasset" 6768
"../../../Engine/Content/EngineMaterials/Substrate/GLints/dict_16_192_64_0p5_0p02_0055_0006.uasset" 6769
"/Engine/EngineMaterials/Substrate/GLints/dict_16_192_64_0p5_0p02_0054_0012" 6770
"../../../Engine/Content/EngineMaterials/Substrate/GLints/dict_16_192_64_0p5_0p02_0055_0007.uasset" 6771
"/Engine/EngineMaterials/Substrate/GLints/dict_16_192_64_0p5_0p02_0053_0012" 6772
"../../../Engine/Content/EngineMaterials/Substrate/GLints/dict_16_192_64_0p5_0p02_0054_0009.uasset" 6773
"/Engine/EngineMaterials/Substrate/GLints/dict_16_192_64_0p5_0p02_0054_0010" 6774
"/Engine/EngineMaterials/Substrate/GLints/dict_16_192_64_0p5_0p02_0054_0008" 6775
"/Engine/EngineMaterials/Substrate/GLints/dict_16_192_64_0p5_0p02_0054_0007" 6776
"../../../Engine/Content/EngineMaterials/Substrate/GLints/dict_16_192_64_0p5_0p02_0054_0011.uasset" 6777
"/Engine/EngineMaterials/Substrate/GLints/dict_16_192_64_0p5_0p02_0054_0006" 6778
"/Engine/EngineMaterials/Substrate/GLints/dict_16_192_64_0p5_0p02_0054_0004" 6779
"/Engine/EngineMaterials/Substrate/GLints/dict_16_192_64_0p5_0p02_0054_0003" 6780
"/Engine/EngineMaterials/Substrate/GLints/dict_16_192_64_0p5_0p02_0054_0002" 6781
"../../../Engine/Content/EngineMaterials/Substrate/GLints/dict_16_192_64_0p5_0p02_0054_0005.uasset" 6782
"/Engine/EngineMaterials/Substrate/GLints/dict_16_192_64_0p5_0p02_0054_0001" 6783
"/Engine/EngineMaterials/Substrate/GLints/dict_16_192_64_0p5_0p02_0054_0000" 6784
"/Engine/EngineMaterials/Substrate/GLints/dict_16_192_64_0p5_0p02_0053_0015" 6785
"/Engine/EngineMaterials/Substrate/GLints/dict_16_192_64_0p5_0p02_0053_0014" 6786
"/Engine/EngineMaterials/Substrate/GLints/dict_16_192_64_0p5_0p02_0052_0015" 6787
"/Engine/EngineMaterials/Substrate/GLints/dict_16_192_64_0p5_0p02_0053_0013" 6788
"../../../Engine/Content/EngineMaterials/Substrate/GLints/dict_16_192_64_0p5_0p02_0055_0011.uasset" 6789
"../../../Engine/Content/EngineMaterials/Substrate/GLints/dict_16_192_64_0p5_0p02_0055_0015.uasset" 6790
"../../../Engine/Content/EngineMaterials/Substrate/GLints/dict_16_192_64_0p5_0p02_0055_0014.uasset" 6791
"../../../Engine/Content/EngineMaterials/Substrate/GLints/dict_16_192_64_0p5_0p02_0056_0004.uasset" 6792
"../../../Engine/Content/EngineMaterials/Substrate/GLints/dict_16_192_64_0p5_0p02_0056_0001.uasset" 6793
"../../../Engine/Content/EngineMaterials/Substrate/GLints/dict_16_192_64_0p5_0p02_0055_0012.uasset" 6794
"../../../Engine/Content/EngineMaterials/Substrate/GLints/dict_16_192_64_0p5_0p02_0056_0005.uasset" 6795
"/Engine/EngineMaterials/Substrate/GLints/dict_16_192_64_0p5_0p02_0054_0011" 6796
"../../../Engine/Content/EngineMaterials/Substrate/GLints/dict_16_192_64_0p5_0p02_0056_0008.uasset" 6797
"../../../Engine/Content/EngineMaterials/Substrate/GLints/dict_16_192_64_0p5_0p02_0056_0002.uasset" 6798
"../../../Engine/Content/EngineMaterials/Substrate/GLints/dict_16_192_64_0p5_0p02_0056_0006.uasset" 6799
"../../../Engine/Content/EngineMaterials/Substrate/GLints/dict_16_192_64_0p5_0p02_0056_0009.uasset" 6800
"/Engine/EngineMaterials/Substrate/GLints/dict_16_192_64_0p5_0p02_0054_0009" 6801
"/Engine/EngineMaterials/Substrate/GLints/dict_16_192_64_0p5_0p02_0054_0005" 6802
"../../../Engine/Content/EngineMaterials/Substrate/GLints/dict_16_192_64_0p5_0p02_0056_0010.uasset" 6803
"../../../Engine/Content/EngineMaterials/Substrate/GLints/dict_16_192_64_0p5_0p02_0056_0012.uasset" 6804
"../../../Engine/Content/EngineMaterials/Substrate/GLints/dict_16_192_64_0p5_0p02_0055_0013.uasset" 6805
"../../../Engine/Content/EngineMaterials/Substrate/GLints/dict_16_192_64_0p5_0p02_0056_0003.uasset" 6806
"../../../Engine/Content/EngineMaterials/Substrate/GLints/dict_16_192_64_0p5_0p02_0055_0002.uasset" 6807
"../../../Engine/Content/EngineMaterials/Substrate/GLints/dict_16_192_64_0p5_0p02_0055_0008.uasset" 6808
"../../../Engine/Content/EngineMaterials/Substrate/GLints/dict_16_192_64_0p5_0p02_0056_0007.uasset" 6809
"../../../Engine/Content/EngineMaterials/Substrate/GLints/dict_16_192_64_0p5_0p02_0056_0000.uasset" 6810
"../../../Engine/Content/EngineMaterials/Substrate/GLints/dict_16_192_64_0p5_0p02_0055_0005.uasset" 6811
"../../../Engine/Content/EngineMaterials/Substrate/GLints/dict_16_192_64_0p5_0p02_0056_0011.uasset" 6812
"/Engine/EngineMaterials/Substrate/GLints/dict_16_192_64_0p5_0p02_0056_0009" 6813
"/Engine/EngineMaterials/Substrate/GLints/dict_16_192_64_0p5_0p02_0056_0008" 6814
"/Engine/EngineMaterials/Substrate/GLints/dict_16_192_64_0p5_0p02_0055_0010" 6815
"/Engine/EngineMaterials/Substrate/GLints/dict_16_192_64_0p5_0p02_0056_0012" 6816
"/Engine/EngineMaterials/Substrate/GLints/dict_16_192_64_0p5_0p02_0056_0007" 6817
"/Engine/EngineMaterials/Substrate/GLints/dict_16_192_64_0p5_0p02_0056_0011" 6818
"/Engine/EngineMaterials/Substrate/GLints/dict_16_192_64_0p5_0p02_0055_0009" 6819
"/Engine/EngineMaterials/Substrate/GLints/dict_16_192_64_0p5_0p02_0055_0008" 6820
"/Engine/EngineMaterials/Substrate/GLints/dict_16_192_64_0p5_0p02_0056_0006" 6821
"/Engine/EngineMaterials/Substrate/GLints/dict_16_192_64_0p5_0p02_0056_0005" 6822
"/Engine/EngineMaterials/Substrate/GLints/dict_16_192_64_0p5_0p02_0055_0007" 6823
"/Engine/EngineMaterials/Substrate/GLints/dict_16_192_64_0p5_0p02_0055_0006" 6824
"/Engine/EngineMaterials/Substrate/GLints/dict_16_192_64_0p5_0p02_0055_0005" 6825
"/Engine/EngineMaterials/Substrate/GLints/dict_16_192_64_0p5_0p02_0055_0004" 6826
"/Engine/EngineMaterials/Substrate/GLints/dict_16_192_64_0p5_0p02_0056_0004" 6827
"/Engine/EngineMaterials/Substrate/GLints/dict_16_192_64_0p5_0p02_0056_0010" 6828
"/Engine/EngineMaterials/Substrate/GLints/dict_16_192_64_0p5_0p02_0056_0003" 6829
"/Engine/EngineMaterials/Substrate/GLints/dict_16_192_64_0p5_0p02_0056_0002" 6830
"/Engine/EngineMaterials/Substrate/GLints/dict_16_192_64_0p5_0p02_0055_0003" 6831
"/Engine/EngineMaterials/Substrate/GLints/dict_16_192_64_0p5_0p02_0056_0001" 6832
"/Engine/EngineMaterials/Substrate/GLints/dict_16_192_64_0p5_0p02_0056_0000" 6833
"/Engine/EngineMaterials/Substrate/GLints/dict_16_192_64_0p5_0p02_0055_0015" 6834
"/Engine/EngineMaterials/Substrate/GLints/dict_16_192_64_0p5_0p02_0055_0002" 6835
"/Engine/EngineMaterials/Substrate/GLints/dict_16_192_64_0p5_0p02_0055_0001" 6836
"/Engine/EngineMaterials/Substrate/GLints/dict_16_192_64_0p5_0p02_0055_0000" 6837
"/Engine/EngineMaterials/Substrate/GLints/dict_16_192_64_0p5_0p02_0054_0015" 6838
"/Engine/EngineMaterials/Substrate/GLints/dict_16_192_64_0p5_0p02_0055_0014" 6839
"/Engine/EngineMaterials/Substrate/GLints/dict_16_192_64_0p5_0p02_0054_0014" 6840
"/Engine/EngineMaterials/Substrate/GLints/dict_16_192_64_0p5_0p02_0054_0013" 6841
"/Engine/EngineMaterials/Substrate/GLints/dict_16_192_64_0p5_0p02_0055_0013" 6842
"/Engine/EngineMaterials/Substrate/GLints/dict_16_192_64_0p5_0p02_0055_0012" 6843
"/Engine/EngineMaterials/Substrate/GLints/dict_16_192_64_0p5_0p02_0055_0011" 6844
"../../../Engine/Content/EngineMaterials/Substrate/GLints/dict_16_192_64_0p5_0p02_0056_0013.uasset" 6845
"../../../Engine/Content/EngineMaterials/Substrate/GLints/dict_16_192_64_0p5_0p02_0057_0000.uasset" 6846
"../../../Engine/Content/EngineMaterials/Substrate/GLints/dict_16_192_64_0p5_0p02_0057_0002.uasset" 6847
"../../../Engine/Content/EngineMaterials/Substrate/GLints/dict_16_192_64_0p5_0p02_0057_0005.uasset" 6848
"../../../Engine/Content/EngineMaterials/Substrate/GLints/dict_16_192_64_0p5_0p02_0057_0007.uasset" 6849
"../../../Engine/Content/EngineMaterials/Substrate/GLints/dict_16_192_64_0p5_0p02_0057_0006.uasset" 6850
"../../../Engine/Content/EngineMaterials/Substrate/GLints/dict_16_192_64_0p5_0p02_0057_0012.uasset" 6851
"../../../Engine/Content/EngineMaterials/Substrate/GLints/dict_16_192_64_0p5_0p02_0057_0010.uasset" 6852
"../../../Engine/Content/EngineMaterials/Substrate/GLints/dict_16_192_64_0p5_0p02_0057_0009.uasset" 6853
"../../../Engine/Content/EngineMaterials/Substrate/GLints/dict_16_192_64_0p5_0p02_0057_0014.uasset" 6854
"../../../Engine/Content/EngineMaterials/Substrate/GLints/dict_16_192_64_0p5_0p02_0058_0002.uasset" 6855
"../../../Engine/Content/EngineMaterials/Substrate/GLints/dict_16_192_64_0p5_0p02_0057_0015.uasset" 6856
"../../../Engine/Content/EngineMaterials/Substrate/GLints/dict_16_192_64_0p5_0p02_0058_0004.uasset" 6857
"../../../Engine/Content/EngineMaterials/Substrate/GLints/dict_16_192_64_0p5_0p02_0057_0013.uasset" 6858
"../../../Engine/Content/EngineMaterials/Substrate/GLints/dict_16_192_64_0p5_0p02_0058_0001.uasset" 6859
"../../../Engine/Content/EngineMaterials/Substrate/GLints/dict_16_192_64_0p5_0p02_0058_0006.uasset" 6860
"../../../Engine/Content/EngineMaterials/Substrate/GLints/dict_16_192_64_0p5_0p02_0056_0015.uasset" 6861
"../../../Engine/Content/EngineMaterials/Substrate/GLints/dict_16_192_64_0p5_0p02_0058_0003.uasset" 6862
"../../../Engine/Content/EngineMaterials/Substrate/GLints/dict_16_192_64_0p5_0p02_0058_0008.uasset" 6863
"../../../Engine/Content/EngineMaterials/Substrate/GLints/dict_16_192_64_0p5_0p02_0058_0007.uasset" 6864
"../../../Engine/Content/EngineMaterials/Substrate/GLints/dict_16_192_64_0p5_0p02_0057_0004.uasset" 6865
"../../../Engine/Content/EngineMaterials/Substrate/GLints/dict_16_192_64_0p5_0p02_0058_0010.uasset" 6866
"../../../Engine/Content/EngineMaterials/Substrate/GLints/dict_16_192_64_0p5_0p02_0058_0012.uasset" 6867
"../../../Engine/Content/EngineMaterials/Substrate/GLints/dict_16_192_64_0p5_0p02_0058_0011.uasset" 6868
"../../../Engine/Content/EngineMaterials/Substrate/GLints/dict_16_192_64_0p5_0p02_0057_0001.uasset" 6869
"../../../Engine/Content/EngineMaterials/Substrate/GLints/dict_16_192_64_0p5_0p02_0056_0014.uasset" 6870
"../../../Engine/Content/EngineMaterials/Substrate/GLints/dict_16_192_64_0p5_0p02_0057_0011.uasset" 6871
"../../../Engine/Content/EngineMaterials/Substrate/GLints/dict_16_192_64_0p5_0p02_0058_0009.uasset" 6872
"../../../Engine/Content/EngineMaterials/Substrate/GLints/dict_16_192_64_0p5_0p02_0058_0000.uasset" 6873
"../../../Engine/Content/EngineMaterials/Substrate/GLints/dict_16_192_64_0p5_0p02_0057_0003.uasset" 6874
"../../../Engine/Content/EngineMaterials/Substrate/GLints/dict_16_192_64_0p5_0p02_0058_0005.uasset" 6875
"../../../Engine/Content/EngineMaterials/Substrate/GLints/dict_16_192_64_0p5_0p02_0057_0008.uasset" 6876
"/Engine/EngineMaterials/Substrate/GLints/dict_16_192_64_0p5_0p02_0058_0012" 6877
"/Engine/EngineMaterials/Substrate/GLints/dict_16_192_64_0p5_0p02_0058_0011" 6878
"/Engine/EngineMaterials/Substrate/GLints/dict_16_192_64_0p5_0p02_0058_0010" 6879
"/Engine/EngineMaterials/Substrate/GLints/dict_16_192_64_0p5_0p02_0058_0009" 6880
"/Engine/EngineMaterials/Substrate/GLints/dict_16_192_64_0p5_0p02_0058_0008" 6881
"/Engine/EngineMaterials/Substrate/GLints/dict_16_192_64_0p5_0p02_0058_0007" 6882
"/Engine/EngineMaterials/Substrate/GLints/dict_16_192_64_0p5_0p02_0058_0006" 6883
"/Engine/EngineMaterials/Substrate/GLints/dict_16_192_64_0p5_0p02_0058_0005" 6884
"/Engine/EngineMaterials/Substrate/GLints/dict_16_192_64_0p5_0p02_0058_0004" 6885
"/Engine/EngineMaterials/Substrate/GLints/dict_16_192_64_0p5_0p02_0058_0003" 6886
"/Engine/EngineMaterials/Substrate/GLints/dict_16_192_64_0p5_0p02_0058_0002" 6887
"/Engine/EngineMaterials/Substrate/GLints/dict_16_192_64_0p5_0p02_0058_0001" 6888
"/Engine/EngineMaterials/Substrate/GLints/dict_16_192_64_0p5_0p02_0058_0000" 6889
"/Engine/EngineMaterials/Substrate/GLints/dict_16_192_64_0p5_0p02_0057_0015" 6890
"/Engine/EngineMaterials/Substrate/GLints/dict_16_192_64_0p5_0p02_0057_0014" 6891
"/Engine/EngineMaterials/Substrate/GLints/dict_16_192_64_0p5_0p02_0057_0013" 6892
"/Engine/EngineMaterials/Substrate/GLints/dict_16_192_64_0p5_0p02_0057_0012" 6893
"/Engine/EngineMaterials/Substrate/GLints/dict_16_192_64_0p5_0p02_0057_0011" 6894
"/Engine/EngineMaterials/Substrate/GLints/dict_16_192_64_0p5_0p02_0057_0010" 6895
"/Engine/EngineMaterials/Substrate/GLints/dict_16_192_64_0p5_0p02_0057_0009" 6896
"/Engine/EngineMaterials/Substrate/GLints/dict_16_192_64_0p5_0p02_0057_0008" 6897
"/Engine/EngineMaterials/Substrate/GLints/dict_16_192_64_0p5_0p02_0057_0007" 6898
"/Engine/EngineMaterials/Substrate/GLints/dict_16_192_64_0p5_0p02_0057_0006" 6899
"/Engine/EngineMaterials/Substrate/GLints/dict_16_192_64_0p5_0p02_0057_0005" 6900
"/Engine/EngineMaterials/Substrate/GLints/dict_16_192_64_0p5_0p02_0057_0004" 6901
"/Engine/EngineMaterials/Substrate/GLints/dict_16_192_64_0p5_0p02_0057_0003" 6902
"/Engine/EngineMaterials/Substrate/GLints/dict_16_192_64_0p5_0p02_0057_0002" 6903
"/Engine/EngineMaterials/Substrate/GLints/dict_16_192_64_0p5_0p02_0057_0001" 6904
"/Engine/EngineMaterials/Substrate/GLints/dict_16_192_64_0p5_0p02_0057_0000" 6905
"/Engine/EngineMaterials/Substrate/GLints/dict_16_192_64_0p5_0p02_0056_0015" 6906
"/Engine/EngineMaterials/Substrate/GLints/dict_16_192_64_0p5_0p02_0056_0014" 6907
"/Engine/EngineMaterials/Substrate/GLints/dict_16_192_64_0p5_0p02_0056_0013" 6908
"../../../Engine/Content/EngineMaterials/Substrate/GLints/dict_16_192_64_0p5_0p02_0059_0002.uasset" 6909
"../../../Engine/Content/EngineMaterials/Substrate/GLints/dict_16_192_64_0p5_0p02_0058_0015.uasset" 6910
"../../../Engine/Content/EngineMaterials/Substrate/GLints/dict_16_192_64_0p5_0p02_0059_0000.uasset" 6911
"../../../Engine/Content/EngineMaterials/Substrate/GLints/dict_16_192_64_0p5_0p02_0059_0003.uasset" 6912
"../../../Engine/Content/EngineMaterials/Substrate/GLints/dict_16_192_64_0p5_0p02_0059_0011.uasset" 6913
"../../../Engine/Content/EngineMaterials/Substrate/GLints/dict_16_192_64_0p5_0p02_0059_0005.uasset" 6914
"../../../Engine/Content/EngineMaterials/Substrate/GLints/dict_16_192_64_0p5_0p02_0059_0001.uasset" 6915
"../../../Engine/Content/EngineMaterials/Substrate/GLints/dict_16_192_64_0p5_0p02_0059_0014.uasset" 6916
"../../../Engine/Content/EngineMaterials/Substrate/GLints/dict_16_192_64_0p5_0p02_0060_0000.uasset" 6917
"../../../Engine/Content/EngineMaterials/Substrate/GLints/dict_16_192_64_0p5_0p02_0059_0006.uasset" 6918
"../../../Engine/Content/EngineMaterials/Substrate/GLints/dict_16_192_64_0p5_0p02_0059_0015.uasset" 6919
"../../../Engine/Content/EngineMaterials/Substrate/GLints/dict_16_192_64_0p5_0p02_0059_0010.uasset" 6920
"../../../Engine/Content/EngineMaterials/Substrate/GLints/dict_16_192_64_0p5_0p02_0059_0009.uasset" 6921
"../../../Engine/Content/EngineMaterials/Substrate/GLints/dict_16_192_64_0p5_0p02_0059_0007.uasset" 6922
"../../../Engine/Content/EngineMaterials/Substrate/GLints/dict_16_192_64_0p5_0p02_0060_0001.uasset" 6923
"../../../Engine/Content/EngineMaterials/Substrate/GLints/dict_16_192_64_0p5_0p02_0058_0013.uasset" 6924
"../../../Engine/Content/EngineMaterials/Substrate/GLints/dict_16_192_64_0p5_0p02_0060_0003.uasset" 6925
"../../../Engine/Content/EngineMaterials/Substrate/GLints/dict_16_192_64_0p5_0p02_0060_0004.uasset" 6926
"../../../Engine/Content/EngineMaterials/Substrate/GLints/dict_16_192_64_0p5_0p02_0060_0005.uasset" 6927
"../../../Engine/Content/EngineMaterials/Substrate/GLints/dict_16_192_64_0p5_0p02_0060_0007.uasset" 6928
"../../../Engine/Content/EngineMaterials/Substrate/GLints/dict_16_192_64_0p5_0p02_0060_0010.uasset" 6929
"../../../Engine/Content/EngineMaterials/Substrate/GLints/dict_16_192_64_0p5_0p02_0060_0008.uasset" 6930
"../../../Engine/Content/EngineMaterials/Substrate/GLints/dict_16_192_64_0p5_0p02_0060_0009.uasset" 6931
"../../../Engine/Content/EngineMaterials/Substrate/GLints/dict_16_192_64_0p5_0p02_0060_0011.uasset" 6932
"../../../Engine/Content/EngineMaterials/Substrate/GLints/dict_16_192_64_0p5_0p02_0060_0012.uasset" 6933
"../../../Engine/Content/EngineMaterials/Substrate/GLints/dict_16_192_64_0p5_0p02_0060_0006.uasset" 6934
"../../../Engine/Content/EngineMaterials/Substrate/GLints/dict_16_192_64_0p5_0p02_0058_0014.uasset" 6935
"../../../Engine/Content/EngineMaterials/Substrate/GLints/dict_16_192_64_0p5_0p02_0060_0002.uasset" 6936
"../../../Engine/Content/EngineMaterials/Substrate/GLints/dict_16_192_64_0p5_0p02_0059_0004.uasset" 6937
"../../../Engine/Content/EngineMaterials/Substrate/GLints/dict_16_192_64_0p5_0p02_0059_0013.uasset" 6938
"../../../Engine/Content/EngineMaterials/Substrate/GLints/dict_16_192_64_0p5_0p02_0059_0008.uasset" 6939
"../../../Engine/Content/EngineMaterials/Substrate/GLints/dict_16_192_64_0p5_0p02_0059_0012.uasset" 6940
"/Engine/EngineMaterials/Substrate/GLints/dict_16_192_64_0p5_0p02_0060_0012" 6941
"/Engine/EngineMaterials/Substrate/GLints/dict_16_192_64_0p5_0p02_0060_0011" 6942
"/Engine/EngineMaterials/Substrate/GLints/dict_16_192_64_0p5_0p02_0060_0010" 6943
"/Engine/EngineMaterials/Substrate/GLints/dict_16_192_64_0p5_0p02_0060_0009" 6944
"/Engine/EngineMaterials/Substrate/GLints/dict_16_192_64_0p5_0p02_0060_0008" 6945
"/Engine/EngineMaterials/Substrate/GLints/dict_16_192_64_0p5_0p02_0060_0007" 6946
"/Engine/EngineMaterials/Substrate/GLints/dict_16_192_64_0p5_0p02_0060_0006" 6947
"/Engine/EngineMaterials/Substrate/GLints/dict_16_192_64_0p5_0p02_0060_0005" 6948
"/Engine/EngineMaterials/Substrate/GLints/dict_16_192_64_0p5_0p02_0060_0004" 6949
"/Engine/EngineMaterials/Substrate/GLints/dict_16_192_64_0p5_0p02_0060_0003" 6950
"/Engine/EngineMaterials/Substrate/GLints/dict_16_192_64_0p5_0p02_0060_0002" 6951
"/Engine/EngineMaterials/Substrate/GLints/dict_16_192_64_0p5_0p02_0060_0001" 6952
"/Engine/EngineMaterials/Substrate/GLints/dict_16_192_64_0p5_0p02_0060_0000" 6953
"/Engine/EngineMaterials/Substrate/GLints/dict_16_192_64_0p5_0p02_0059_0015" 6954
"/Engine/EngineMaterials/Substrate/GLints/dict_16_192_64_0p5_0p02_0059_0014" 6955
"/Engine/EngineMaterials/Substrate/GLints/dict_16_192_64_0p5_0p02_0059_0013" 6956
"/Engine/EngineMaterials/Substrate/GLints/dict_16_192_64_0p5_0p02_0059_0012" 6957
"/Engine/EngineMaterials/Substrate/GLints/dict_16_192_64_0p5_0p02_0059_0011" 6958
"/Engine/EngineMaterials/Substrate/GLints/dict_16_192_64_0p5_0p02_0059_0010" 6959
"/Engine/EngineMaterials/Substrate/GLints/dict_16_192_64_0p5_0p02_0059_0009" 6960
"/Engine/EngineMaterials/Substrate/GLints/dict_16_192_64_0p5_0p02_0059_0008" 6961
"/Engine/EngineMaterials/Substrate/GLints/dict_16_192_64_0p5_0p02_0059_0007" 6962
"/Engine/EngineMaterials/Substrate/GLints/dict_16_192_64_0p5_0p02_0059_0006" 6963
"/Engine/EngineMaterials/Substrate/GLints/dict_16_192_64_0p5_0p02_0059_0005" 6964
"/Engine/EngineMaterials/Substrate/GLints/dict_16_192_64_0p5_0p02_0059_0004" 6965
"/Engine/EngineMaterials/Substrate/GLints/dict_16_192_64_0p5_0p02_0059_0003" 6966
"/Engine/EngineMaterials/Substrate/GLints/dict_16_192_64_0p5_0p02_0059_0002" 6967
"/Engine/EngineMaterials/Substrate/GLints/dict_16_192_64_0p5_0p02_0059_0001" 6968
"/Engine/EngineMaterials/Substrate/GLints/dict_16_192_64_0p5_0p02_0059_0000" 6969
"/Engine/EngineMaterials/Substrate/GLints/dict_16_192_64_0p5_0p02_0058_0015" 6970
"/Engine/EngineMaterials/Substrate/GLints/dict_16_192_64_0p5_0p02_0058_0014" 6971
"/Engine/EngineMaterials/Substrate/GLints/dict_16_192_64_0p5_0p02_0058_0013" 6972
"../../../Engine/Content/EngineMaterials/Substrate/GLints/dict_16_192_64_0p5_0p02_0060_0013.uasset" 6973
"../../../Engine/Content/EngineMaterials/Substrate/GLints/dict_16_192_64_0p5_0p02_0060_0014.uasset" 6974
"../../../Engine/Content/EngineMaterials/Substrate/GLints/dict_16_192_64_0p5_0p02_0061_0001.uasset" 6975
"../../../Engine/Content/EngineMaterials/Substrate/GLints/dict_16_192_64_0p5_0p02_0061_0003.uasset" 6976
"../../../Engine/Content/EngineMaterials/Substrate/GLints/dict_16_192_64_0p5_0p02_0061_0005.uasset" 6977
"../../../Engine/Content/EngineMaterials/Substrate/GLints/dict_16_192_64_0p5_0p02_0061_0000.uasset" 6978
"../../../Engine/Content/EngineMaterials/Substrate/GLints/dict_16_192_64_0p5_0p02_0061_0002.uasset" 6979
"../../../Engine/Content/EngineMaterials/Substrate/GLints/dict_16_192_64_0p5_0p02_0061_0009.uasset" 6980
"../../../Engine/Content/EngineMaterials/Substrate/GLints/dict_16_192_64_0p5_0p02_0061_0014.uasset" 6981
"../../../Engine/Content/EngineMaterials/Substrate/GLints/dict_16_192_64_0p5_0p02_0061_0013.uasset" 6982
"../../../Engine/Content/EngineMaterials/Substrate/GLints/dict_16_192_64_0p5_0p02_0061_0015.uasset" 6983
"../../../Engine/Content/EngineMaterials/Substrate/GLints/dict_16_192_64_0p5_0p02_0061_0011.uasset" 6984
"../../../Engine/Content/EngineMaterials/Substrate/GLints/dict_16_192_64_0p5_0p02_0061_0010.uasset" 6985
"../../../Engine/Content/EngineMaterials/Substrate/GLints/dict_16_192_64_0p5_0p02_0061_0008.uasset" 6986
"../../../Engine/Content/EngineMaterials/Substrate/GLints/dict_16_192_64_0p5_0p02_0062_0005.uasset" 6987
"../../../Engine/Content/EngineMaterials/Substrate/GLints/dict_16_192_64_0p5_0p02_0061_0012.uasset" 6988
"../../../Engine/Content/EngineMaterials/Substrate/GLints/dict_16_192_64_0p5_0p02_0062_0000.uasset" 6989
"../../../Engine/Content/EngineMaterials/Substrate/GLints/dict_16_192_64_0p5_0p02_0062_0004.uasset" 6990
"../../../Engine/Content/EngineMaterials/Substrate/GLints/dict_16_192_64_0p5_0p02_0062_0003.uasset" 6991
"../../../Engine/Content/EngineMaterials/Substrate/GLints/dict_16_192_64_0p5_0p02_0062_0002.uasset" 6992
"../../../Engine/Content/EngineMaterials/Substrate/GLints/dict_16_192_64_0p5_0p02_0061_0007.uasset" 6993
"../../../Engine/Content/EngineMaterials/Substrate/GLints/dict_16_192_64_0p5_0p02_0062_0006.uasset" 6994
"../../../Engine/Content/EngineMaterials/Substrate/GLints/dict_16_192_64_0p5_0p02_0062_0007.uasset" 6995
"../../../Engine/Content/EngineMaterials/Substrate/GLints/dict_16_192_64_0p5_0p02_0062_0012.uasset" 6996
"../../../Engine/Content/EngineMaterials/Substrate/GLints/dict_16_192_64_0p5_0p02_0062_0008.uasset" 6997
"../../../Engine/Content/EngineMaterials/Substrate/GLints/dict_16_192_64_0p5_0p02_0061_0004.uasset" 6998
"../../../Engine/Content/EngineMaterials/Substrate/GLints/dict_16_192_64_0p5_0p02_0062_0010.uasset" 6999
"../../../Engine/Content/EngineMaterials/Substrate/GLints/dict_16_192_64_0p5_0p02_0062_0001.uasset" 7000
"../../../Engine/Content/EngineMaterials/Substrate/GLints/dict_16_192_64_0p5_0p02_0060_0015.uasset" 7001
"../../../Engine/Content/EngineMaterials/Substrate/GLints/dict_16_192_64_0p5_0p02_0061_0006.uasset" 7002
"../../../Engine/Content/EngineMaterials/Substrate/GLints/dict_16_192_64_0p5_0p02_0062_0011.uasset" 7003
"../../../Engine/Content/EngineMaterials/Substrate/GLints/dict_16_192_64_0p5_0p02_0062_0009.uasset" 7004
"/Engine/EngineMaterials/Substrate/GLints/dict_16_192_64_0p5_0p02_0062_0012" 7005
"C:/Users/darcy/Documents/Unreal Projects/UnitB-Project/DerivedDataCache/VT/TEXTURE_7C16439390E24F1F9468894FB4D4BC55_VTCHUNK44B429B40BB45A070EB17C1259C28734996A2F49" 7006
"C:/Users/darcy/Documents/Unreal Projects/UnitB-Project/DerivedDataCache/VT/TEXTURE_7C16439390E24F1F9468894FB4D4BC55_VTCHUNK967C747FFC357A828288FA05D93CD5DCECDA891B" 7007
"C:/Users/darcy/Documents/Unreal Projects/UnitB-Project/DerivedDataCache/VT/TEXTURE_7C16439390E24F1F9468894FB4D4BC55_VTCHUNKC0393DE8C5B4673D99D1BECB92AA8C1F72FEB491" 7008
"C:/Users/darcy/Documents/Unreal Projects/UnitB-Project/DerivedDataCache/VT/TEXTURE_7C16439390E24F1F9468894FB4D4BC55_VTCHUNK02D4C3BCAD7DFA48AB32B8281FB06B8B83DB6275" 7009
"C:/Users/darcy/Documents/Unreal Projects/UnitB-Project/DerivedDataCache/VT/TEXTURE_7C16439390E24F1F9468894FB4D4BC55_VTCHUNK2A5F9F60441DA258D18B46D59C64D5BAD50E8EE3" 7010
"/Engine/EngineMaterials/Substrate/GLints/dict_16_192_64_0p5_0p02_0062_0011" 7011
"/Engine/EngineMaterials/Substrate/GLints/dict_16_192_64_0p5_0p02_0062_0010" 7012
"/Engine/EngineMaterials/Substrate/GLints/dict_16_192_64_0p5_0p02_0062_0009" 7013
"/Engine/EngineMaterials/Substrate/GLints/dict_16_192_64_0p5_0p02_0062_0008" 7014
"/Engine/EngineMaterials/Substrate/GLints/dict_16_192_64_0p5_0p02_0062_0007" 7015
"/Engine/EngineMaterials/Substrate/GLints/dict_16_192_64_0p5_0p02_0062_0006" 7016
"/Engine/EngineMaterials/Substrate/GLints/dict_16_192_64_0p5_0p02_0062_0005" 7017
"/Engine/EngineMaterials/Substrate/GLints/dict_16_192_64_0p5_0p02_0062_0004" 7018
"/Engine/EngineMaterials/Substrate/GLints/dict_16_192_64_0p5_0p02_0062_0003" 7019
"/Engine/EngineMaterials/Substrate/GLints/dict_16_192_64_0p5_0p02_0062_0002" 7020
"/Engine/EngineMaterials/Substrate/GLints/dict_16_192_64_0p5_0p02_0062_0001" 7021
"/Engine/EngineMaterials/Substrate/GLints/dict_16_192_64_0p5_0p02_0062_0000" 7022
"/Engine/EngineMaterials/Substrate/GLints/dict_16_192_64_0p5_0p02_0061_0015" 7023
"/Engine/EngineMaterials/Substrate/GLints/dict_16_192_64_0p5_0p02_0061_0014" 7024
"/Engine/EngineMaterials/Substrate/GLints/dict_16_192_64_0p5_0p02_0061_0013" 7025
"/Engine/EngineMaterials/Substrate/GLints/dict_16_192_64_0p5_0p02_0061_0012" 7026
"/Engine/EngineMaterials/Substrate/GLints/dict_16_192_64_0p5_0p02_0061_0011" 7027
"/Engine/EngineMaterials/Substrate/GLints/dict_16_192_64_0p5_0p02_0061_0010" 7028
"/Engine/EngineMaterials/Substrate/GLints/dict_16_192_64_0p5_0p02_0061_0009" 7029
"/Engine/EngineMaterials/Substrate/GLints/dict_16_192_64_0p5_0p02_0061_0008" 7030
"/Engine/EngineMaterials/Substrate/GLints/dict_16_192_64_0p5_0p02_0061_0007" 7031
"/Engine/EngineMaterials/Substrate/GLints/dict_16_192_64_0p5_0p02_0061_0006" 7032
"/Engine/EngineMaterials/Substrate/GLints/dict_16_192_64_0p5_0p02_0061_0005" 7033
"/Engine/EngineMaterials/Substrate/GLints/dict_16_192_64_0p5_0p02_0061_0004" 7034
"/Engine/EngineMaterials/Substrate/GLints/dict_16_192_64_0p5_0p02_0061_0003" 7035
"/Engine/EngineMaterials/Substrate/GLints/dict_16_192_64_0p5_0p02_0061_0002" 7036
"/Engine/EngineMaterials/Substrate/GLints/dict_16_192_64_0p5_0p02_0061_0001" 7037
"/Engine/EngineMaterials/Substrate/GLints/dict_16_192_64_0p5_0p02_0061_0000" 7038
"/Engine/EngineMaterials/Substrate/GLints/dict_16_192_64_0p5_0p02_0060_0015" 7039
"/Engine/EngineMaterials/Substrate/GLints/dict_16_192_64_0p5_0p02_0060_0014" 7040
"/Engine/EngineMaterials/Substrate/GLints/dict_16_192_64_0p5_0p02_0060_0013" 7041
"../../../Engine/Content/EngineMaterials/Substrate/GLints/AGlintTex2dArray.uasset" 7042
"../../../Engine/Content/EngineMaterials/Substrate/GLints/dict_16_192_64_0p5_0p02_0063_0001.uasset" 7043
"../../../Engine/Content/EngineMaterials/Substrate/GLints/dict_16_192_64_0p5_0p02_0063_0004.uasset" 7044
"../../../Engine/Content/EngineMaterials/Substrate/GLints/dict_16_192_64_0p5_0p02_0063_0003.uasset" 7045
"../../../Engine/Content/EngineMaterials/Substrate/Glints2/dict_0000_0006.uasset" 7046
"../../../Engine/Content/EngineMaterials/Substrate/GLints/dict_16_192_64_0p5_0p02_0063_0006.uasset" 7047
"../../../Engine/Content/EngineMaterials/Substrate/Glints2/dict_0000_0005.uasset" 7048
"../../../Engine/Content/EngineMaterials/Substrate/GLints/dict_16_192_64_0p5_0p02_0063_0014.uasset" 7049
"../../../Engine/Content/EngineMaterials/Substrate/GLints/dict_16_192_64_0p5_0p02_0063_0000.uasset" 7050
"../../../Engine/Content/EngineMaterials/Substrate/GLints/dict_16_192_64_0p5_0p02_0063_0013.uasset" 7051
"../../../Engine/Content/EngineMaterials/Substrate/Glints2/dict_0000_0010.uasset" 7052
"../../../Engine/Content/EngineMaterials/Substrate/GLints/dict_16_192_64_0p5_0p02_0063_0005.uasset" 7053
"../../../Engine/Content/EngineMaterials/Substrate/Glints2/dict_0000_0009.uasset" 7054
"../../../Engine/Content/EngineMaterials/Substrate/Glints2/dict_0000_0011.uasset" 7055
"../../../Engine/Content/EngineMaterials/Substrate/GLints/dict_16_192_64_0p5_0p02_0063_0002.uasset" 7056
"../../../Engine/Content/EngineMaterials/Substrate/GLints/dict_16_192_64_0p5_0p02_0062_0015.uasset" 7057
"../../../Engine/Content/EngineMaterials/Substrate/GLints/dict_16_192_64_0p5_0p02_0063_0012.uasset" 7058
"../../../Engine/Content/EngineMaterials/Substrate/GLints/dict_16_192_64_0p5_0p02_0062_0013.uasset" 7059
"../../../Engine/Content/EngineMaterials/Substrate/GLints/dict_16_192_64_0p5_0p02_0063_0008.uasset" 7060
"../../../Engine/Content/EngineMaterials/Substrate/Glints2/dict_0000_0004.uasset" 7061
"../../../Engine/Content/EngineMaterials/Substrate/Glints2/dict_0000_0003.uasset" 7062
"../../../Engine/Content/EngineMaterials/Substrate/GLints/dict_16_192_64_0p5_0p02_0063_0010.uasset" 7063
"../../../Engine/Content/EngineMaterials/Substrate/GLints/dict_16_192_64_0p5_0p02_0062_0014.uasset" 7064
"../../../Engine/Content/EngineMaterials/Substrate/GLints/dict_16_192_64_0p5_0p02_0063_0015.uasset" 7065
"../../../Engine/Content/EngineMaterials/Substrate/Glints2/dict_0000_0000.uasset" 7066
"../../../Engine/Content/EngineMaterials/Substrate/Glints2/dict_0000_0001.uasset" 7067
"../../../Engine/Content/EngineMaterials/Substrate/Glints2/dict_0000_0002.uasset" 7068
"../../../Engine/Content/EngineMaterials/Substrate/GLints/dict_16_192_64_0p5_0p02_0063_0007.uasset" 7069
"../../../Engine/Content/EngineMaterials/Substrate/GLints/dict_16_192_64_0p5_0p02_0063_0011.uasset" 7070
"../../../Engine/Content/EngineMaterials/Substrate/Glints2/dict_0000_0008.uasset" 7071
"../../../Engine/Content/EngineMaterials/Substrate/Glints2/dict_0000_0007.uasset" 7072
"../../../Engine/Content/EngineMaterials/Substrate/GLints/dict_16_192_64_0p5_0p02_0063_0009.uasset" 7073
"/Engine/EngineMaterials/Substrate/Glints2/dict_0000_0011" 7074
"/Engine/EngineMaterials/Substrate/Glints2/dict_0000_0010" 7075
"/Engine/EngineMaterials/Substrate/Glints2/dict_0000_0009" 7076
"/Engine/EngineMaterials/Substrate/Glints2/dict_0000_0008" 7077
"/Engine/EngineMaterials/Substrate/Glints2/dict_0000_0007" 7078
"/Engine/EngineMaterials/Substrate/Glints2/dict_0000_0006" 7079
"/Engine/EngineMaterials/Substrate/Glints2/dict_0000_0005" 7080
"/Engine/EngineMaterials/Substrate/Glints2/dict_0000_0004" 7081
"/Engine/EngineMaterials/Substrate/Glints2/dict_0000_0003" 7082
"/Engine/EngineMaterials/Substrate/Glints2/dict_0000_0002" 7083
"/Engine/EngineMaterials/Substrate/Glints2/dict_0000_0001" 7084
"/Engine/EngineMaterials/Substrate/Glints2/dict_0000_0000" 7085
"/Engine/EngineMaterials/Substrate/GLints/AGlintTex2dArray" 7086
"../../../Engine/Content/EngineMaterials/Substrate/Glints2/dict_0000_0020.uasset" 7087
"../../../Engine/Content/EngineMaterials/Substrate/Glints2/dict_0000_0013.uasset" 7088
"../../../Engine/Content/EngineMaterials/Substrate/Glints2/dict_0000_0026.uasset" 7089
"../../../Engine/Content/EngineMaterials/Substrate/Glints2/dict_0000_0024.uasset" 7090
"../../../Engine/Content/EngineMaterials/Substrate/Glints2/dict_0000_0036.uasset" 7091
"../../../Engine/Content/EngineMaterials/Substrate/Glints2/dict_0000_0012.uasset" 7092
"../../../Engine/Content/EngineMaterials/Substrate/Glints2/dict_0000_0021.uasset" 7093
"../../../Engine/Content/EngineMaterials/Substrate/Glints2/dict_0000_0016.uasset" 7094
"../../../Engine/Content/EngineMaterials/Substrate/Glints2/dict_0000_0029.uasset" 7095
"../../../Engine/Content/EngineMaterials/Substrate/Glints2/dict_0000_0032.uasset" 7096
"../../../Engine/Content/EngineMaterials/Substrate/Glints2/dict_0000_0035.uasset" 7097
"../../../Engine/Content/EngineMaterials/Substrate/Glints2/dict_0000_0034.uasset" 7098
"../../../Engine/Content/EngineMaterials/Substrate/Glints2/dict_0000_0038.uasset" 7099
"../../../Engine/Content/EngineMaterials/Substrate/Glints2/dict_0000_0030.uasset" 7100
"../../../Engine/Content/EngineMaterials/Substrate/Glints2/dict_0000_0042.uasset" 7101
"../../../Engine/Content/EngineMaterials/Substrate/Glints2/dict_0000_0014.uasset" 7102
"../../../Engine/Content/EngineMaterials/Substrate/Glints2/dict_0000_0039.uasset" 7103
"../../../Engine/Content/EngineMaterials/Substrate/Glints2/dict_0000_0025.uasset" 7104
"../../../Engine/Content/EngineMaterials/Substrate/Glints2/dict_0000_0018.uasset" 7105
"../../../Engine/Content/EngineMaterials/Substrate/Glints2/dict_0000_0019.uasset" 7106
"../../../Engine/Content/EngineMaterials/Substrate/Glints2/dict_0000_0017.uasset" 7107
"../../../Engine/Content/EngineMaterials/Substrate/Glints2/dict_0000_0033.uasset" 7108
"../../../Engine/Content/EngineMaterials/Substrate/Glints2/dict_0000_0027.uasset" 7109
"../../../Engine/Content/EngineMaterials/Substrate/Glints2/dict_0000_0028.uasset" 7110
"../../../Engine/Content/EngineMaterials/Substrate/Glints2/dict_0000_0023.uasset" 7111
"../../../Engine/Content/EngineMaterials/Substrate/Glints2/dict_0000_0022.uasset" 7112
"../../../Engine/Content/EngineMaterials/Substrate/Glints2/dict_0000_0041.uasset" 7113
"../../../Engine/Content/EngineMaterials/Substrate/Glints2/dict_0000_0037.uasset" 7114
"../../../Engine/Content/EngineMaterials/Substrate/Glints2/dict_0000_0040.uasset" 7115
"../../../Engine/Content/EngineMaterials/Substrate/Glints2/dict_0000_0015.uasset" 7116
"../../../Engine/Content/EngineMaterials/Substrate/Glints2/dict_0000_0031.uasset" 7117
"../../../Engine/Content/EngineMaterials/Substrate/Glints2/dict_0000_0043.uasset" 7118
"/Engine/EngineMaterials/Substrate/Glints2/dict_0000_0043" 7119
"/Engine/EngineMaterials/Substrate/Glints2/dict_0000_0042" 7120
"/Engine/EngineMaterials/Substrate/Glints2/dict_0000_0041" 7121
"/Engine/EngineMaterials/Substrate/Glints2/dict_0000_0040" 7122
"/Engine/EngineMaterials/Substrate/Glints2/dict_0000_0039" 7123
"/Engine/EngineMaterials/Substrate/Glints2/dict_0000_0038" 7124
"/Engine/EngineMaterials/Substrate/Glints2/dict_0000_0037" 7125
"/Engine/EngineMaterials/Substrate/Glints2/dict_0000_0036" 7126
"/Engine/EngineMaterials/Substrate/Glints2/dict_0000_0035" 7127
"/Engine/EngineMaterials/Substrate/Glints2/dict_0000_0034" 7128
"/Engine/EngineMaterials/Substrate/Glints2/dict_0000_0033" 7129
"/Engine/EngineMaterials/Substrate/Glints2/dict_0000_0032" 7130
"/Engine/EngineMaterials/Substrate/Glints2/dict_0000_0031" 7131
"/Engine/EngineMaterials/Substrate/Glints2/dict_0000_0030" 7132
"/Engine/EngineMaterials/Substrate/Glints2/dict_0000_0029" 7133
"/Engine/EngineMaterials/Substrate/Glints2/dict_0000_0028" 7134
"/Engine/EngineMaterials/Substrate/Glints2/dict_0000_0027" 7135
"/Engine/EngineMaterials/Substrate/Glints2/dict_0000_0026" 7136
"/Engine/EngineMaterials/Substrate/Glints2/dict_0000_0025" 7137
"/Engine/EngineMaterials/Substrate/Glints2/dict_0000_0024" 7138
"/Engine/EngineMaterials/Substrate/Glints2/dict_0000_0023" 7139
"/Engine/EngineMaterials/Substrate/Glints2/dict_0000_0022" 7140
"/Engine/EngineMaterials/Substrate/Glints2/dict_0000_0021" 7141
"/Engine/EngineMaterials/Substrate/Glints2/dict_0000_0020" 7142
"/Engine/EngineMaterials/Substrate/Glints2/dict_0000_0019" 7143
"/Engine/EngineMaterials/Substrate/Glints2/dict_0000_0018" 7144
"/Engine/EngineMaterials/Substrate/Glints2/dict_0000_0017" 7145
"/Engine/EngineMaterials/Substrate/Glints2/dict_0000_0016" 7146
"/Engine/EngineMaterials/Substrate/Glints2/dict_0000_0015" 7147
"/Engine/EngineMaterials/Substrate/Glints2/dict_0000_0014" 7148
"/Engine/EngineMaterials/Substrate/Glints2/dict_0000_0013" 7149
"/Engine/EngineMaterials/Substrate/Glints2/dict_0000_0012" 7150
"../../../Engine/Content/EngineMaterials/Substrate/Glints2/dict_0000_0045.uasset" 7151
"../../../Engine/Content/EngineMaterials/Substrate/Glints2/dict_0000_0057.uasset" 7152
"../../../Engine/Content/EngineMaterials/Substrate/Glints2/dict_0000_0056.uasset" 7153
"../../../Engine/Content/EngineMaterials/Substrate/Glints2/dict_0000_0064.uasset" 7154
"../../../Engine/Content/EngineMaterials/Substrate/Glints2/dict_0000_0048.uasset" 7155
"../../../Engine/Content/EngineMaterials/Substrate/Glints2/dict_0000_0054.uasset" 7156
"../../../Engine/Content/EngineMaterials/Substrate/Glints2/dict_0000_0060.uasset" 7157
"../../../Engine/Content/EngineMaterials/Substrate/Glints2/dict_0000_0073.uasset" 7158
"../../../Engine/Content/EngineMaterials/Substrate/Glints2/dict_0000_0066.uasset" 7159
"../../../Engine/Content/EngineMaterials/Substrate/Glints2/dict_0000_0072.uasset" 7160
"../../../Engine/Content/EngineMaterials/Substrate/Glints2/dict_0000_0055.uasset" 7161
"../../../Engine/Content/EngineMaterials/Substrate/Glints2/dict_0000_0067.uasset" 7162
"../../../Engine/Content/EngineMaterials/Substrate/Glints2/dict_0000_0075.uasset" 7163
"../../../Engine/Content/EngineMaterials/Substrate/Glints2/dict_0000_0074.uasset" 7164
"../../../Engine/Content/EngineMaterials/Substrate/Glints2/dict_0000_0049.uasset" 7165
"../../../Engine/Content/EngineMaterials/Substrate/Glints2/dict_0000_0053.uasset" 7166
"../../../Engine/Content/EngineMaterials/Substrate/Glints2/dict_0000_0044.uasset" 7167
"../../../Engine/Content/EngineMaterials/Substrate/Glints2/dict_0000_0059.uasset" 7168
"../../../Engine/Content/EngineMaterials/Substrate/Glints2/dict_0000_0071.uasset" 7169
"../../../Engine/Content/EngineMaterials/Substrate/Glints2/dict_0000_0052.uasset" 7170
"../../../Engine/Content/EngineMaterials/Substrate/Glints2/dict_0000_0050.uasset" 7171
"../../../Engine/Content/EngineMaterials/Substrate/Glints2/dict_0000_0058.uasset" 7172
"../../../Engine/Content/EngineMaterials/Substrate/Glints2/dict_0000_0047.uasset" 7173
"../../../Engine/Content/EngineMaterials/Substrate/Glints2/dict_0000_0051.uasset" 7174
"../../../Engine/Content/EngineMaterials/Substrate/Glints2/dict_0000_0046.uasset" 7175
"../../../Engine/Content/EngineMaterials/Substrate/Glints2/dict_0000_0069.uasset" 7176
"../../../Engine/Content/EngineMaterials/Substrate/Glints2/dict_0000_0062.uasset" 7177
"../../../Engine/Content/EngineMaterials/Substrate/Glints2/dict_0000_0063.uasset" 7178
"../../../Engine/Content/EngineMaterials/Substrate/Glints2/dict_0000_0061.uasset" 7179
"../../../Engine/Content/EngineMaterials/Substrate/Glints2/dict_0000_0070.uasset" 7180
"../../../Engine/Content/EngineMaterials/Substrate/Glints2/dict_0000_0065.uasset" 7181
"../../../Engine/Content/EngineMaterials/Substrate/Glints2/dict_0000_0068.uasset" 7182
"/Engine/EngineMaterials/Substrate/Glints2/dict_0000_0075" 7183
"/Engine/EngineMaterials/Substrate/Glints2/dict_0000_0074" 7184
"/Engine/EngineMaterials/Substrate/Glints2/dict_0000_0073" 7185
"/Engine/EngineMaterials/Substrate/Glints2/dict_0000_0072" 7186
"/Engine/EngineMaterials/Substrate/Glints2/dict_0000_0071" 7187
"/Engine/EngineMaterials/Substrate/Glints2/dict_0000_0070" 7188
"/Engine/EngineMaterials/Substrate/Glints2/dict_0000_0069" 7189
"/Engine/EngineMaterials/Substrate/Glints2/dict_0000_0068" 7190
"/Engine/EngineMaterials/Substrate/Glints2/dict_0000_0067" 7191
"/Engine/EngineMaterials/Substrate/Glints2/dict_0000_0066" 7192
"/Engine/EngineMaterials/Substrate/Glints2/dict_0000_0065" 7193
"/Engine/EngineMaterials/Substrate/Glints2/dict_0000_0064" 7194
"/Engine/EngineMaterials/Substrate/Glints2/dict_0000_0063" 7195
"/Engine/EngineMaterials/Substrate/Glints2/dict_0000_0062" 7196
"/Engine/EngineMaterials/Substrate/Glints2/dict_0000_0061" 7197
"/Engine/EngineMaterials/Substrate/Glints2/dict_0000_0060" 7198
"/Engine/EngineMaterials/Substrate/Glints2/dict_0000_0059" 7199
"/Engine/EngineMaterials/Substrate/Glints2/dict_0000_0058" 7200
"/Engine/EngineMaterials/Substrate/Glints2/dict_0000_0057" 7201
"/Engine/EngineMaterials/Substrate/Glints2/dict_0000_0056" 7202
"/Engine/EngineMaterials/Substrate/Glints2/dict_0000_0055" 7203
"/Engine/EngineMaterials/Substrate/Glints2/dict_0000_0054" 7204
"/Engine/EngineMaterials/Substrate/Glints2/dict_0000_0053" 7205
"/Engine/EngineMaterials/Substrate/Glints2/dict_0000_0052" 7206
"/Engine/EngineMaterials/Substrate/Glints2/dict_0000_0051" 7207
"/Engine/EngineMaterials/Substrate/Glints2/dict_0000_0050" 7208
"/Engine/EngineMaterials/Substrate/Glints2/dict_0000_0049" 7209
"/Engine/EngineMaterials/Substrate/Glints2/dict_0000_0048" 7210
"/Engine/EngineMaterials/Substrate/Glints2/dict_0000_0047" 7211
"/Engine/EngineMaterials/Substrate/Glints2/dict_0000_0046" 7212
"/Engine/EngineMaterials/Substrate/Glints2/dict_0000_0045" 7213
"/Engine/EngineMaterials/Substrate/Glints2/dict_0000_0044" 7214
"../../../Engine/Content/EngineMaterials/Substrate/Glints2/dict_0000_0076.uasset" 7215
"../../../Engine/Content/EngineMaterials/Substrate/Glints2/dict_0000_0103.uasset" 7216
"../../../Engine/Content/EngineMaterials/Substrate/Glints2/dict_0000_0080.uasset" 7217
"../../../Engine/Content/EngineMaterials/Substrate/Glints2/dict_0000_0091.uasset" 7218
"../../../Engine/Content/EngineMaterials/Substrate/Glints2/dict_0000_0099.uasset" 7219
"../../../Engine/Content/EngineMaterials/Substrate/Glints2/dict_0000_0093.uasset" 7220
"../../../Engine/Content/EngineMaterials/Substrate/Glints2/dict_0000_0101.uasset" 7221
"../../../Engine/Content/EngineMaterials/Substrate/Glints2/dict_0000_0086.uasset" 7222
"../../../Engine/Content/EngineMaterials/Substrate/Glints2/dict_0000_0100.uasset" 7223
"../../../Engine/Content/EngineMaterials/Substrate/Glints2/dict_0000_0084.uasset" 7224
"../../../Engine/Content/EngineMaterials/Substrate/Glints2/dict_0000_0098.uasset" 7225
"../../../Engine/Content/EngineMaterials/Substrate/Glints2/dict_0000_0087.uasset" 7226
"../../../Engine/Content/EngineMaterials/Substrate/Glints2/dict_0000_0082.uasset" 7227
"../../../Engine/Content/EngineMaterials/Substrate/Glints2/dict_0000_0097.uasset" 7228
"../../../Engine/Content/EngineMaterials/Substrate/Glints2/dict_0000_0090.uasset" 7229
"../../../Engine/Content/EngineMaterials/Substrate/Glints2/dict_0000_0092.uasset" 7230
"../../../Engine/Content/EngineMaterials/Substrate/Glints2/dict_0000_0088.uasset" 7231
"../../../Engine/Content/EngineMaterials/Substrate/Glints2/dict_0000_0104.uasset" 7232
"../../../Engine/Content/EngineMaterials/Substrate/Glints2/dict_0000_0081.uasset" 7233
"../../../Engine/Content/EngineMaterials/Substrate/Glints2/dict_0000_0102.uasset" 7234
"../../../Engine/Content/EngineMaterials/Substrate/Glints2/dict_0000_0094.uasset" 7235
"../../../Engine/Content/EngineMaterials/Substrate/Glints2/dict_0000_0078.uasset" 7236
"../../../Engine/Content/EngineMaterials/Substrate/Glints2/dict_0000_0083.uasset" 7237
"../../../Engine/Content/EngineMaterials/Substrate/Glints2/dict_0000_0096.uasset" 7238
"../../../Engine/Content/EngineMaterials/Substrate/Glints2/dict_0000_0085.uasset" 7239
"../../../Engine/Content/EngineMaterials/Substrate/Glints2/dict_0000_0089.uasset" 7240
"../../../Engine/Content/EngineMaterials/Substrate/Glints2/dict_0000_0079.uasset" 7241
"../../../Engine/Content/EngineMaterials/Substrate/Glints2/dict_0000_0095.uasset" 7242
"../../../Engine/Content/EngineMaterials/Substrate/Glints2/dict_0000_0077.uasset" 7243
"../../../Engine/Content/EngineMaterials/Substrate/Glints2/dict_0000_0107.uasset" 7244
"../../../Engine/Content/EngineMaterials/Substrate/Glints2/dict_0000_0106.uasset" 7245
"../../../Engine/Content/EngineMaterials/Substrate/Glints2/dict_0000_0105.uasset" 7246
"/Engine/EngineMaterials/Substrate/Glints2/dict_0000_0107" 7247
"/Engine/EngineMaterials/Substrate/Glints2/dict_0000_0106" 7248
"/Engine/EngineMaterials/Substrate/Glints2/dict_0000_0105" 7249
"/Engine/EngineMaterials/Substrate/Glints2/dict_0000_0104" 7250
"/Engine/EngineMaterials/Substrate/Glints2/dict_0000_0103" 7251
"/Engine/EngineMaterials/Substrate/Glints2/dict_0000_0102" 7252
"/Engine/EngineMaterials/Substrate/Glints2/dict_0000_0101" 7253
"/Engine/EngineMaterials/Substrate/Glints2/dict_0000_0100" 7254
"/Engine/EngineMaterials/Substrate/Glints2/dict_0000_0099" 7255
"/Engine/EngineMaterials/Substrate/Glints2/dict_0000_0098" 7256
"/Engine/EngineMaterials/Substrate/Glints2/dict_0000_0097" 7257
"/Engine/EngineMaterials/Substrate/Glints2/dict_0000_0096" 7258
"/Engine/EngineMaterials/Substrate/Glints2/dict_0000_0095" 7259
"/Engine/EngineMaterials/Substrate/Glints2/dict_0000_0094" 7260
"/Engine/EngineMaterials/Substrate/Glints2/dict_0000_0093" 7261
"/Engine/EngineMaterials/Substrate/Glints2/dict_0000_0092" 7262
"/Engine/EngineMaterials/Substrate/Glints2/dict_0000_0091" 7263
"/Engine/EngineMaterials/Substrate/Glints2/dict_0000_0090" 7264
"/Engine/EngineMaterials/Substrate/Glints2/dict_0000_0089" 7265
"/Engine/EngineMaterials/Substrate/Glints2/dict_0000_0088" 7266
"/Engine/EngineMaterials/Substrate/Glints2/dict_0000_0087" 7267
"/Engine/EngineMaterials/Substrate/Glints2/dict_0000_0086" 7268
"/Engine/EngineMaterials/Substrate/Glints2/dict_0000_0085" 7269
"/Engine/EngineMaterials/Substrate/Glints2/dict_0000_0084" 7270
"/Engine/EngineMaterials/Substrate/Glints2/dict_0000_0083" 7271
"/Engine/EngineMaterials/Substrate/Glints2/dict_0000_0082" 7272
"/Engine/EngineMaterials/Substrate/Glints2/dict_0000_0081" 7273
"/Engine/EngineMaterials/Substrate/Glints2/dict_0000_0080" 7274
"/Engine/EngineMaterials/Substrate/Glints2/dict_0000_0079" 7275
"/Engine/EngineMaterials/Substrate/Glints2/dict_0000_0078" 7276
"/Engine/EngineMaterials/Substrate/Glints2/dict_0000_0077" 7277
"/Engine/EngineMaterials/Substrate/Glints2/dict_0000_0076" 7278
"../../../Engine/Content/EngineMaterials/Substrate/Glints2/dict_0000_0129.uasset" 7279
"../../../Engine/Content/EngineMaterials/Substrate/Glints2/dict_0000_0128.uasset" 7280
"../../../Engine/Content/EngineMaterials/Substrate/Glints2/dict_0000_0114.uasset" 7281
"../../../Engine/Content/EngineMaterials/Substrate/Glints2/dict_0000_0126.uasset" 7282
"../../../Engine/Content/EngineMaterials/Substrate/Glints2/dict_0000_0130.uasset" 7283
"../../../Engine/Content/EngineMaterials/Substrate/Glints2/dict_0000_0124.uasset" 7284
"../../../Engine/Content/EngineMaterials/Substrate/Glints2/dict_0000_0109.uasset" 7285
"../../../Engine/Content/EngineMaterials/Substrate/Glints2/dict_0000_0113.uasset" 7286
"../../../Engine/Content/EngineMaterials/Substrate/Glints2/dict_0000_0112.uasset" 7287
"../../../Engine/Content/EngineMaterials/Substrate/Glints2/dict_0000_0136.uasset" 7288
"../../../Engine/Content/EngineMaterials/Substrate/Glints2/dict_0000_0119.uasset" 7289
"../../../Engine/Content/EngineMaterials/Substrate/Glints2/dict_0000_0123.uasset" 7290
"../../../Engine/Content/EngineMaterials/Substrate/Glints2/dict_0000_0127.uasset" 7291
"../../../Engine/Content/EngineMaterials/Substrate/Glints2/dict_0000_0135.uasset" 7292
"../../../Engine/Content/EngineMaterials/Substrate/Glints2/dict_0000_0115.uasset" 7293
"../../../Engine/Content/EngineMaterials/Substrate/Glints2/dict_0000_0111.uasset" 7294
"../../../Engine/Content/EngineMaterials/Substrate/Glints2/dict_0000_0132.uasset" 7295
"../../../Engine/Content/EngineMaterials/Substrate/Glints2/dict_0000_0120.uasset" 7296
"../../../Engine/Content/EngineMaterials/Substrate/Glints2/dict_0000_0121.uasset" 7297
"../../../Engine/Content/EngineMaterials/Substrate/Glints2/dict_0000_0108.uasset" 7298
"../../../Engine/Content/EngineMaterials/Substrate/Glints2/dict_0000_0137.uasset" 7299
"../../../Engine/Content/EngineMaterials/Substrate/Glints2/dict_0000_0134.uasset" 7300
"../../../Engine/Content/EngineMaterials/Substrate/Glints2/dict_0000_0117.uasset" 7301
"../../../Engine/Content/EngineMaterials/Substrate/Glints2/dict_0000_0110.uasset" 7302
"../../../Engine/Content/EngineMaterials/Substrate/Glints2/dict_0000_0125.uasset" 7303
"../../../Engine/Content/EngineMaterials/Substrate/Glints2/dict_0000_0118.uasset" 7304
"../../../Engine/Content/EngineMaterials/Substrate/Glints2/dict_0000_0122.uasset" 7305
"../../../Engine/Content/EngineMaterials/Substrate/Glints2/dict_0000_0116.uasset" 7306
"../../../Engine/Content/EngineMaterials/Substrate/Glints2/dict_0000_0133.uasset" 7307
"../../../Engine/Content/EngineMaterials/Substrate/Glints2/dict_0000_0139.uasset" 7308
"../../../Engine/Content/EngineMaterials/Substrate/Glints2/dict_0000_0138.uasset" 7309
"../../../Engine/Content/EngineMaterials/Substrate/Glints2/dict_0000_0131.uasset" 7310
"/Engine/EngineMaterials/Substrate/Glints2/dict_0000_0139" 7311
"/Engine/EngineMaterials/Substrate/Glints2/dict_0000_0138" 7312
"/Engine/EngineMaterials/Substrate/Glints2/dict_0000_0137" 7313
"/Engine/EngineMaterials/Substrate/Glints2/dict_0000_0136" 7314
"/Engine/EngineMaterials/Substrate/Glints2/dict_0000_0135" 7315
"/Engine/EngineMaterials/Substrate/Glints2/dict_0000_0134" 7316
"/Engine/EngineMaterials/Substrate/Glints2/dict_0000_0133" 7317
"/Engine/EngineMaterials/Substrate/Glints2/dict_0000_0132" 7318
"/Engine/EngineMaterials/Substrate/Glints2/dict_0000_0131" 7319
"/Engine/EngineMaterials/Substrate/Glints2/dict_0000_0130" 7320
"/Engine/EngineMaterials/Substrate/Glints2/dict_0000_0129" 7321
"/Engine/EngineMaterials/Substrate/Glints2/dict_0000_0128" 7322
"/Engine/EngineMaterials/Substrate/Glints2/dict_0000_0127" 7323
"/Engine/EngineMaterials/Substrate/Glints2/dict_0000_0126" 7324
"/Engine/EngineMaterials/Substrate/Glints2/dict_0000_0125" 7325
"/Engine/EngineMaterials/Substrate/Glints2/dict_0000_0124" 7326
"/Engine/EngineMaterials/Substrate/Glints2/dict_0000_0123" 7327
"/Engine/EngineMaterials/Substrate/Glints2/dict_0000_0122" 7328
"/Engine/EngineMaterials/Substrate/Glints2/dict_0000_0121" 7329
"/Engine/EngineMaterials/Substrate/Glints2/dict_0000_0120" 7330
"/Engine/EngineMaterials/Substrate/Glints2/dict_0000_0119" 7331
"/Engine/EngineMaterials/Substrate/Glints2/dict_0000_0118" 7332
"/Engine/EngineMaterials/Substrate/Glints2/dict_0000_0117" 7333
"/Engine/EngineMaterials/Substrate/Glints2/dict_0000_0116" 7334
"/Engine/EngineMaterials/Substrate/Glints2/dict_0000_0115" 7335
"/Engine/EngineMaterials/Substrate/Glints2/dict_0000_0114" 7336
"/Engine/EngineMaterials/Substrate/Glints2/dict_0000_0113" 7337
"/Engine/EngineMaterials/Substrate/Glints2/dict_0000_0112" 7338
"/Engine/EngineMaterials/Substrate/Glints2/dict_0000_0111" 7339
"/Engine/EngineMaterials/Substrate/Glints2/dict_0000_0110" 7340
"/Engine/EngineMaterials/Substrate/Glints2/dict_0000_0109" 7341
"/Engine/EngineMaterials/Substrate/Glints2/dict_0000_0108" 7342
"../../../Engine/Content/EngineMaterials/Substrate/Glints2/dict_0000_0148.uasset" 7343
"../../../Engine/Content/EngineMaterials/Substrate/Glints2/dict_0000_0144.uasset" 7344
"../../../Engine/Content/EngineMaterials/Substrate/Glints2/dict_0000_0154.uasset" 7345
"../../../Engine/Content/EngineMaterials/Substrate/Glints2/dict_0000_0151.uasset" 7346
"../../../Engine/Content/EngineMaterials/Substrate/Glints2/dict_0000_0156.uasset" 7347
"../../../Engine/Content/EngineMaterials/Substrate/Glints2/dict_0000_0147.uasset" 7348
"../../../Engine/Content/EngineMaterials/Substrate/Glints2/dict_0000_0158.uasset" 7349
"../../../Engine/Content/EngineMaterials/Substrate/Glints2/dict_0000_0153.uasset" 7350
"../../../Engine/Content/EngineMaterials/Substrate/Glints2/dict_0000_0163.uasset" 7351
"../../../Engine/Content/EngineMaterials/Substrate/Glints2/dict_0000_0170.uasset" 7352
"../../../Engine/Content/EngineMaterials/Substrate/Glints2/dict_0000_0168.uasset" 7353
"../../../Engine/Content/EngineMaterials/Substrate/Glints2/dict_0000_0171.uasset" 7354
"/Engine/EngineMaterials/Substrate/Glints2/dict_0000_0171" 7355
"/Engine/EngineMaterials/Substrate/Glints2/dict_0000_0170" 7356
"/Engine/EngineMaterials/Substrate/Glints2/dict_0000_0168" 7357
"/Engine/EngineMaterials/Substrate/Glints2/dict_0000_0163" 7358
"/Engine/EngineMaterials/Substrate/Glints2/dict_0000_0158" 7359
"/Engine/EngineMaterials/Substrate/Glints2/dict_0000_0156" 7360
"/Engine/EngineMaterials/Substrate/Glints2/dict_0000_0154" 7361
"../../../Engine/Content/EngineMaterials/Substrate/Glints2/dict_0000_0166.uasset" 7362
"../../../Engine/Content/EngineMaterials/Substrate/Glints2/dict_0000_0152.uasset" 7363
"../../../Engine/Content/EngineMaterials/Substrate/Glints2/dict_0000_0145.uasset" 7364
"/Engine/EngineMaterials/Substrate/Glints2/dict_0000_0153" 7365
"../../../Engine/Content/EngineMaterials/Substrate/Glints2/dict_0000_0160.uasset" 7366
"../../../Engine/Content/EngineMaterials/Substrate/Glints2/dict_0000_0146.uasset" 7367
"/Engine/EngineMaterials/Substrate/Glints2/dict_0000_0151" 7368
"/Engine/EngineMaterials/Substrate/Glints2/dict_0000_0148" 7369
"../../../Engine/Content/EngineMaterials/Substrate/Glints2/dict_0000_0143.uasset" 7370
"../../../Engine/Content/EngineMaterials/Substrate/Glints2/dict_0000_0149.uasset" 7371
"../../../Engine/Content/EngineMaterials/Substrate/Glints2/dict_0000_0157.uasset" 7372
"../../../Engine/Content/EngineMaterials/Substrate/Glints2/dict_0000_0161.uasset" 7373
"../../../Engine/Content/EngineMaterials/Substrate/Glints2/dict_0000_0140.uasset" 7374
"../../../Engine/Content/EngineMaterials/Substrate/Glints2/dict_0000_0162.uasset" 7375
"../../../Engine/Content/EngineMaterials/Substrate/Glints2/dict_0000_0165.uasset" 7376
"../../../Engine/Content/EngineMaterials/Substrate/Glints2/dict_0000_0142.uasset" 7377
"/Engine/EngineMaterials/Substrate/Glints2/dict_0000_0147" 7378
"../../../Engine/Content/EngineMaterials/Substrate/Glints2/dict_0000_0159.uasset" 7379
"../../../Engine/Content/EngineMaterials/Substrate/Glints2/dict_0000_0167.uasset" 7380
"../../../Engine/Content/EngineMaterials/Substrate/Glints2/dict_0000_0150.uasset" 7381
"../../../Engine/Content/EngineMaterials/Substrate/Glints2/dict_0000_0164.uasset" 7382
"/Engine/EngineMaterials/Substrate/Glints2/dict_0000_0144" 7383
"../../../Engine/Content/EngineMaterials/Substrate/Glints2/dict_0000_0155.uasset" 7384
"../../../Engine/Content/EngineMaterials/Substrate/Glints2/dict_0000_0141.uasset" 7385
"../../../Engine/Content/EngineMaterials/Substrate/Glints2/dict_0000_0169.uasset" 7386
"/Engine/EngineMaterials/Substrate/Glints2/dict_0000_0167" 7387
"/Engine/EngineMaterials/Substrate/Glints2/dict_0000_0166" 7388
"/Engine/EngineMaterials/Substrate/Glints2/dict_0000_0165" 7389
"/Engine/EngineMaterials/Substrate/Glints2/dict_0000_0164" 7390
"../../../Engine/Content/EngineMaterials/Substrate/Glints2/dict_0000_0175.uasset" 7391
"../../../Engine/Content/EngineMaterials/Substrate/Glints2/dict_0000_0179.uasset" 7392
"../../../Engine/Content/EngineMaterials/Substrate/Glints2/dict_0000_0173.uasset" 7393
"../../../Engine/Content/EngineMaterials/Substrate/Glints2/dict_0000_0178.uasset" 7394
"/Engine/EngineMaterials/Substrate/Glints2/dict_0000_0162" 7395
"/Engine/EngineMaterials/Substrate/Glints2/dict_0000_0161" 7396
"/Engine/EngineMaterials/Substrate/Glints2/dict_0000_0160" 7397
"/Engine/EngineMaterials/Substrate/Glints2/dict_0000_0159" 7398
"/Engine/EngineMaterials/Substrate/Glints2/dict_0000_0157" 7399
"/Engine/EngineMaterials/Substrate/Glints2/dict_0000_0155" 7400
"/Engine/EngineMaterials/Substrate/Glints2/dict_0000_0152" 7401
"/Engine/EngineMaterials/Substrate/Glints2/dict_0000_0150" 7402
"/Engine/EngineMaterials/Substrate/Glints2/dict_0000_0149" 7403
"/Engine/EngineMaterials/Substrate/Glints2/dict_0000_0146" 7404
"/Engine/EngineMaterials/Substrate/Glints2/dict_0000_0145" 7405
"/Engine/EngineMaterials/Substrate/Glints2/dict_0000_0143" 7406
"/Engine/EngineMaterials/Substrate/Glints2/dict_0000_0142" 7407
"../../../Engine/Content/EngineMaterials/Substrate/Glints2/dict_0000_0176.uasset" 7408
"../../../Engine/Content/EngineMaterials/Substrate/Glints2/dict_0000_0172.uasset" 7409
"../../../Engine/Content/EngineMaterials/Substrate/Glints2/dict_0000_0180.uasset" 7410
"../../../Engine/Content/EngineMaterials/Substrate/Glints2/dict_0000_0181.uasset" 7411
"/Engine/EngineMaterials/Substrate/Glints2/dict_0000_0141" 7412
"../../../Engine/Content/EngineMaterials/Substrate/Glints2/dict_0000_0177.uasset" 7413
"../../../Engine/Content/EngineMaterials/Substrate/Glints2/dict_0000_0183.uasset" 7414
"/Engine/EngineMaterials/Substrate/Glints2/dict_0000_0140" 7415
"../../../Engine/Content/EngineMaterials/Substrate/Glints2/dict_0000_0182.uasset" 7416
"../../../Engine/Content/EngineMaterials/Substrate/Glints2/dict_0000_0174.uasset" 7417
"/Engine/EngineMaterials/Substrate/Glints2/dict_0000_0183" 7418
"/Engine/EngineMaterials/Substrate/Glints2/dict_0000_0182" 7419
"/Engine/EngineMaterials/Substrate/Glints2/dict_0000_0169" 7420
"/Engine/EngineMaterials/Substrate/Glints2/dict_0000_0181" 7421
"../../../Engine/Content/EngineMaterials/Substrate/Glints2/dict_0000_0197.uasset" 7422
"../../../Engine/Content/EngineMaterials/Substrate/Glints2/dict_0000_0187.uasset" 7423
"/Engine/EngineMaterials/Substrate/Glints2/dict_0000_0180" 7424
"/Engine/EngineMaterials/Substrate/Glints2/dict_0000_0179" 7425
"../../../Engine/Content/EngineMaterials/Substrate/Glints2/dict_0000_0200.uasset" 7426
"../../../Engine/Content/EngineMaterials/Substrate/Glints2/dict_0000_0185.uasset" 7427
"/Engine/EngineMaterials/Substrate/Glints2/dict_0000_0178" 7428
"/Engine/EngineMaterials/Substrate/Glints2/dict_0000_0177" 7429
"/Engine/EngineMaterials/Substrate/Glints2/dict_0000_0176" 7430
"/Engine/EngineMaterials/Substrate/Glints2/dict_0000_0175" 7431
"/Engine/EngineMaterials/Substrate/Glints2/dict_0000_0173" 7432
"/Engine/EngineMaterials/Substrate/Glints2/dict_0000_0172" 7433
"/Engine/EngineMaterials/Substrate/Glints2/dict_0000_0200" 7434
"/Engine/EngineMaterials/Substrate/Glints2/dict_0000_0197" 7435
"/Engine/EngineMaterials/Substrate/Glints2/dict_0000_0174" 7436
"/Engine/EngineMaterials/Substrate/Glints2/dict_0000_0187" 7437
"../../../Engine/Content/EngineMaterials/Substrate/Glints2/dict_0000_0201.uasset" 7438
"../../../Engine/Content/EngineMaterials/Substrate/Glints2/dict_0000_0193.uasset" 7439
"../../../Engine/Content/EngineMaterials/Substrate/Glints2/dict_0000_0211.uasset" 7440
"../../../Engine/Content/EngineMaterials/Substrate/Glints2/dict_0000_0209.uasset" 7441
"../../../Engine/Content/EngineMaterials/Substrate/Glints2/dict_0000_0212.uasset" 7442
"/Engine/EngineMaterials/Substrate/Glints2/dict_0000_0185" 7443
"../../../Engine/Content/EngineMaterials/Substrate/Glints2/dict_0000_0199.uasset" 7444
"../../../Engine/Content/EngineMaterials/Substrate/Glints2/dict_0000_0208.uasset" 7445
"../../../Engine/Content/EngineMaterials/Substrate/Glints2/dict_0000_0192.uasset" 7446
"../../../Engine/Content/EngineMaterials/Substrate/Glints2/dict_0000_0205.uasset" 7447
"../../../Engine/Content/EngineMaterials/Substrate/Glints2/dict_0000_0190.uasset" 7448
"../../../Engine/Content/EngineMaterials/Substrate/Glints2/dict_0000_0189.uasset" 7449
"../../../Engine/Content/EngineMaterials/Substrate/Glints2/dict_0000_0191.uasset" 7450
"/Engine/EngineMaterials/Substrate/Glints2/dict_0000_0212" 7451
"../../../Engine/Content/EngineMaterials/Substrate/Glints2/dict_0000_0214.uasset" 7452
"../../../Engine/Content/EngineMaterials/Substrate/Glints2/dict_0000_0207.uasset" 7453
"../../../Engine/Content/EngineMaterials/Substrate/Glints2/dict_0000_0196.uasset" 7454
"/Engine/EngineMaterials/Substrate/Glints2/dict_0000_0211" 7455
"../../../Engine/Content/EngineMaterials/Substrate/Glints2/dict_0000_0202.uasset" 7456
"../../../Engine/Content/EngineMaterials/Substrate/Glints2/dict_0000_0188.uasset" 7457
"/Engine/EngineMaterials/Substrate/Glints2/dict_0000_0201" 7458
"../../../Engine/Content/EngineMaterials/Substrate/Glints2/dict_0000_0194.uasset" 7459
"../../../Engine/Content/EngineMaterials/Substrate/Glints2/dict_0000_0198.uasset" 7460
"/Engine/EngineMaterials/Substrate/Glints2/dict_0000_0199" 7461
"../../../Engine/Content/EngineMaterials/Substrate/Glints2/dict_0000_0217.uasset" 7462
"../../../Engine/Content/EngineMaterials/Substrate/Glints2/dict_0000_0195.uasset" 7463
"../../../Engine/Content/EngineMaterials/Substrate/Glints2/dict_0000_0186.uasset" 7464
"../../../Engine/Content/EngineMaterials/Substrate/Glints2/dict_0000_0218.uasset" 7465
"/Engine/EngineMaterials/Substrate/Glints2/dict_0000_0209" 7466
"../../../Engine/Content/EngineMaterials/Substrate/Glints2/dict_0000_0184.uasset" 7467
"/Engine/EngineMaterials/Substrate/Glints2/dict_0000_0208" 7468
"/Engine/EngineMaterials/Substrate/Glints2/dict_0000_0193" 7469
"/Engine/EngineMaterials/Substrate/Glints2/dict_0000_0192" 7470
"/Engine/EngineMaterials/Substrate/Glints2/dict_0000_0205" 7471
"/Engine/EngineMaterials/Substrate/Glints2/dict_0000_0190" 7472
"../../../Engine/Content/EngineMaterials/Substrate/Glints2/dict_0000_0206.uasset" 7473
"../../../Engine/Content/EngineMaterials/Substrate/Glints2/dict_0000_0213.uasset" 7474
"../../../Engine/Content/EngineMaterials/Substrate/Glints2/dict_0000_0210.uasset" 7475
"../../../Engine/Content/EngineMaterials/Substrate/Glints2/dict_0000_0203.uasset" 7476
"/Engine/EngineMaterials/Substrate/Glints2/dict_0000_0214" 7477
"/Engine/EngineMaterials/Substrate/Glints2/dict_0000_0202" 7478
"../../../Engine/Content/EngineMaterials/Substrate/Glints2/dict_0000_0204.uasset" 7479
"/Engine/EngineMaterials/Substrate/Glints2/dict_0000_0198" 7480
"/Engine/EngineMaterials/Substrate/Glints2/dict_0000_0218" 7481
"../../../Engine/Content/EngineMaterials/Substrate/Glints2/dict_0000_0222.uasset" 7482
"../../../Engine/Content/EngineMaterials/Substrate/Glints2/dict_0000_0226.uasset" 7483
"../../../Engine/Content/EngineMaterials/Substrate/Glints2/dict_0000_0228.uasset" 7484
"../../../Engine/Content/EngineMaterials/Substrate/Glints2/dict_0000_0227.uasset" 7485
"/Engine/EngineMaterials/Substrate/Glints2/dict_0000_0196" 7486
"/Engine/EngineMaterials/Substrate/Glints2/dict_0000_0195" 7487
"/Engine/EngineMaterials/Substrate/Glints2/dict_0000_0194" 7488
"../../../Engine/Content/EngineMaterials/Substrate/Glints2/dict_0000_0219.uasset" 7489
"../../../Engine/Content/EngineMaterials/Substrate/Glints2/dict_0000_0215.uasset" 7490
"/Engine/EngineMaterials/Substrate/Glints2/dict_0000_0207" 7491
"../../../Engine/Content/EngineMaterials/Substrate/Glints2/dict_0000_0216.uasset" 7492
"/Engine/EngineMaterials/Substrate/Glints2/dict_0000_0206" 7493
"/Engine/EngineMaterials/Substrate/Glints2/dict_0000_0191" 7494
"/Engine/EngineMaterials/Substrate/Glints2/dict_0000_0217" 7495
"/Engine/EngineMaterials/Substrate/Glints2/dict_0000_0189" 7496
"/Engine/EngineMaterials/Substrate/Glints2/dict_0000_0188" 7497
"/Engine/EngineMaterials/Substrate/Glints2/dict_0000_0186" 7498
"/Engine/EngineMaterials/Substrate/Glints2/dict_0000_0184" 7499
"/Engine/EngineMaterials/Substrate/Glints2/dict_0000_0213" 7500
"../../../Engine/Content/EngineMaterials/Substrate/Glints2/dict_0000_0223.uasset" 7501
"../../../Engine/Content/EngineMaterials/Substrate/Glints2/dict_0000_0220.uasset" 7502
"/Engine/EngineMaterials/Substrate/Glints2/dict_0000_0228" 7503
"../../../Engine/Content/EngineMaterials/Substrate/Glints2/dict_0000_0224.uasset" 7504
"/Engine/EngineMaterials/Substrate/Glints2/dict_0000_0227" 7505
"../../../Engine/Content/EngineMaterials/Substrate/Glints2/dict_0000_0221.uasset" 7506
"../../../Engine/Content/EngineMaterials/Substrate/Glints2/dict_0000_0229.uasset" 7507
"../../../Engine/Content/EngineMaterials/Substrate/Glints2/dict_0000_0225.uasset" 7508
"/Engine/EngineMaterials/Substrate/Glints2/dict_0000_0219" 7509
"../../../Engine/Content/EngineMaterials/Substrate/Glints2/dict_0000_0241.uasset" 7510
"/Engine/EngineMaterials/Substrate/Glints2/dict_0000_0226" 7511
"../../../Engine/Content/EngineMaterials/Substrate/Glints2/dict_0000_0240.uasset" 7512
"../../../Engine/Content/EngineMaterials/Substrate/Glints2/dict_0000_0244.uasset" 7513
"../../../Engine/Content/EngineMaterials/Substrate/Glints2/dict_0000_0242.uasset" 7514
"../../../Engine/Content/EngineMaterials/Substrate/Glints2/dict_0000_0232.uasset" 7515
"/Engine/EngineMaterials/Substrate/Glints2/dict_0000_0210" 7516
"/Engine/EngineMaterials/Substrate/Glints2/dict_0000_0222" 7517
"/Engine/EngineMaterials/Substrate/Glints2/dict_0000_0204" 7518
"/Engine/EngineMaterials/Substrate/Glints2/dict_0000_0203" 7519
"/Engine/EngineMaterials/Substrate/Glints2/dict_0000_0216" 7520
"/Engine/EngineMaterials/Substrate/Glints2/dict_0000_0215" 7521
"/Engine/EngineMaterials/Substrate/Glints2/dict_0000_0244" 7522
"/Engine/EngineMaterials/Substrate/Glints2/dict_0000_0229" 7523
"/Engine/EngineMaterials/Substrate/Glints2/dict_0000_0242" 7524
"/Engine/EngineMaterials/Substrate/Glints2/dict_0000_0241" 7525
"/Engine/EngineMaterials/Substrate/Glints2/dict_0000_0240" 7526
"../../../Engine/Content/EngineMaterials/Substrate/Glints2/dict_0000_0250.uasset" 7527
"../../../Engine/Content/EngineMaterials/Substrate/Glints2/dict_0000_0252.uasset" 7528
"../../../Engine/Content/EngineMaterials/Substrate/Glints2/dict_0000_0249.uasset" 7529
"/Engine/EngineMaterials/Substrate/Glints2/dict_0000_0225" 7530
"/Engine/EngineMaterials/Substrate/Glints2/dict_0000_0224" 7531
"../../../Engine/Content/EngineMaterials/Substrate/Glints2/dict_0000_0235.uasset" 7532
"../../../Engine/Content/EngineMaterials/Substrate/Glints2/dict_0000_0236.uasset" 7533
"../../../Engine/Content/EngineMaterials/Substrate/Glints2/dict_0000_0234.uasset" 7534
"/Engine/EngineMaterials/Substrate/Glints2/dict_0000_0223" 7535
"../../../Engine/Content/EngineMaterials/Substrate/Glints2/dict_0000_0230.uasset" 7536
"../../../Engine/Content/EngineMaterials/Substrate/Glints2/dict_0000_0237.uasset" 7537
"/Engine/EngineMaterials/Substrate/Glints2/dict_0000_0221" 7538
"../../../Engine/Content/EngineMaterials/Substrate/Glints2/dict_0000_0233.uasset" 7539
"../../../Engine/Content/EngineMaterials/Substrate/Glints2/dict_0000_0243.uasset" 7540
"../../../Engine/Content/EngineMaterials/Substrate/Glints2/dict_0000_0238.uasset" 7541
"../../../Engine/Content/EngineMaterials/Substrate/Glints2/dict_0000_0231.uasset" 7542
"/Engine/EngineMaterials/Substrate/Glints2/dict_0000_0220" 7543
"../../../Engine/Content/EngineMaterials/Substrate/Glints2/dict_0000_0239.uasset" 7544
"/Engine/EngineMaterials/Substrate/Glints2/dict_0000_0232" 7545
"/Engine/EngineMaterials/Substrate/Glints2/dict_0000_0243" 7546
"/Engine/EngineMaterials/Substrate/Glints2/dict_0000_0252" 7547
"/Engine/EngineMaterials/Substrate/Glints2/dict_0000_0250" 7548
"/Engine/EngineMaterials/Substrate/Glints2/dict_0000_0239" 7549
"/Engine/EngineMaterials/Substrate/Glints2/dict_0000_0238" 7550
"../../../Engine/Content/EngineMaterials/Substrate/Glints2/dict_0001_0006.uasset" 7551
"../../../Engine/Content/EngineMaterials/Substrate/Glints2/dict_0001_0005.uasset" 7552
"/Engine/EngineMaterials/Substrate/Glints2/dict_0000_0237" 7553
"/Engine/EngineMaterials/Substrate/Glints2/dict_0000_0236" 7554
"../../../Engine/Content/EngineMaterials/Substrate/Glints2/dict_0000_0246.uasset" 7555
"../../../Engine/Content/EngineMaterials/Substrate/Glints2/dict_0000_0251.uasset" 7556
"../../../Engine/Content/EngineMaterials/Substrate/Glints2/dict_0000_0253.uasset" 7557
"/Engine/EngineMaterials/Substrate/Glints2/dict_0000_0249" 7558
"../../../Engine/Content/EngineMaterials/Substrate/Glints2/dict_0000_0255.uasset" 7559
"/Engine/EngineMaterials/Substrate/Glints2/dict_0000_0235" 7560
"../../../Engine/Content/EngineMaterials/Substrate/Glints2/dict_0000_0247.uasset" 7561
"../../../Engine/Content/EngineMaterials/Substrate/Glints2/dict_0000_0245.uasset" 7562
"../../../Engine/Content/EngineMaterials/Substrate/Glints2/dict_0000_0254.uasset" 7563
"../../../Engine/Content/EngineMaterials/Substrate/Glints2/dict_0000_0248.uasset" 7564
"/Engine/EngineMaterials/Substrate/Glints2/dict_0000_0234" 7565
"/Engine/EngineMaterials/Substrate/Glints2/dict_0000_0233" 7566
"/Engine/EngineMaterials/Substrate/Glints2/dict_0000_0231" 7567
"/Engine/EngineMaterials/Substrate/Glints2/dict_0000_0230" 7568
"/Engine/EngineMaterials/Substrate/Glints2/dict_0000_0255" 7569
"/Engine/EngineMaterials/Substrate/Glints2/dict_0000_0254" 7570
"/Engine/EngineMaterials/Substrate/Glints2/dict_0000_0253" 7571
"/Engine/EngineMaterials/Substrate/Glints2/dict_0000_0251" 7572
"../../../Engine/Content/EngineMaterials/Substrate/Glints2/dict_0001_0004.uasset" 7573
"../../../Engine/Content/EngineMaterials/Substrate/Glints2/dict_0001_0007.uasset" 7574
"../../../Engine/Content/EngineMaterials/Substrate/Glints2/dict_0001_0016.uasset" 7575
"../../../Engine/Content/EngineMaterials/Substrate/Glints2/dict_0001_0023.uasset" 7576
"../../../Engine/Content/EngineMaterials/Substrate/Glints2/dict_0001_0003.uasset" 7577
"../../../Engine/Content/EngineMaterials/Substrate/Glints2/dict_0001_0022.uasset" 7578
"/Engine/EngineMaterials/Substrate/Glints2/dict_0001_0006" 7579
"../../../Engine/Content/EngineMaterials/Substrate/Glints2/dict_0001_0008.uasset" 7580
"../../../Engine/Content/EngineMaterials/Substrate/Glints2/dict_0001_0018.uasset" 7581
"../../../Engine/Content/EngineMaterials/Substrate/Glints2/dict_0001_0014.uasset" 7582
"../../../Engine/Content/EngineMaterials/Substrate/Glints2/dict_0001_0002.uasset" 7583
"/Engine/EngineMaterials/Substrate/Glints2/dict_0001_0005" 7584
"../../../Engine/Content/EngineMaterials/Substrate/Glints2/dict_0001_0000.uasset" 7585
"../../../Engine/Content/EngineMaterials/Substrate/Glints2/dict_0001_0001.uasset" 7586
"../../../Engine/Content/EngineMaterials/Substrate/Glints2/dict_0001_0010.uasset" 7587
"/Engine/EngineMaterials/Substrate/Glints2/dict_0000_0248" 7588
"../../../Engine/Content/EngineMaterials/Substrate/Glints2/dict_0001_0009.uasset" 7589
"/Engine/EngineMaterials/Substrate/Glints2/dict_0000_0247" 7590
"/Engine/EngineMaterials/Substrate/Glints2/dict_0000_0246" 7591
"/Engine/EngineMaterials/Substrate/Glints2/dict_0000_0245" 7592
"/Engine/EngineMaterials/Substrate/Glints2/dict_0001_0010" 7593
"/Engine/EngineMaterials/Substrate/Glints2/dict_0001_0009" 7594
"/Engine/EngineMaterials/Substrate/Glints2/dict_0001_0023" 7595
"/Engine/EngineMaterials/Substrate/Glints2/dict_0001_0022" 7596
"../../../Engine/Content/EngineMaterials/Substrate/Glints2/dict_0001_0028.uasset" 7597
"../../../Engine/Content/EngineMaterials/Substrate/Glints2/dict_0001_0025.uasset" 7598
"../../../Engine/Content/EngineMaterials/Substrate/Glints2/dict_0001_0024.uasset" 7599
"/Engine/EngineMaterials/Substrate/Glints2/dict_0001_0008" 7600
"../../../Engine/Content/EngineMaterials/Substrate/Glints2/dict_0001_0026.uasset" 7601
"../../../Engine/Content/EngineMaterials/Substrate/Glints2/dict_0001_0029.uasset" 7602
"/Engine/EngineMaterials/Substrate/Glints2/dict_0001_0007" 7603
"../../../Engine/Content/EngineMaterials/Substrate/Glints2/dict_0001_0021.uasset" 7604
"../../../Engine/Content/EngineMaterials/Substrate/Glints2/dict_0001_0015.uasset" 7605
"../../../Engine/Content/EngineMaterials/Substrate/Glints2/dict_0001_0020.uasset" 7606
"/Engine/EngineMaterials/Substrate/Glints2/dict_0001_0004" 7607
"../../../Engine/Content/EngineMaterials/Substrate/Glints2/dict_0001_0012.uasset" 7608
"../../../Engine/Content/EngineMaterials/Substrate/Glints2/dict_0001_0017.uasset" 7609
"/Engine/EngineMaterials/Substrate/Glints2/dict_0001_0003" 7610
"../../../Engine/Content/EngineMaterials/Substrate/Glints2/dict_0001_0013.uasset" 7611
"../../../Engine/Content/EngineMaterials/Substrate/Glints2/dict_0001_0019.uasset" 7612
"../../../Engine/Content/EngineMaterials/Substrate/Glints2/dict_0001_0011.uasset" 7613
"/Engine/EngineMaterials/Substrate/Glints2/dict_0001_0018" 7614
"/Engine/EngineMaterials/Substrate/Glints2/dict_0001_0016" 7615
"/Engine/EngineMaterials/Substrate/Glints2/dict_0001_0002" 7616
"/Engine/EngineMaterials/Substrate/Glints2/dict_0001_0001" 7617
"/Engine/EngineMaterials/Substrate/Glints2/dict_0001_0014" 7618
"/Engine/EngineMaterials/Substrate/Glints2/dict_0001_0000" 7619
"../../../Engine/Content/EngineMaterials/Substrate/Glints2/dict_0001_0033.uasset" 7620
"../../../Engine/Content/EngineMaterials/Substrate/Glints2/dict_0001_0032.uasset" 7621
"/Engine/EngineMaterials/Substrate/Glints2/dict_0001_0033" 7622
"../../../Engine/Content/EngineMaterials/Substrate/Glints2/dict_0001_0030.uasset" 7623
"/Engine/EngineMaterials/Substrate/Glints2/dict_0001_0032" 7624
"../../../Engine/Content/EngineMaterials/Substrate/Glints2/dict_0001_0031.uasset" 7625
"../../../Engine/Content/EngineMaterials/Substrate/Glints2/dict_0001_0027.uasset" 7626
"/Engine/EngineMaterials/Substrate/Glints2/dict_0001_0021" 7627
"/Engine/EngineMaterials/Substrate/Glints2/dict_0001_0029" 7628
"/Engine/EngineMaterials/Substrate/Glints2/dict_0001_0020" 7629
"/Engine/EngineMaterials/Substrate/Glints2/dict_0001_0028" 7630
"../../../Engine/Content/EngineMaterials/Substrate/Glints2/dict_0001_0037.uasset" 7631
"../../../Engine/Content/EngineMaterials/Substrate/Glints2/dict_0001_0045.uasset" 7632
"../../../Engine/Content/EngineMaterials/Substrate/Glints2/dict_0001_0040.uasset" 7633
"/Engine/EngineMaterials/Substrate/Glints2/dict_0001_0019" 7634
"../../../Engine/Content/EngineMaterials/Substrate/Glints2/dict_0001_0042.uasset" 7635
"/Engine/EngineMaterials/Substrate/Glints2/dict_0001_0017" 7636
"/Engine/EngineMaterials/Substrate/Glints2/dict_0001_0015" 7637
"/Engine/EngineMaterials/Substrate/Glints2/dict_0001_0013" 7638
"/Engine/EngineMaterials/Substrate/Glints2/dict_0001_0026" 7639
"/Engine/EngineMaterials/Substrate/Glints2/dict_0001_0025" 7640
"/Engine/EngineMaterials/Substrate/Glints2/dict_0001_0012" 7641
"/Engine/EngineMaterials/Substrate/Glints2/dict_0001_0024" 7642
"/Engine/EngineMaterials/Substrate/Glints2/dict_0001_0011" 7643
"/Engine/EngineMaterials/Substrate/Glints2/dict_0001_0045" 7644
"/Engine/EngineMaterials/Substrate/Glints2/dict_0001_0031" 7645
"/Engine/EngineMaterials/Substrate/Glints2/dict_0001_0030" 7646
"/Engine/EngineMaterials/Substrate/Glints2/dict_0001_0042" 7647
"../../../Engine/Content/EngineMaterials/Substrate/Glints2/dict_0001_0034.uasset" 7648
"../../../Engine/Content/EngineMaterials/Substrate/Glints2/dict_0001_0035.uasset" 7649
"../../../Engine/Content/EngineMaterials/Substrate/Glints2/dict_0001_0044.uasset" 7650
"../../../Engine/Content/EngineMaterials/Substrate/Glints2/dict_0001_0041.uasset" 7651
"/Engine/EngineMaterials/Substrate/Glints2/dict_0001_0040" 7652
"../../../Engine/Content/EngineMaterials/Substrate/Glints2/dict_0001_0039.uasset" 7653
"../../../Engine/Content/EngineMaterials/Substrate/Glints2/dict_0001_0047.uasset" 7654
"/Engine/EngineMaterials/Substrate/Glints2/dict_0001_0037" 7655
"../../../Engine/Content/EngineMaterials/Substrate/Glints2/dict_0001_0043.uasset" 7656
"../../../Engine/Content/EngineMaterials/Substrate/Glints2/dict_0001_0036.uasset" 7657
"../../../Engine/Content/EngineMaterials/Substrate/Glints2/dict_0001_0046.uasset" 7658
"../../../Engine/Content/EngineMaterials/Substrate/Glints2/dict_0001_0038.uasset" 7659
"../../../Engine/Content/EngineMaterials/Substrate/Glints2/dict_0001_0057.uasset" 7660
"/Engine/EngineMaterials/Substrate/Glints2/dict_0001_0027" 7661
"../../../Engine/Content/EngineMaterials/Substrate/Glints2/dict_0001_0052.uasset" 7662
"/Engine/EngineMaterials/Substrate/Glints2/dict_0001_0047" 7663
"/Engine/EngineMaterials/Substrate/Glints2/dict_0001_0046" 7664
"/Engine/EngineMaterials/Substrate/Glints2/dict_0001_0044" 7665
"/Engine/EngineMaterials/Substrate/Glints2/dict_0001_0043" 7666
"/Engine/EngineMaterials/Substrate/Glints2/dict_0001_0057" 7667
"/Engine/EngineMaterials/Substrate/Glints2/dict_0001_0041" 7668
"../../../Engine/Content/EngineMaterials/Substrate/Glints2/dict_0001_0065.uasset" 7669
"../../../Engine/Content/EngineMaterials/Substrate/Glints2/dict_0001_0068.uasset" 7670
"/Engine/EngineMaterials/Substrate/Glints2/dict_0001_0039" 7671
"/Engine/EngineMaterials/Substrate/Glints2/dict_0001_0038" 7672
"/Engine/EngineMaterials/Substrate/Glints2/dict_0001_0036" 7673
"/Engine/EngineMaterials/Substrate/Glints2/dict_0001_0035" 7674
"/Engine/EngineMaterials/Substrate/Glints2/dict_0001_0034" 7675
"../../../Engine/Content/EngineMaterials/Substrate/Glints2/dict_0001_0048.uasset" 7676
"../../../Engine/Content/EngineMaterials/Substrate/Glints2/dict_0001_0055.uasset" 7677
"/Engine/EngineMaterials/Substrate/Glints2/dict_0001_0052" 7678
"../../../Engine/Content/EngineMaterials/Substrate/Glints2/dict_0001_0061.uasset" 7679
"../../../Engine/Content/EngineMaterials/Substrate/Glints2/dict_0001_0059.uasset" 7680
"../../../Engine/Content/EngineMaterials/Substrate/Glints2/dict_0001_0053.uasset" 7681
"../../../Engine/Content/EngineMaterials/Substrate/Glints2/dict_0001_0049.uasset" 7682
"../../../Engine/Content/EngineMaterials/Substrate/Glints2/dict_0001_0058.uasset" 7683
"/Engine/EngineMaterials/Substrate/Glints2/dict_0001_0061" 7684
"../../../Engine/Content/EngineMaterials/Substrate/Glints2/dict_0001_0051.uasset" 7685
"../../../Engine/Content/EngineMaterials/Substrate/Glints2/dict_0001_0062.uasset" 7686
"../../../Engine/Content/EngineMaterials/Substrate/Glints2/dict_0001_0054.uasset" 7687
"/Engine/EngineMaterials/Substrate/Glints2/dict_0001_0068" 7688
"../../../Engine/Content/EngineMaterials/Substrate/Glints2/dict_0001_0050.uasset" 7689
"../../../Engine/Content/EngineMaterials/Substrate/Glints2/dict_0001_0060.uasset" 7690
"/Engine/EngineMaterials/Substrate/Glints2/dict_0001_0059" 7691
"../../../Engine/Content/EngineMaterials/Substrate/Glints2/dict_0001_0056.uasset" 7692
"/Engine/EngineMaterials/Substrate/Glints2/dict_0001_0058" 7693
"/Engine/EngineMaterials/Substrate/Glints2/dict_0001_0065" 7694
"/Engine/EngineMaterials/Substrate/Glints2/dict_0001_0055" 7695
"../../../Engine/Content/EngineMaterials/Substrate/Glints2/dict_0001_0070.uasset" 7696
"../../../Engine/Content/EngineMaterials/Substrate/Glints2/dict_0001_0075.uasset" 7697
"/Engine/EngineMaterials/Substrate/Glints2/dict_0001_0053" 7698
"../../../Engine/Content/EngineMaterials/Substrate/Glints2/dict_0001_0074.uasset" 7699
"/Engine/EngineMaterials/Substrate/Glints2/dict_0001_0049" 7700
"/Engine/EngineMaterials/Substrate/Glints2/dict_0001_0048" 7701
"../../../Engine/Content/EngineMaterials/Substrate/Glints2/dict_0001_0063.uasset" 7702
"../../../Engine/Content/EngineMaterials/Substrate/Glints2/dict_0001_0064.uasset" 7703
"../../../Engine/Content/EngineMaterials/Substrate/Glints2/dict_0001_0066.uasset" 7704
"../../../Engine/Content/EngineMaterials/Substrate/Glints2/dict_0001_0069.uasset" 7705
"../../../Engine/Content/EngineMaterials/Substrate/Glints2/dict_0001_0067.uasset" 7706
"/Engine/EngineMaterials/Substrate/Glints2/dict_0001_0062" 7707
"/Engine/EngineMaterials/Substrate/Glints2/dict_0001_0069" 7708
"/Engine/EngineMaterials/Substrate/Glints2/dict_0001_0060" 7709
"/Engine/EngineMaterials/Substrate/Glints2/dict_0001_0066" 7710
"../../../Engine/Content/EngineMaterials/Substrate/Glints2/dict_0001_0087.uasset" 7711
"../../../Engine/Content/EngineMaterials/Substrate/Glints2/dict_0001_0086.uasset" 7712
"../../../Engine/Content/EngineMaterials/Substrate/Glints2/dict_0001_0084.uasset" 7713
"/Engine/EngineMaterials/Substrate/Glints2/dict_0001_0056" 7714
"../../../Engine/Content/EngineMaterials/Substrate/Glints2/dict_0001_0089.uasset" 7715
"/Engine/EngineMaterials/Substrate/Glints2/dict_0001_0075" 7716
"/Engine/EngineMaterials/Substrate/Glints2/dict_0001_0074" 7717
"/Engine/EngineMaterials/Substrate/Glints2/dict_0001_0064" 7718
"/Engine/EngineMaterials/Substrate/Glints2/dict_0001_0054" 7719
"/Engine/EngineMaterials/Substrate/Glints2/dict_0001_0063" 7720
"../../../Engine/Content/EngineMaterials/Substrate/Glints2/dict_0001_0079.uasset" 7721
"/Engine/EngineMaterials/Substrate/Glints2/dict_0001_0070" 7722
"../../../Engine/Content/EngineMaterials/Substrate/Glints2/dict_0001_0071.uasset" 7723
"../../../Engine/Content/EngineMaterials/Substrate/Glints2/dict_0001_0077.uasset" 7724
"../../../Engine/Content/EngineMaterials/Substrate/Glints2/dict_0001_0081.uasset" 7725
"../../../Engine/Content/EngineMaterials/Substrate/Glints2/dict_0001_0073.uasset" 7726
"../../../Engine/Content/EngineMaterials/Substrate/Glints2/dict_0001_0080.uasset" 7727
"/Engine/EngineMaterials/Substrate/Glints2/dict_0001_0051" 7728
"../../../Engine/Content/EngineMaterials/Substrate/Glints2/dict_0001_0076.uasset" 7729
"../../../Engine/Content/EngineMaterials/Substrate/Glints2/dict_0001_0072.uasset" 7730
"/Engine/EngineMaterials/Substrate/Glints2/dict_0001_0050" 7731
"../../../Engine/Content/EngineMaterials/Substrate/Glints2/dict_0001_0078.uasset" 7732
"/Engine/EngineMaterials/Substrate/Glints2/dict_0001_0081" 7733
"/Engine/EngineMaterials/Substrate/Glints2/dict_0001_0080" 7734
"/Engine/EngineMaterials/Substrate/Glints2/dict_0001_0089" 7735
"../../../Engine/Content/EngineMaterials/Substrate/Glints2/dict_0001_0085.uasset" 7736
"../../../Engine/Content/EngineMaterials/Substrate/Glints2/dict_0001_0083.uasset" 7737
"/Engine/EngineMaterials/Substrate/Glints2/dict_0001_0079" 7738
"../../../Engine/Content/EngineMaterials/Substrate/Glints2/dict_0001_0094.uasset" 7739
"../../../Engine/Content/EngineMaterials/Substrate/Glints2/dict_0001_0090.uasset" 7740
"../../../Engine/Content/EngineMaterials/Substrate/Glints2/dict_0001_0099.uasset" 7741
"/Engine/EngineMaterials/Substrate/Glints2/dict_0001_0067" 7742
"../../../Engine/Content/EngineMaterials/Substrate/Glints2/dict_0001_0092.uasset" 7743
"../../../Engine/Content/EngineMaterials/Substrate/Glints2/dict_0001_0091.uasset" 7744
"../../../Engine/Content/EngineMaterials/Substrate/Glints2/dict_0001_0088.uasset" 7745
"../../../Engine/Content/EngineMaterials/Substrate/Glints2/dict_0001_0082.uasset" 7746
"../../../Engine/Content/EngineMaterials/Substrate/Glints2/dict_0001_0095.uasset" 7747
"/Engine/EngineMaterials/Substrate/Glints2/dict_0001_0078" 7748
"../../../Engine/Content/EngineMaterials/Substrate/Glints2/dict_0001_0101.uasset" 7749
"/Engine/EngineMaterials/Substrate/Glints2/dict_0001_0087" 7750
"/Engine/EngineMaterials/Substrate/Glints2/dict_0001_0077" 7751
"/Engine/EngineMaterials/Substrate/Glints2/dict_0001_0076" 7752
"/Engine/EngineMaterials/Substrate/Glints2/dict_0001_0086" 7753
"/Engine/EngineMaterials/Substrate/Glints2/dict_0001_0073" 7754
"/Engine/EngineMaterials/Substrate/Glints2/dict_0001_0072" 7755
"/Engine/EngineMaterials/Substrate/Glints2/dict_0001_0084" 7756
"/Engine/EngineMaterials/Substrate/Glints2/dict_0001_0071" 7757
"/Engine/EngineMaterials/Substrate/Glints2/dict_0001_0090" 7758
"/Engine/EngineMaterials/Substrate/Glints2/dict_0001_0101" 7759
"/Engine/EngineMaterials/Substrate/Glints2/dict_0001_0088" 7760
"/Engine/EngineMaterials/Substrate/Glints2/dict_0001_0099" 7761
"/Engine/EngineMaterials/Substrate/Glints2/dict_0001_0085" 7762
"../../../Engine/Content/EngineMaterials/Substrate/Glints2/dict_0001_0106.uasset" 7763
"../../../Engine/Content/EngineMaterials/Substrate/Glints2/dict_0001_0110.uasset" 7764
"../../../Engine/Content/EngineMaterials/Substrate/Glints2/dict_0001_0105.uasset" 7765
"/Engine/EngineMaterials/Substrate/Glints2/dict_0001_0095" 7766
"../../../Engine/Content/EngineMaterials/Substrate/Glints2/dict_0001_0100.uasset" 7767
"../../../Engine/Content/EngineMaterials/Substrate/Glints2/dict_0001_0098.uasset" 7768
"../../../Engine/Content/EngineMaterials/Substrate/Glints2/dict_0001_0097.uasset" 7769
"../../../Engine/Content/EngineMaterials/Substrate/Glints2/dict_0001_0093.uasset" 7770
"../../../Engine/Content/EngineMaterials/Substrate/Glints2/dict_0001_0102.uasset" 7771
"../../../Engine/Content/EngineMaterials/Substrate/Glints2/dict_0001_0096.uasset" 7772
"/Engine/EngineMaterials/Substrate/Glints2/dict_0001_0094" 7773
"../../../Engine/Content/EngineMaterials/Substrate/Glints2/dict_0001_0103.uasset" 7774
"../../../Engine/Content/EngineMaterials/Substrate/Glints2/dict_0001_0114.uasset" 7775
"/Engine/EngineMaterials/Substrate/Glints2/dict_0001_0092" 7776
"/Engine/EngineMaterials/Substrate/Glints2/dict_0001_0091" 7777
"/Engine/EngineMaterials/Substrate/Glints2/dict_0001_0083" 7778
"/Engine/EngineMaterials/Substrate/Glints2/dict_0001_0082" 7779
"/Engine/EngineMaterials/Substrate/Glints2/dict_0001_0103" 7780
"/Engine/EngineMaterials/Substrate/Glints2/dict_0001_0102" 7781
"/Engine/EngineMaterials/Substrate/Glints2/dict_0001_0114" 7782
"../../../Engine/Content/EngineMaterials/Substrate/Glints2/dict_0001_0117.uasset" 7783
"../../../Engine/Content/EngineMaterials/Substrate/Glints2/dict_0001_0107.uasset" 7784
"/Engine/EngineMaterials/Substrate/Glints2/dict_0001_0100" 7785
"../../../Engine/Content/EngineMaterials/Substrate/Glints2/dict_0001_0113.uasset" 7786
"../../../Engine/Content/EngineMaterials/Substrate/Glints2/dict_0001_0108.uasset" 7787
"../../../Engine/Content/EngineMaterials/Substrate/Glints2/dict_0001_0104.uasset" 7788
"../../../Engine/Content/EngineMaterials/Substrate/Glints2/dict_0001_0116.uasset" 7789
"/Engine/EngineMaterials/Substrate/Glints2/dict_0001_0110" 7790
"../../../Engine/Content/EngineMaterials/Substrate/Glints2/dict_0001_0124.uasset" 7791
"../../../Engine/Content/EngineMaterials/Substrate/Glints2/dict_0001_0112.uasset" 7792
"../../../Engine/Content/EngineMaterials/Substrate/Glints2/dict_0001_0111.uasset" 7793
"../../../Engine/Content/EngineMaterials/Substrate/Glints2/dict_0001_0115.uasset" 7794
"/Engine/EngineMaterials/Substrate/Glints2/dict_0001_0098" 7795
"/Engine/EngineMaterials/Substrate/Glints2/dict_0001_0097" 7796
"../../../Engine/Content/EngineMaterials/Substrate/Glints2/dict_0001_0109.uasset" 7797
"/Engine/EngineMaterials/Substrate/Glints2/dict_0001_0096" 7798
"/Engine/EngineMaterials/Substrate/Glints2/dict_0001_0106" 7799
"/Engine/EngineMaterials/Substrate/Glints2/dict_0001_0105" 7800
"/Engine/EngineMaterials/Substrate/Glints2/dict_0001_0093" 7801
"/Engine/EngineMaterials/Substrate/Glints2/dict_0001_0117" 7802
"/Engine/EngineMaterials/Substrate/Glints2/dict_0001_0116" 7803
"/Engine/EngineMaterials/Substrate/Glints2/dict_0001_0115" 7804
"/Engine/EngineMaterials/Substrate/Glints2/dict_0001_0113" 7805
"../../../Engine/Content/EngineMaterials/Substrate/Glints2/dict_0001_0132.uasset" 7806
"../../../Engine/Content/EngineMaterials/Substrate/Glints2/dict_0001_0133.uasset" 7807
"../../../Engine/Content/EngineMaterials/Substrate/Glints2/dict_0001_0139.uasset" 7808
"../../../Engine/Content/EngineMaterials/Substrate/Glints2/dict_0001_0136.uasset" 7809
"../../../Engine/Content/EngineMaterials/Substrate/Glints2/dict_0001_0135.uasset" 7810
"../../../Engine/Content/EngineMaterials/Substrate/Glints2/dict_0001_0129.uasset" 7811
"/Engine/EngineMaterials/Substrate/Glints2/dict_0001_0112" 7812
"../../../Engine/Content/EngineMaterials/Substrate/Glints2/dict_0001_0127.uasset" 7813
"../../../Engine/Content/EngineMaterials/Substrate/Glints2/dict_0001_0123.uasset" 7814
"../../../Engine/Content/EngineMaterials/Substrate/Glints2/dict_0001_0119.uasset" 7815
"/Engine/EngineMaterials/Substrate/Glints2/dict_0001_0111" 7816
"../../../Engine/Content/EngineMaterials/Substrate/Glints2/dict_0001_0121.uasset" 7817
"../../../Engine/Content/EngineMaterials/Substrate/Glints2/dict_0001_0126.uasset" 7818
"../../../Engine/Content/EngineMaterials/Substrate/Glints2/dict_0001_0128.uasset" 7819
"../../../Engine/Content/EngineMaterials/Substrate/Glints2/dict_0001_0120.uasset" 7820
"../../../Engine/Content/EngineMaterials/Substrate/Glints2/dict_0001_0125.uasset" 7821
"/Engine/EngineMaterials/Substrate/Glints2/dict_0001_0109" 7822
"../../../Engine/Content/EngineMaterials/Substrate/Glints2/dict_0001_0122.uasset" 7823
"../../../Engine/Content/EngineMaterials/Substrate/Glints2/dict_0001_0118.uasset" 7824
"/Engine/EngineMaterials/Substrate/Glints2/dict_0001_0108" 7825
"/Engine/EngineMaterials/Substrate/Glints2/dict_0001_0124" 7826
"/Engine/EngineMaterials/Substrate/Glints2/dict_0001_0107" 7827
"/Engine/EngineMaterials/Substrate/Glints2/dict_0001_0104" 7828
"/Engine/EngineMaterials/Substrate/Glints2/dict_0001_0139" 7829
"/Engine/EngineMaterials/Substrate/Glints2/dict_0001_0128" 7830
"/Engine/EngineMaterials/Substrate/Glints2/dict_0001_0127" 7831
"../../../Engine/Content/EngineMaterials/Substrate/Glints2/dict_0001_0137.uasset" 7832
"../../../Engine/Content/EngineMaterials/Substrate/Glints2/dict_0001_0138.uasset" 7833
"/Engine/EngineMaterials/Substrate/Glints2/dict_0001_0136" 7834
"../../../Engine/Content/EngineMaterials/Substrate/Glints2/dict_0001_0141.uasset" 7835
"/Engine/EngineMaterials/Substrate/Glints2/dict_0001_0126" 7836
"../../../Engine/Content/EngineMaterials/Substrate/Glints2/dict_0001_0149.uasset" 7837
"../../../Engine/Content/EngineMaterials/Substrate/Glints2/dict_0001_0147.uasset" 7838
"../../../Engine/Content/EngineMaterials/Substrate/Glints2/dict_0001_0142.uasset" 7839
"../../../Engine/Content/EngineMaterials/Substrate/Glints2/dict_0001_0145.uasset" 7840
"../../../Engine/Content/EngineMaterials/Substrate/Glints2/dict_0001_0148.uasset" 7841
"../../../Engine/Content/EngineMaterials/Substrate/Glints2/dict_0001_0150.uasset" 7842
"/Engine/EngineMaterials/Substrate/Glints2/dict_0001_0135" 7843
"../../../Engine/Content/EngineMaterials/Substrate/Glints2/dict_0001_0130.uasset" 7844
"../../../Engine/Content/EngineMaterials/Substrate/Glints2/dict_0001_0134.uasset" 7845
"../../../Engine/Content/EngineMaterials/Substrate/Glints2/dict_0001_0131.uasset" 7846
"/Engine/EngineMaterials/Substrate/Glints2/dict_0001_0125" 7847
"/Engine/EngineMaterials/Substrate/Glints2/dict_0001_0133" 7848
"/Engine/EngineMaterials/Substrate/Glints2/dict_0001_0132" 7849
"/Engine/EngineMaterials/Substrate/Glints2/dict_0001_0123" 7850
"/Engine/EngineMaterials/Substrate/Glints2/dict_0001_0122" 7851
"/Engine/EngineMaterials/Substrate/Glints2/dict_0001_0129" 7852
"/Engine/EngineMaterials/Substrate/Glints2/dict_0001_0121" 7853
"/Engine/EngineMaterials/Substrate/Glints2/dict_0001_0120" 7854
"/Engine/EngineMaterials/Substrate/Glints2/dict_0001_0119" 7855
"/Engine/EngineMaterials/Substrate/Glints2/dict_0001_0118" 7856
"/Engine/EngineMaterials/Substrate/Glints2/dict_0001_0150" 7857
"/Engine/EngineMaterials/Substrate/Glints2/dict_0001_0149" 7858
"../../../Engine/Content/EngineMaterials/Substrate/Glints2/dict_0001_0140.uasset" 7859
"/Engine/EngineMaterials/Substrate/Glints2/dict_0001_0138" 7860
"../../../Engine/Content/EngineMaterials/Substrate/Glints2/dict_0001_0146.uasset" 7861
"../../../Engine/Content/EngineMaterials/Substrate/Glints2/dict_0001_0144.uasset" 7862
"/Engine/EngineMaterials/Substrate/Glints2/dict_0001_0148" 7863
"../../../Engine/Content/EngineMaterials/Substrate/Glints2/dict_0001_0143.uasset" 7864
"../../../Engine/Content/EngineMaterials/Substrate/Glints2/dict_0001_0161.uasset" 7865
"/Engine/EngineMaterials/Substrate/Glints2/dict_0001_0137" 7866
"../../../Engine/Content/EngineMaterials/Substrate/Glints2/dict_0001_0156.uasset" 7867
"../../../Engine/Content/EngineMaterials/Substrate/Glints2/dict_0001_0165.uasset" 7868
"../../../Engine/Content/EngineMaterials/Substrate/Glints2/dict_0001_0153.uasset" 7869
"../../../Engine/Content/EngineMaterials/Substrate/Glints2/dict_0001_0158.uasset" 7870
"../../../Engine/Content/EngineMaterials/Substrate/Glints2/dict_0001_0160.uasset" 7871
"/Engine/EngineMaterials/Substrate/Glints2/dict_0001_0147" 7872
"/Engine/EngineMaterials/Substrate/Glints2/dict_0001_0145" 7873
"/Engine/EngineMaterials/Substrate/Glints2/dict_0001_0134" 7874
"/Engine/EngineMaterials/Substrate/Glints2/dict_0001_0142" 7875
"/Engine/EngineMaterials/Substrate/Glints2/dict_0001_0141" 7876
"/Engine/EngineMaterials/Substrate/Glints2/dict_0001_0131" 7877
"/Engine/EngineMaterials/Substrate/Glints2/dict_0001_0130" 7878
"/Engine/EngineMaterials/Substrate/Glints2/dict_0001_0165" 7879
"/Engine/EngineMaterials/Substrate/Glints2/dict_0001_0146" 7880
"/Engine/EngineMaterials/Substrate/Glints2/dict_0001_0161" 7881
"/Engine/EngineMaterials/Substrate/Glints2/dict_0001_0160" 7882
"/Engine/EngineMaterials/Substrate/Glints2/dict_0001_0144" 7883
"../../../Engine/Content/EngineMaterials/Substrate/Glints2/dict_0001_0178.uasset" 7884
"../../../Engine/Content/EngineMaterials/Substrate/Glints2/dict_0001_0169.uasset" 7885
"../../../Engine/Content/EngineMaterials/Substrate/Glints2/dict_0001_0177.uasset" 7886
"../../../Engine/Content/EngineMaterials/Substrate/Glints2/dict_0001_0168.uasset" 7887
"/Engine/EngineMaterials/Substrate/Glints2/dict_0001_0143" 7888
"../../../Engine/Content/EngineMaterials/Substrate/Glints2/dict_0001_0159.uasset" 7889
"../../../Engine/Content/EngineMaterials/Substrate/Glints2/dict_0001_0174.uasset" 7890
"../../../Engine/Content/EngineMaterials/Substrate/Glints2/dict_0001_0162.uasset" 7891
"../../../Engine/Content/EngineMaterials/Substrate/Glints2/dict_0001_0155.uasset" 7892
"../../../Engine/Content/EngineMaterials/Substrate/Glints2/dict_0001_0154.uasset" 7893
"../../../Engine/Content/EngineMaterials/Substrate/Glints2/dict_0001_0152.uasset" 7894
"../../../Engine/Content/EngineMaterials/Substrate/Glints2/dict_0001_0166.uasset" 7895
"/Engine/EngineMaterials/Substrate/Glints2/dict_0001_0158" 7896
"../../../Engine/Content/EngineMaterials/Substrate/Glints2/dict_0001_0163.uasset" 7897
"../../../Engine/Content/EngineMaterials/Substrate/Glints2/dict_0001_0164.uasset" 7898
"../../../Engine/Content/EngineMaterials/Substrate/Glints2/dict_0001_0157.uasset" 7899
"/Engine/EngineMaterials/Substrate/Glints2/dict_0001_0156" 7900
"../../../Engine/Content/EngineMaterials/Substrate/Glints2/dict_0001_0151.uasset" 7901
"/Engine/EngineMaterials/Substrate/Glints2/dict_0001_0140" 7902
"/Engine/EngineMaterials/Substrate/Glints2/dict_0001_0153" 7903
"/Engine/EngineMaterials/Substrate/Glints2/dict_0001_0178" 7904
"/Engine/EngineMaterials/Substrate/Glints2/dict_0001_0166" 7905
"/Engine/EngineMaterials/Substrate/Glints2/dict_0001_0177" 7906
"/Engine/EngineMaterials/Substrate/Glints2/dict_0001_0174" 7907
"../../../Engine/Content/EngineMaterials/Substrate/Glints2/dict_0001_0187.uasset" 7908
"/Engine/EngineMaterials/Substrate/Glints2/dict_0001_0164" 7909
"../../../Engine/Content/EngineMaterials/Substrate/Glints2/dict_0001_0186.uasset" 7910
"../../../Engine/Content/EngineMaterials/Substrate/Glints2/dict_0001_0184.uasset" 7911
"../../../Engine/Content/EngineMaterials/Substrate/Glints2/dict_0001_0182.uasset" 7912
"/Engine/EngineMaterials/Substrate/Glints2/dict_0001_0163" 7913
"../../../Engine/Content/EngineMaterials/Substrate/Glints2/dict_0001_0188.uasset" 7914
"../../../Engine/Content/EngineMaterials/Substrate/Glints2/dict_0001_0183.uasset" 7915
"/Engine/EngineMaterials/Substrate/Glints2/dict_0001_0162" 7916
"/Engine/EngineMaterials/Substrate/Glints2/dict_0001_0159" 7917
"../../../Engine/Content/EngineMaterials/Substrate/Glints2/dict_0001_0170.uasset" 7918
"../../../Engine/Content/EngineMaterials/Substrate/Glints2/dict_0001_0173.uasset" 7919
"../../../Engine/Content/EngineMaterials/Substrate/Glints2/dict_0001_0172.uasset" 7920
"/Engine/EngineMaterials/Substrate/Glints2/dict_0001_0157" 7921
"../../../Engine/Content/EngineMaterials/Substrate/Glints2/dict_0001_0175.uasset" 7922
"../../../Engine/Content/EngineMaterials/Substrate/Glints2/dict_0001_0171.uasset" 7923
"../../../Engine/Content/EngineMaterials/Substrate/Glints2/dict_0001_0167.uasset" 7924
"/Engine/EngineMaterials/Substrate/Glints2/dict_0001_0169" 7925
"../../../Engine/Content/EngineMaterials/Substrate/Glints2/dict_0001_0176.uasset" 7926
"/Engine/EngineMaterials/Substrate/Glints2/dict_0001_0168" 7927
"/Engine/EngineMaterials/Substrate/Glints2/dict_0001_0155" 7928
"/Engine/EngineMaterials/Substrate/Glints2/dict_0001_0154" 7929
"/Engine/EngineMaterials/Substrate/Glints2/dict_0001_0152" 7930
"/Engine/EngineMaterials/Substrate/Glints2/dict_0001_0151" 7931
"../../../Engine/Content/EngineMaterials/Substrate/Glints2/dict_0001_0179.uasset" 7932
"/Engine/EngineMaterials/Substrate/Glints2/dict_0001_0188" 7933
"/Engine/EngineMaterials/Substrate/Glints2/dict_0001_0176" 7934
"../../../Engine/Content/EngineMaterials/Substrate/Glints2/dict_0001_0181.uasset" 7935
"/Engine/EngineMaterials/Substrate/Glints2/dict_0001_0175" 7936
"../../../Engine/Content/EngineMaterials/Substrate/Glints2/dict_0001_0180.uasset" 7937
"/Engine/EngineMaterials/Substrate/Glints2/dict_0001_0173" 7938
"../../../Engine/Content/EngineMaterials/Substrate/Glints2/dict_0001_0202.uasset" 7939
"../../../Engine/Content/EngineMaterials/Substrate/Glints2/dict_0001_0190.uasset" 7940
"../../../Engine/Content/EngineMaterials/Substrate/Glints2/dict_0001_0203.uasset" 7941
"/Engine/EngineMaterials/Substrate/Glints2/dict_0001_0187" 7942
"../../../Engine/Content/EngineMaterials/Substrate/Glints2/dict_0001_0199.uasset" 7943
"../../../Engine/Content/EngineMaterials/Substrate/Glints2/dict_0001_0193.uasset" 7944
"../../../Engine/Content/EngineMaterials/Substrate/Glints2/dict_0001_0196.uasset" 7945
"/Engine/EngineMaterials/Substrate/Glints2/dict_0001_0172" 7946
"../../../Engine/Content/EngineMaterials/Substrate/Glints2/dict_0001_0185.uasset" 7947
"/Engine/EngineMaterials/Substrate/Glints2/dict_0001_0186" 7948
"/Engine/EngineMaterials/Substrate/Glints2/dict_0001_0184" 7949
"/Engine/EngineMaterials/Substrate/Glints2/dict_0001_0183" 7950
"/Engine/EngineMaterials/Substrate/Glints2/dict_0001_0171" 7951
"/Engine/EngineMaterials/Substrate/Glints2/dict_0001_0170" 7952
"/Engine/EngineMaterials/Substrate/Glints2/dict_0001_0182" 7953
"/Engine/EngineMaterials/Substrate/Glints2/dict_0001_0167" 7954
"/Engine/EngineMaterials/Substrate/Glints2/dict_0001_0203" 7955
"/Engine/EngineMaterials/Substrate/Glints2/dict_0001_0202" 7956
"/Engine/EngineMaterials/Substrate/Glints2/dict_0001_0199" 7957
"../../../Engine/Content/EngineMaterials/Substrate/Glints2/dict_0001_0192.uasset" 7958
"/Engine/EngineMaterials/Substrate/Glints2/dict_0001_0185" 7959
"/Engine/EngineMaterials/Substrate/Glints2/dict_0001_0196" 7960
"../../../Engine/Content/EngineMaterials/Substrate/Glints2/dict_0001_0189.uasset" 7961
"../../../Engine/Content/EngineMaterials/Substrate/Glints2/dict_0001_0201.uasset" 7962
"../../../Engine/Content/EngineMaterials/Substrate/Glints2/dict_0001_0216.uasset" 7963
"../../../Engine/Content/EngineMaterials/Substrate/Glints2/dict_0001_0200.uasset" 7964
"../../../Engine/Content/EngineMaterials/Substrate/Glints2/dict_0001_0198.uasset" 7965
"../../../Engine/Content/EngineMaterials/Substrate/Glints2/dict_0001_0211.uasset" 7966
"../../../Engine/Content/EngineMaterials/Substrate/Glints2/dict_0001_0197.uasset" 7967
"../../../Engine/Content/EngineMaterials/Substrate/Glints2/dict_0001_0204.uasset" 7968
"/Engine/EngineMaterials/Substrate/Glints2/dict_0001_0193" 7969
"../../../Engine/Content/EngineMaterials/Substrate/Glints2/dict_0001_0195.uasset" 7970
"../../../Engine/Content/EngineMaterials/Substrate/Glints2/dict_0001_0194.uasset" 7971
"../../../Engine/Content/EngineMaterials/Substrate/Glints2/dict_0001_0214.uasset" 7972
"../../../Engine/Content/EngineMaterials/Substrate/Glints2/dict_0001_0206.uasset" 7973
"../../../Engine/Content/EngineMaterials/Substrate/Glints2/dict_0001_0191.uasset" 7974
"/Engine/EngineMaterials/Substrate/Glints2/dict_0001_0181" 7975
"/Engine/EngineMaterials/Substrate/Glints2/dict_0001_0180" 7976
"/Engine/EngineMaterials/Substrate/Glints2/dict_0001_0179" 7977
"/Engine/EngineMaterials/Substrate/Glints2/dict_0001_0190" 7978
"/Engine/EngineMaterials/Substrate/Glints2/dict_0001_0201" 7979
"/Engine/EngineMaterials/Substrate/Glints2/dict_0001_0216" 7980
"/Engine/EngineMaterials/Substrate/Glints2/dict_0001_0214" 7981
"/Engine/EngineMaterials/Substrate/Glints2/dict_0001_0200" 7982
"../../../Engine/Content/EngineMaterials/Substrate/Glints2/dict_0001_0224.uasset" 7983
"/Engine/EngineMaterials/Substrate/Glints2/dict_0001_0198" 7984
"../../../Engine/Content/EngineMaterials/Substrate/Glints2/dict_0001_0217.uasset" 7985
"../../../Engine/Content/EngineMaterials/Substrate/Glints2/dict_0001_0221.uasset" 7986
"/Engine/EngineMaterials/Substrate/Glints2/dict_0001_0197" 7987
"../../../Engine/Content/EngineMaterials/Substrate/Glints2/dict_0001_0226.uasset" 7988
"/Engine/EngineMaterials/Substrate/Glints2/dict_0001_0211" 7989
"../../../Engine/Content/EngineMaterials/Substrate/Glints2/dict_0001_0209.uasset" 7990
"/Engine/EngineMaterials/Substrate/Glints2/dict_0001_0206" 7991
"../../../Engine/Content/EngineMaterials/Substrate/Glints2/dict_0001_0212.uasset" 7992
"../../../Engine/Content/EngineMaterials/Substrate/Glints2/dict_0001_0208.uasset" 7993
"../../../Engine/Content/EngineMaterials/Substrate/Glints2/dict_0001_0213.uasset" 7994
"/Engine/EngineMaterials/Substrate/Glints2/dict_0001_0195" 7995
"../../../Engine/Content/EngineMaterials/Substrate/Glints2/dict_0001_0207.uasset" 7996
"../../../Engine/Content/EngineMaterials/Substrate/Glints2/dict_0001_0210.uasset" 7997
"/Engine/EngineMaterials/Substrate/Glints2/dict_0001_0194" 7998
"../../../Engine/Content/EngineMaterials/Substrate/Glints2/dict_0001_0215.uasset" 7999
"/Engine/EngineMaterials/Substrate/Glints2/dict_0001_0204" 8000
"../../../Engine/Content/EngineMaterials/Substrate/Glints2/dict_0001_0205.uasset" 8001
"/Engine/EngineMaterials/Substrate/Glints2/dict_0001_0192" 8002
"/Engine/EngineMaterials/Substrate/Glints2/dict_0001_0191" 8003
"/Engine/EngineMaterials/Substrate/Glints2/dict_0001_0189" 8004
"/Engine/EngineMaterials/Substrate/Glints2/dict_0001_0226" 8005
"../../../Engine/Content/EngineMaterials/Substrate/Glints2/dict_0001_0222.uasset" 8006
"../../../Engine/Content/EngineMaterials/Substrate/Glints2/dict_0001_0218.uasset" 8007
"/Engine/EngineMaterials/Substrate/Glints2/dict_0001_0215" 8008
"/Engine/EngineMaterials/Substrate/Glints2/dict_0001_0213" 8009
"../../../Engine/Content/EngineMaterials/Substrate/Glints2/dict_0001_0225.uasset" 8010
"/Engine/EngineMaterials/Substrate/Glints2/dict_0001_0224" 8011
"../../../Engine/Content/EngineMaterials/Substrate/Glints2/dict_0001_0223.uasset" 8012
"../../../Engine/Content/EngineMaterials/Substrate/Glints2/dict_0001_0220.uasset" 8013
"../../../Engine/Content/EngineMaterials/Substrate/Glints2/dict_0001_0229.uasset" 8014
"../../../Engine/Content/EngineMaterials/Substrate/Glints2/dict_0001_0228.uasset" 8015
"../../../Engine/Content/EngineMaterials/Substrate/Glints2/dict_0001_0219.uasset" 8016
"../../../Engine/Content/EngineMaterials/Substrate/Glints2/dict_0001_0236.uasset" 8017
"../../../Engine/Content/EngineMaterials/Substrate/Glints2/dict_0001_0231.uasset" 8018
"../../../Engine/Content/EngineMaterials/Substrate/Glints2/dict_0001_0238.uasset" 8019
"/Engine/EngineMaterials/Substrate/Glints2/dict_0001_0212" 8020
"../../../Engine/Content/EngineMaterials/Substrate/Glints2/dict_0001_0235.uasset" 8021
"/Engine/EngineMaterials/Substrate/Glints2/dict_0001_0210" 8022
"/Engine/EngineMaterials/Substrate/Glints2/dict_0001_0209" 8023
"/Engine/EngineMaterials/Substrate/Glints2/dict_0001_0208" 8024
"/Engine/EngineMaterials/Substrate/Glints2/dict_0001_0207" 8025
"/Engine/EngineMaterials/Substrate/Glints2/dict_0001_0205" 8026
"/Engine/EngineMaterials/Substrate/Glints2/dict_0001_0221" 8027
"/Engine/EngineMaterials/Substrate/Glints2/dict_0001_0217" 8028
"/Engine/EngineMaterials/Substrate/Glints2/dict_0001_0225" 8029
"/Engine/EngineMaterials/Substrate/Glints2/dict_0001_0238" 8030
"/Engine/EngineMaterials/Substrate/Glints2/dict_0001_0236" 8031
"/Engine/EngineMaterials/Substrate/Glints2/dict_0001_0235" 8032
"/Engine/EngineMaterials/Substrate/Glints2/dict_0001_0223" 8033
"../../../Engine/Content/EngineMaterials/Substrate/Glints2/dict_0001_0246.uasset" 8034
"../../../Engine/Content/EngineMaterials/Substrate/Glints2/dict_0001_0233.uasset" 8035
"../../../Engine/Content/EngineMaterials/Substrate/Glints2/dict_0001_0239.uasset" 8036
"../../../Engine/Content/EngineMaterials/Substrate/Glints2/dict_0001_0250.uasset" 8037
"../../../Engine/Content/EngineMaterials/Substrate/Glints2/dict_0001_0227.uasset" 8038
"../../../Engine/Content/EngineMaterials/Substrate/Glints2/dict_0001_0248.uasset" 8039
"../../../Engine/Content/EngineMaterials/Substrate/Glints2/dict_0001_0232.uasset" 8040
"../../../Engine/Content/EngineMaterials/Substrate/Glints2/dict_0001_0244.uasset" 8041
"../../../Engine/Content/EngineMaterials/Substrate/Glints2/dict_0001_0241.uasset" 8042
"/Engine/EngineMaterials/Substrate/Glints2/dict_0001_0222" 8043
"../../../Engine/Content/EngineMaterials/Substrate/Glints2/dict_0001_0243.uasset" 8044
"../../../Engine/Content/EngineMaterials/Substrate/Glints2/dict_0001_0230.uasset" 8045
"/Engine/EngineMaterials/Substrate/Glints2/dict_0001_0231" 8046
"../../../Engine/Content/EngineMaterials/Substrate/Glints2/dict_0001_0234.uasset" 8047
"/Engine/EngineMaterials/Substrate/Glints2/dict_0001_0220" 8048
"../../../Engine/Content/EngineMaterials/Substrate/Glints2/dict_0001_0240.uasset" 8049
"/Engine/EngineMaterials/Substrate/Glints2/dict_0001_0219" 8050
"/Engine/EngineMaterials/Substrate/Glints2/dict_0001_0229" 8051
"/Engine/EngineMaterials/Substrate/Glints2/dict_0001_0228" 8052
"../../../Engine/Content/EngineMaterials/Substrate/Glints2/dict_0001_0237.uasset" 8053
"/Engine/EngineMaterials/Substrate/Glints2/dict_0001_0218" 8054
"/Engine/EngineMaterials/Substrate/Glints2/dict_0001_0240" 8055
"/Engine/EngineMaterials/Substrate/Glints2/dict_0001_0239" 8056
"/Engine/EngineMaterials/Substrate/Glints2/dict_0001_0237" 8057
"../../../Engine/Content/EngineMaterials/Substrate/Glints2/dict_0001_0245.uasset" 8058
"/Engine/EngineMaterials/Substrate/Glints2/dict_0001_0250" 8059
"../../../Engine/Content/EngineMaterials/Substrate/Glints2/dict_0001_0255.uasset" 8060
"/Engine/EngineMaterials/Substrate/Glints2/dict_0001_0248" 8061
"/Engine/EngineMaterials/Substrate/Glints2/dict_0001_0234" 8062
"../../../Engine/Content/EngineMaterials/Substrate/Glints2/dict_0002_0001.uasset" 8063
"/Engine/EngineMaterials/Substrate/Glints2/dict_0001_0246" 8064
"../../../Engine/Content/EngineMaterials/Substrate/Glints2/dict_0002_0007.uasset" 8065
"../../../Engine/Content/EngineMaterials/Substrate/Glints2/dict_0001_0247.uasset" 8066
"/Engine/EngineMaterials/Substrate/Glints2/dict_0001_0244" 8067
"../../../Engine/Content/EngineMaterials/Substrate/Glints2/dict_0001_0252.uasset" 8068
"../../../Engine/Content/EngineMaterials/Substrate/Glints2/dict_0001_0242.uasset" 8069
"../../../Engine/Content/EngineMaterials/Substrate/Glints2/dict_0001_0249.uasset" 8070
"/Engine/EngineMaterials/Substrate/Glints2/dict_0001_0233" 8071
"/Engine/EngineMaterials/Substrate/Glints2/dict_0001_0243" 8072
"/Engine/EngineMaterials/Substrate/Glints2/dict_0001_0232" 8073
"../../../Engine/Content/EngineMaterials/Substrate/Glints2/dict_0001_0251.uasset" 8074
"/Engine/EngineMaterials/Substrate/Glints2/dict_0001_0230" 8075
"/Engine/EngineMaterials/Substrate/Glints2/dict_0001_0241" 8076
"/Engine/EngineMaterials/Substrate/Glints2/dict_0001_0227" 8077
"/Engine/EngineMaterials/Substrate/Glints2/dict_0001_0252" 8078
"/Engine/EngineMaterials/Substrate/Glints2/dict_0001_0251" 8079
"/Engine/EngineMaterials/Substrate/Glints2/dict_0002_0007" 8080
"../../../Engine/Content/EngineMaterials/Substrate/Glints2/dict_0002_0003.uasset" 8081
"../../../Engine/Content/EngineMaterials/Substrate/Glints2/dict_0001_0253.uasset" 8082
"../../../Engine/Content/EngineMaterials/Substrate/Glints2/dict_0001_0254.uasset" 8083
"../../../Engine/Content/EngineMaterials/Substrate/Glints2/dict_0002_0000.uasset" 8084
"../../../Engine/Content/EngineMaterials/Substrate/Glints2/dict_0002_0004.uasset" 8085
"/Engine/EngineMaterials/Substrate/Glints2/dict_0001_0249" 8086
"../../../Engine/Content/EngineMaterials/Substrate/Glints2/dict_0002_0002.uasset" 8087
"../../../Engine/Content/EngineMaterials/Substrate/Glints2/dict_0002_0021.uasset" 8088
"../../../Engine/Content/EngineMaterials/Substrate/Glints2/dict_0002_0018.uasset" 8089
"/Engine/EngineMaterials/Substrate/Glints2/dict_0001_0247" 8090
"../../../Engine/Content/EngineMaterials/Substrate/Glints2/dict_0002_0005.uasset" 8091
"../../../Engine/Content/EngineMaterials/Substrate/Glints2/dict_0002_0008.uasset" 8092
"/Engine/EngineMaterials/Substrate/Glints2/dict_0001_0245" 8093
"../../../Engine/Content/EngineMaterials/Substrate/Glints2/dict_0002_0006.uasset" 8094
"/Engine/EngineMaterials/Substrate/Glints2/dict_0001_0242" 8095
"/Engine/EngineMaterials/Substrate/Glints2/dict_0002_0001" 8096
"/Engine/EngineMaterials/Substrate/Glints2/dict_0001_0255" 8097
"/Engine/EngineMaterials/Substrate/Glints2/dict_0002_0008" 8098
"/Engine/EngineMaterials/Substrate/Glints2/dict_0002_0021" 8099
"/Engine/EngineMaterials/Substrate/Glints2/dict_0002_0018" 8100
"/Engine/EngineMaterials/Substrate/Glints2/dict_0002_0006" 8101
"../../../Engine/Content/EngineMaterials/Substrate/Glints2/dict_0002_0025.uasset" 8102
"../../../Engine/Content/EngineMaterials/Substrate/Glints2/dict_0002_0029.uasset" 8103
"/Engine/EngineMaterials/Substrate/Glints2/dict_0002_0005" 8104
"../../../Engine/Content/EngineMaterials/Substrate/Glints2/dict_0002_0028.uasset" 8105
"../../../Engine/Content/EngineMaterials/Substrate/Glints2/dict_0002_0024.uasset" 8106
"/Engine/EngineMaterials/Substrate/Glints2/dict_0002_0004" 8107
"/Engine/EngineMaterials/Substrate/Glints2/dict_0002_0003" 8108
"/Engine/EngineMaterials/Substrate/Glints2/dict_0002_0002" 8109
"/Engine/EngineMaterials/Substrate/Glints2/dict_0002_0000" 8110
"../../../Engine/Content/EngineMaterials/Substrate/Glints2/dict_0002_0020.uasset" 8111
"../../../Engine/Content/EngineMaterials/Substrate/Glints2/dict_0002_0012.uasset" 8112
"../../../Engine/Content/EngineMaterials/Substrate/Glints2/dict_0002_0022.uasset" 8113
"../../../Engine/Content/EngineMaterials/Substrate/Glints2/dict_0002_0016.uasset" 8114
"/Engine/EngineMaterials/Substrate/Glints2/dict_0001_0254" 8115
"../../../Engine/Content/EngineMaterials/Substrate/Glints2/dict_0002_0013.uasset" 8116
"../../../Engine/Content/EngineMaterials/Substrate/Glints2/dict_0002_0014.uasset" 8117
"/Engine/EngineMaterials/Substrate/Glints2/dict_0001_0253" 8118
"../../../Engine/Content/EngineMaterials/Substrate/Glints2/dict_0002_0011.uasset" 8119
"../../../Engine/Content/EngineMaterials/Substrate/Glints2/dict_0002_0019.uasset" 8120
"../../../Engine/Content/EngineMaterials/Substrate/Glints2/dict_0002_0010.uasset" 8121
"../../../Engine/Content/EngineMaterials/Substrate/Glints2/dict_0002_0017.uasset" 8122
"../../../Engine/Content/EngineMaterials/Substrate/Glints2/dict_0002_0015.uasset" 8123
"/Engine/EngineMaterials/Substrate/Glints2/dict_0002_0022" 8124
"../../../Engine/Content/EngineMaterials/Substrate/Glints2/dict_0002_0009.uasset" 8125
"/Engine/EngineMaterials/Substrate/Glints2/dict_0002_0029" 8126
"/Engine/EngineMaterials/Substrate/Glints2/dict_0002_0020" 8127
"/Engine/EngineMaterials/Substrate/Glints2/dict_0002_0019" 8128
"../../../Engine/Content/EngineMaterials/Substrate/Glints2/dict_0002_0037.uasset" 8129
"../../../Engine/Content/EngineMaterials/Substrate/Glints2/dict_0002_0038.uasset" 8130
"/Engine/EngineMaterials/Substrate/Glints2/dict_0002_0028" 8131
"../../../Engine/Content/EngineMaterials/Substrate/Glints2/dict_0002_0027.uasset" 8132
"../../../Engine/Content/EngineMaterials/Substrate/Glints2/dict_0002_0030.uasset" 8133
"../../../Engine/Content/EngineMaterials/Substrate/Glints2/dict_0002_0032.uasset" 8134
"/Engine/EngineMaterials/Substrate/Glints2/dict_0002_0016" 8135
"../../../Engine/Content/EngineMaterials/Substrate/Glints2/dict_0002_0023.uasset" 8136
"../../../Engine/Content/EngineMaterials/Substrate/Glints2/dict_0002_0031.uasset" 8137
"/Engine/EngineMaterials/Substrate/Glints2/dict_0002_0014" 8138
"/Engine/EngineMaterials/Substrate/Glints2/dict_0002_0013" 8139
"../../../Engine/Content/EngineMaterials/Substrate/Glints2/dict_0002_0026.uasset" 8140
"/Engine/EngineMaterials/Substrate/Glints2/dict_0002_0012" 8141
"/Engine/EngineMaterials/Substrate/Glints2/dict_0002_0025" 8142
"/Engine/EngineMaterials/Substrate/Glints2/dict_0002_0024" 8143
"/Engine/EngineMaterials/Substrate/Glints2/dict_0002_0011" 8144
"/Engine/EngineMaterials/Substrate/Glints2/dict_0002_0031" 8145
"/Engine/EngineMaterials/Substrate/Glints2/dict_0002_0030" 8146
"/Engine/EngineMaterials/Substrate/Glints2/dict_0002_0038" 8147
"/Engine/EngineMaterials/Substrate/Glints2/dict_0002_0017" 8148
"../../../Engine/Content/EngineMaterials/Substrate/Glints2/dict_0002_0036.uasset" 8149
"../../../Engine/Content/EngineMaterials/Substrate/Glints2/dict_0002_0042.uasset" 8150
"../../../Engine/Content/EngineMaterials/Substrate/Glints2/dict_0002_0033.uasset" 8151
"../../../Engine/Content/EngineMaterials/Substrate/Glints2/dict_0002_0047.uasset" 8152
"../../../Engine/Content/EngineMaterials/Substrate/Glints2/dict_0002_0050.uasset" 8153
"../../../Engine/Content/EngineMaterials/Substrate/Glints2/dict_0002_0039.uasset" 8154
"/Engine/EngineMaterials/Substrate/Glints2/dict_0002_0027" 8155
"../../../Engine/Content/EngineMaterials/Substrate/Glints2/dict_0002_0040.uasset" 8156
"../../../Engine/Content/EngineMaterials/Substrate/Glints2/dict_0002_0048.uasset" 8157
"../../../Engine/Content/EngineMaterials/Substrate/Glints2/dict_0002_0052.uasset" 8158
"../../../Engine/Content/EngineMaterials/Substrate/Glints2/dict_0002_0035.uasset" 8159
"../../../Engine/Content/EngineMaterials/Substrate/Glints2/dict_0002_0049.uasset" 8160
"../../../Engine/Content/EngineMaterials/Substrate/Glints2/dict_0002_0046.uasset" 8161
"/Engine/EngineMaterials/Substrate/Glints2/dict_0002_0037" 8162
"../../../Engine/Content/EngineMaterials/Substrate/Glints2/dict_0002_0034.uasset" 8163
"/Engine/EngineMaterials/Substrate/Glints2/dict_0002_0026" 8164
"../../../Engine/Content/EngineMaterials/Substrate/Glints2/dict_0002_0041.uasset" 8165
"/Engine/EngineMaterials/Substrate/Glints2/dict_0002_0015" 8166
"/Engine/EngineMaterials/Substrate/Glints2/dict_0002_0023" 8167
"/Engine/EngineMaterials/Substrate/Glints2/dict_0002_0032" 8168
"/Engine/EngineMaterials/Substrate/Glints2/dict_0002_0010" 8169
"/Engine/EngineMaterials/Substrate/Glints2/dict_0002_0009" 8170
"/Engine/EngineMaterials/Substrate/Glints2/dict_0002_0042" 8171
"/Engine/EngineMaterials/Substrate/Glints2/dict_0002_0041" 8172
"/Engine/EngineMaterials/Substrate/Glints2/dict_0002_0052" 8173
"/Engine/EngineMaterials/Substrate/Glints2/dict_0002_0050" 8174
"../../../Engine/Content/EngineMaterials/Substrate/Glints2/dict_0002_0057.uasset" 8175
"../../../Engine/Content/EngineMaterials/Substrate/Glints2/dict_0002_0058.uasset" 8176
"../../../Engine/Content/EngineMaterials/Substrate/Glints2/dict_0002_0056.uasset" 8177
"../../../Engine/Content/EngineMaterials/Substrate/Glints2/dict_0002_0064.uasset" 8178
"/Engine/EngineMaterials/Substrate/Glints2/dict_0002_0040" 8179
"../../../Engine/Content/EngineMaterials/Substrate/Glints2/dict_0002_0065.uasset" 8180
"../../../Engine/Content/EngineMaterials/Substrate/Glints2/dict_0002_0053.uasset" 8181
"../../../Engine/Content/EngineMaterials/Substrate/Glints2/dict_0002_0054.uasset" 8182
"../../../Engine/Content/EngineMaterials/Substrate/Glints2/dict_0002_0043.uasset" 8183
"../../../Engine/Content/EngineMaterials/Substrate/Glints2/dict_0002_0044.uasset" 8184
"../../../Engine/Content/EngineMaterials/Substrate/Glints2/dict_0002_0051.uasset" 8185
"../../../Engine/Content/EngineMaterials/Substrate/Glints2/dict_0002_0045.uasset" 8186
"/Engine/EngineMaterials/Substrate/Glints2/dict_0002_0039" 8187
"../../../Engine/Content/EngineMaterials/Substrate/Glints2/dict_0002_0062.uasset" 8188
"../../../Engine/Content/EngineMaterials/Substrate/Glints2/dict_0002_0066.uasset" 8189
"../../../Engine/Content/EngineMaterials/Substrate/Glints2/dict_0002_0063.uasset" 8190
"../../../Engine/Content/EngineMaterials/Substrate/Glints2/dict_0002_0061.uasset" 8191
"/Engine/EngineMaterials/Substrate/Glints2/dict_0002_0049" 8192
"../../../Engine/Content/EngineMaterials/Substrate/Glints2/dict_0002_0060.uasset" 8193
"/Engine/EngineMaterials/Substrate/Glints2/dict_0002_0048" 8194
"../../../Engine/Content/EngineMaterials/Substrate/Glints2/dict_0002_0055.uasset" 8195
"/Engine/EngineMaterials/Substrate/Glints2/dict_0002_0036" 8196
"../../../Engine/Content/EngineMaterials/Substrate/Glints2/dict_0002_0059.uasset" 8197
"/Engine/EngineMaterials/Substrate/Glints2/dict_0002_0047" 8198
"/Engine/EngineMaterials/Substrate/Glints2/dict_0002_0046" 8199
"/Engine/EngineMaterials/Substrate/Glints2/dict_0002_0035" 8200
"/Engine/EngineMaterials/Substrate/Glints2/dict_0002_0034" 8201
"/Engine/EngineMaterials/Substrate/Glints2/dict_0002_0033" 8202
"/Engine/EngineMaterials/Substrate/Glints2/dict_0002_0066" 8203
"/Engine/EngineMaterials/Substrate/Glints2/dict_0002_0054" 8204
"/Engine/EngineMaterials/Substrate/Glints2/dict_0002_0065" 8205
"/Engine/EngineMaterials/Substrate/Glints2/dict_0002_0053" 8206
"../../../Engine/Content/EngineMaterials/Substrate/Glints2/dict_0002_0067.uasset" 8207
"../../../Engine/Content/EngineMaterials/Substrate/Glints2/dict_0002_0073.uasset" 8208
"../../../Engine/Content/EngineMaterials/Substrate/Glints2/dict_0002_0072.uasset" 8209
"../../../Engine/Content/EngineMaterials/Substrate/Glints2/dict_0002_0080.uasset" 8210
"../../../Engine/Content/EngineMaterials/Substrate/Glints2/dict_0002_0078.uasset" 8211
"/Engine/EngineMaterials/Substrate/Glints2/dict_0002_0051" 8212
"../../../Engine/Content/EngineMaterials/Substrate/Glints2/dict_0002_0070.uasset" 8213
"/Engine/EngineMaterials/Substrate/Glints2/dict_0002_0064" 8214
"/Engine/EngineMaterials/Substrate/Glints2/dict_0002_0063" 8215
"/Engine/EngineMaterials/Substrate/Glints2/dict_0002_0062" 8216
"/Engine/EngineMaterials/Substrate/Glints2/dict_0002_0061" 8217
"/Engine/EngineMaterials/Substrate/Glints2/dict_0002_0060" 8218
"/Engine/EngineMaterials/Substrate/Glints2/dict_0002_0059" 8219
"/Engine/EngineMaterials/Substrate/Glints2/dict_0002_0045" 8220
"/Engine/EngineMaterials/Substrate/Glints2/dict_0002_0044" 8221
"/Engine/EngineMaterials/Substrate/Glints2/dict_0002_0043" 8222
"/Engine/EngineMaterials/Substrate/Glints2/dict_0002_0058" 8223
"/Engine/EngineMaterials/Substrate/Glints2/dict_0002_0057" 8224
"../../../Engine/Content/EngineMaterials/Substrate/Glints2/dict_0002_0077.uasset" 8225
"/Engine/EngineMaterials/Substrate/Glints2/dict_0002_0056" 8226
"/Engine/EngineMaterials/Substrate/Glints2/dict_0002_0055" 8227
"../../../Engine/Content/EngineMaterials/Substrate/Glints2/dict_0002_0075.uasset" 8228
"../../../Engine/Content/EngineMaterials/Substrate/Glints2/dict_0002_0074.uasset" 8229
"../../../Engine/Content/EngineMaterials/Substrate/Glints2/dict_0002_0079.uasset" 8230
"../../../Engine/Content/EngineMaterials/Substrate/Glints2/dict_0002_0071.uasset" 8231
"/Engine/EngineMaterials/Substrate/Glints2/dict_0002_0080" 8232
"../../../Engine/Content/EngineMaterials/Substrate/Glints2/dict_0002_0076.uasset" 8233
"/Engine/EngineMaterials/Substrate/Glints2/dict_0002_0079" 8234
"../../../Engine/Content/EngineMaterials/Substrate/Glints2/dict_0002_0068.uasset" 8235
"/Engine/EngineMaterials/Substrate/Glints2/dict_0002_0078" 8236
"../../../Engine/Content/EngineMaterials/Substrate/Glints2/dict_0002_0069.uasset" 8237
"/Engine/EngineMaterials/Substrate/Glints2/dict_0002_0077" 8238
"../../../Engine/Content/EngineMaterials/Substrate/Glints2/dict_0002_0088.uasset" 8239
"../../../Engine/Content/EngineMaterials/Substrate/Glints2/dict_0002_0096.uasset" 8240
"../../../Engine/Content/EngineMaterials/Substrate/Glints2/dict_0002_0097.uasset" 8241
"/Engine/EngineMaterials/Substrate/Glints2/dict_0002_0075" 8242
"../../../Engine/Content/EngineMaterials/Substrate/Glints2/dict_0002_0091.uasset" 8243
"/Engine/EngineMaterials/Substrate/Glints2/dict_0002_0074" 8244
"/Engine/EngineMaterials/Substrate/Glints2/dict_0002_0073" 8245
"/Engine/EngineMaterials/Substrate/Glints2/dict_0002_0072" 8246
"/Engine/EngineMaterials/Substrate/Glints2/dict_0002_0071" 8247
"/Engine/EngineMaterials/Substrate/Glints2/dict_0002_0070" 8248
"/Engine/EngineMaterials/Substrate/Glints2/dict_0002_0067" 8249
"/Engine/EngineMaterials/Substrate/Glints2/dict_0002_0097" 8250
"/Engine/EngineMaterials/Substrate/Glints2/dict_0002_0096" 8251
"/Engine/EngineMaterials/Substrate/Glints2/dict_0002_0076" 8252
"../../../Engine/Content/EngineMaterials/Substrate/Glints2/dict_0002_0093.uasset" 8253
"/Engine/EngineMaterials/Substrate/Glints2/dict_0002_0091" 8254
"../../../Engine/Content/EngineMaterials/Substrate/Glints2/dict_0002_0101.uasset" 8255
"../../../Engine/Content/EngineMaterials/Substrate/Glints2/dict_0002_0106.uasset" 8256
"/Engine/EngineMaterials/Substrate/Glints2/dict_0002_0088" 8257
"../../../Engine/Content/EngineMaterials/Substrate/Glints2/dict_0002_0081.uasset" 8258
"../../../Engine/Content/EngineMaterials/Substrate/Glints2/dict_0002_0100.uasset" 8259
"../../../Engine/Content/EngineMaterials/Substrate/Glints2/dict_0002_0103.uasset" 8260
"../../../Engine/Content/EngineMaterials/Substrate/Glints2/dict_0002_0086.uasset" 8261
"../../../Engine/Content/EngineMaterials/Substrate/Glints2/dict_0002_0084.uasset" 8262
"/Engine/EngineMaterials/Substrate/Glints2/dict_0002_0069" 8263
"../../../Engine/Content/EngineMaterials/Substrate/Glints2/dict_0002_0090.uasset" 8264
"../../../Engine/Content/EngineMaterials/Substrate/Glints2/dict_0002_0089.uasset" 8265
"../../../Engine/Content/EngineMaterials/Substrate/Glints2/dict_0002_0085.uasset" 8266
"/Engine/EngineMaterials/Substrate/Glints2/dict_0002_0068" 8267
"../../../Engine/Content/EngineMaterials/Substrate/Glints2/dict_0002_0095.uasset" 8268
"../../../Engine/Content/EngineMaterials/Substrate/Glints2/dict_0002_0098.uasset" 8269
"../../../Engine/Content/EngineMaterials/Substrate/Glints2/dict_0002_0092.uasset" 8270
"../../../Engine/Content/EngineMaterials/Substrate/Glints2/dict_0002_0082.uasset" 8271
"/Engine/EngineMaterials/Substrate/Glints2/dict_0002_0098" 8272
"../../../Engine/Content/EngineMaterials/Substrate/Glints2/dict_0002_0094.uasset" 8273
"../../../Engine/Content/EngineMaterials/Substrate/Glints2/dict_0002_0087.uasset" 8274
"../../../Engine/Content/EngineMaterials/Substrate/Glints2/dict_0002_0083.uasset" 8275
"/Engine/EngineMaterials/Substrate/Glints2/dict_0002_0095" 8276
"/Engine/EngineMaterials/Substrate/Glints2/dict_0002_0106" 8277
"../../../Engine/Content/EngineMaterials/Substrate/Glints2/dict_0002_0116.uasset" 8278
"../../../Engine/Content/EngineMaterials/Substrate/Glints2/dict_0002_0112.uasset" 8279
"../../../Engine/Content/EngineMaterials/Substrate/Glints2/dict_0002_0114.uasset" 8280
"/Engine/EngineMaterials/Substrate/Glints2/dict_0002_0093" 8281
"/Engine/EngineMaterials/Substrate/Glints2/dict_0002_0090" 8282
"/Engine/EngineMaterials/Substrate/Glints2/dict_0002_0089" 8283
"/Engine/EngineMaterials/Substrate/Glints2/dict_0002_0103" 8284
"../../../Engine/Content/EngineMaterials/Substrate/Glints2/dict_0002_0108.uasset" 8285
"/Engine/EngineMaterials/Substrate/Glints2/dict_0002_0101" 8286
"/Engine/EngineMaterials/Substrate/Glints2/dict_0002_0100" 8287
"../../../Engine/Content/EngineMaterials/Substrate/Glints2/dict_0002_0107.uasset" 8288
"../../../Engine/Content/EngineMaterials/Substrate/Glints2/dict_0002_0102.uasset" 8289
"/Engine/EngineMaterials/Substrate/Glints2/dict_0002_0086" 8290
"../../../Engine/Content/EngineMaterials/Substrate/Glints2/dict_0002_0109.uasset" 8291
"../../../Engine/Content/EngineMaterials/Substrate/Glints2/dict_0002_0099.uasset" 8292
"../../../Engine/Content/EngineMaterials/Substrate/Glints2/dict_0002_0105.uasset" 8293
"../../../Engine/Content/EngineMaterials/Substrate/Glints2/dict_0002_0104.uasset" 8294
"/Engine/EngineMaterials/Substrate/Glints2/dict_0002_0085" 8295
"/Engine/EngineMaterials/Substrate/Glints2/dict_0002_0084" 8296
"/Engine/EngineMaterials/Substrate/Glints2/dict_0002_0081" 8297
"/Engine/EngineMaterials/Substrate/Glints2/dict_0002_0109" 8298
"/Engine/EngineMaterials/Substrate/Glints2/dict_0002_0116" 8299
"../../../Engine/Content/EngineMaterials/Substrate/Glints2/dict_0002_0111.uasset" 8300
"../../../Engine/Content/EngineMaterials/Substrate/Glints2/dict_0002_0115.uasset" 8301
"/Engine/EngineMaterials/Substrate/Glints2/dict_0002_0108" 8302
"../../../Engine/Content/EngineMaterials/Substrate/Glints2/dict_0002_0120.uasset" 8303
"/Engine/EngineMaterials/Substrate/Glints2/dict_0002_0107" 8304
"../../../Engine/Content/EngineMaterials/Substrate/Glints2/dict_0002_0118.uasset" 8305
"../../../Engine/Content/EngineMaterials/Substrate/Glints2/dict_0002_0125.uasset" 8306
"../../../Engine/Content/EngineMaterials/Substrate/Glints2/dict_0002_0121.uasset" 8307
"../../../Engine/Content/EngineMaterials/Substrate/Glints2/dict_0002_0119.uasset" 8308
"../../../Engine/Content/EngineMaterials/Substrate/Glints2/dict_0002_0110.uasset" 8309
"../../../Engine/Content/EngineMaterials/Substrate/Glints2/dict_0002_0117.uasset" 8310
"/Engine/EngineMaterials/Substrate/Glints2/dict_0002_0094" 8311
"/Engine/EngineMaterials/Substrate/Glints2/dict_0002_0114" 8312
"../../../Engine/Content/EngineMaterials/Substrate/Glints2/dict_0002_0113.uasset" 8313
"/Engine/EngineMaterials/Substrate/Glints2/dict_0002_0105" 8314
"/Engine/EngineMaterials/Substrate/Glints2/dict_0002_0092" 8315
"/Engine/EngineMaterials/Substrate/Glints2/dict_0002_0104" 8316
"/Engine/EngineMaterials/Substrate/Glints2/dict_0002_0112" 8317
"/Engine/EngineMaterials/Substrate/Glints2/dict_0002_0102" 8318
"/Engine/EngineMaterials/Substrate/Glints2/dict_0002_0087" 8319
"/Engine/EngineMaterials/Substrate/Glints2/dict_0002_0099" 8320
"/Engine/EngineMaterials/Substrate/Glints2/dict_0002_0083" 8321
"/Engine/EngineMaterials/Substrate/Glints2/dict_0002_0082" 8322
"../../../Engine/Content/EngineMaterials/Substrate/Glints2/dict_0002_0129.uasset" 8323
"../../../Engine/Content/EngineMaterials/Substrate/Glints2/dict_0002_0126.uasset" 8324
"../../../Engine/Content/EngineMaterials/Substrate/Glints2/dict_0002_0127.uasset" 8325
"/Engine/EngineMaterials/Substrate/Glints2/dict_0002_0115" 8326
"/Engine/EngineMaterials/Substrate/Glints2/dict_0002_0113" 8327
"/Engine/EngineMaterials/Substrate/Glints2/dict_0002_0125" 8328
"../../../Engine/Content/EngineMaterials/Substrate/Glints2/dict_0002_0122.uasset" 8329
"/Engine/EngineMaterials/Substrate/Glints2/dict_0002_0121" 8330
"../../../Engine/Content/EngineMaterials/Substrate/Glints2/dict_0002_0132.uasset" 8331
"../../../Engine/Content/EngineMaterials/Substrate/Glints2/dict_0002_0143.uasset" 8332
"/Engine/EngineMaterials/Substrate/Glints2/dict_0002_0111" 8333
"../../../Engine/Content/EngineMaterials/Substrate/Glints2/dict_0002_0136.uasset" 8334
"../../../Engine/Content/EngineMaterials/Substrate/Glints2/dict_0002_0135.uasset" 8335
"../../../Engine/Content/EngineMaterials/Substrate/Glints2/dict_0002_0124.uasset" 8336
"../../../Engine/Content/EngineMaterials/Substrate/Glints2/dict_0002_0123.uasset" 8337
"../../../Engine/Content/EngineMaterials/Substrate/Glints2/dict_0002_0128.uasset" 8338
"/Engine/EngineMaterials/Substrate/Glints2/dict_0002_0120" 8339
"/Engine/EngineMaterials/Substrate/Glints2/dict_0002_0119" 8340
"/Engine/EngineMaterials/Substrate/Glints2/dict_0002_0110" 8341
"/Engine/EngineMaterials/Substrate/Glints2/dict_0002_0118" 8342
"/Engine/EngineMaterials/Substrate/Glints2/dict_0002_0117" 8343
"/Engine/EngineMaterials/Substrate/Glints2/dict_0002_0129" 8344
"/Engine/EngineMaterials/Substrate/Glints2/dict_0002_0143" 8345
"/Engine/EngineMaterials/Substrate/Glints2/dict_0002_0128" 8346
"/Engine/EngineMaterials/Substrate/Glints2/dict_0002_0127" 8347
"../../../Engine/Content/EngineMaterials/Substrate/Glints2/dict_0002_0151.uasset" 8348
"/Engine/EngineMaterials/Substrate/Glints2/dict_0002_0126" 8349
"../../../Engine/Content/EngineMaterials/Substrate/Glints2/dict_0002_0147.uasset" 8350
"/Engine/EngineMaterials/Substrate/Glints2/dict_0002_0136" 8351
"/Engine/EngineMaterials/Substrate/Glints2/dict_0002_0124" 8352
"/Engine/EngineMaterials/Substrate/Glints2/dict_0002_0135" 8353
"../../../Engine/Content/EngineMaterials/Substrate/Glints2/dict_0002_0139.uasset" 8354
"../../../Engine/Content/EngineMaterials/Substrate/Glints2/dict_0002_0138.uasset" 8355
"../../../Engine/Content/EngineMaterials/Substrate/Glints2/dict_0002_0134.uasset" 8356
"/Engine/EngineMaterials/Substrate/Glints2/dict_0002_0123" 8357
"../../../Engine/Content/EngineMaterials/Substrate/Glints2/dict_0002_0130.uasset" 8358
"../../../Engine/Content/EngineMaterials/Substrate/Glints2/dict_0002_0131.uasset" 8359
"../../../Engine/Content/EngineMaterials/Substrate/Glints2/dict_0002_0137.uasset" 8360
"../../../Engine/Content/EngineMaterials/Substrate/Glints2/dict_0002_0133.uasset" 8361
"/Engine/EngineMaterials/Substrate/Glints2/dict_0002_0122" 8362
"../../../Engine/Content/EngineMaterials/Substrate/Glints2/dict_0002_0142.uasset" 8363
"../../../Engine/Content/EngineMaterials/Substrate/Glints2/dict_0002_0140.uasset" 8364
"../../../Engine/Content/EngineMaterials/Substrate/Glints2/dict_0002_0141.uasset" 8365
"/Engine/EngineMaterials/Substrate/Glints2/dict_0002_0132" 8366
"../../../Engine/Content/EngineMaterials/Substrate/Glints2/dict_0002_0144.uasset" 8367
"/Engine/EngineMaterials/Substrate/Glints2/dict_0002_0144" 8368
"../../../Engine/Content/EngineMaterials/Substrate/Glints2/dict_0002_0154.uasset" 8369
"/Engine/EngineMaterials/Substrate/Glints2/dict_0002_0142" 8370
"../../../Engine/Content/EngineMaterials/Substrate/Glints2/dict_0002_0145.uasset" 8371
"/Engine/EngineMaterials/Substrate/Glints2/dict_0002_0141" 8372
"/Engine/EngineMaterials/Substrate/Glints2/dict_0002_0140" 8373
"../../../Engine/Content/EngineMaterials/Substrate/Glints2/dict_0002_0159.uasset" 8374
"../../../Engine/Content/EngineMaterials/Substrate/Glints2/dict_0002_0148.uasset" 8375
"/Engine/EngineMaterials/Substrate/Glints2/dict_0002_0139" 8376
"../../../Engine/Content/EngineMaterials/Substrate/Glints2/dict_0002_0157.uasset" 8377
"../../../Engine/Content/EngineMaterials/Substrate/Glints2/dict_0002_0165.uasset" 8378
"../../../Engine/Content/EngineMaterials/Substrate/Glints2/dict_0002_0149.uasset" 8379
"../../../Engine/Content/EngineMaterials/Substrate/Glints2/dict_0002_0160.uasset" 8380
"../../../Engine/Content/EngineMaterials/Substrate/Glints2/dict_0002_0150.uasset" 8381
"/Engine/EngineMaterials/Substrate/Glints2/dict_0002_0138" 8382
"../../../Engine/Content/EngineMaterials/Substrate/Glints2/dict_0002_0152.uasset" 8383
"../../../Engine/Content/EngineMaterials/Substrate/Glints2/dict_0002_0153.uasset" 8384
"../../../Engine/Content/EngineMaterials/Substrate/Glints2/dict_0002_0146.uasset" 8385
"/Engine/EngineMaterials/Substrate/Glints2/dict_0002_0137" 8386
"/Engine/EngineMaterials/Substrate/Glints2/dict_0002_0134" 8387
"/Engine/EngineMaterials/Substrate/Glints2/dict_0002_0151" 8388
"/Engine/EngineMaterials/Substrate/Glints2/dict_0002_0133" 8389
"/Engine/EngineMaterials/Substrate/Glints2/dict_0002_0147" 8390
"/Engine/EngineMaterials/Substrate/Glints2/dict_0002_0131" 8391
"/Engine/EngineMaterials/Substrate/Glints2/dict_0002_0130" 8392
"/Engine/EngineMaterials/Substrate/Glints2/dict_0002_0165" 8393
"/Engine/EngineMaterials/Substrate/Glints2/dict_0002_0154" 8394
"/Engine/EngineMaterials/Substrate/Glints2/dict_0002_0153" 8395
"/Engine/EngineMaterials/Substrate/Glints2/dict_0002_0152" 8396
"/Engine/EngineMaterials/Substrate/Glints2/dict_0002_0160" 8397
"../../../Engine/Content/EngineMaterials/Substrate/Glints2/dict_0002_0164.uasset" 8398
"../../../Engine/Content/EngineMaterials/Substrate/Glints2/dict_0002_0163.uasset" 8399
"../../../Engine/Content/EngineMaterials/Substrate/Glints2/dict_0002_0178.uasset" 8400
"../../../Engine/Content/EngineMaterials/Substrate/Glints2/dict_0002_0172.uasset" 8401
"../../../Engine/Content/EngineMaterials/Substrate/Glints2/dict_0002_0158.uasset" 8402
"/Engine/EngineMaterials/Substrate/Glints2/dict_0002_0159" 8403
"../../../Engine/Content/EngineMaterials/Substrate/Glints2/dict_0002_0162.uasset" 8404
"../../../Engine/Content/EngineMaterials/Substrate/Glints2/dict_0002_0155.uasset" 8405
"../../../Engine/Content/EngineMaterials/Substrate/Glints2/dict_0002_0170.uasset" 8406
"../../../Engine/Content/EngineMaterials/Substrate/Glints2/dict_0002_0167.uasset" 8407
"../../../Engine/Content/EngineMaterials/Substrate/Glints2/dict_0002_0156.uasset" 8408
"../../../Engine/Content/EngineMaterials/Substrate/Glints2/dict_0002_0161.uasset" 8409
"/Engine/EngineMaterials/Substrate/Glints2/dict_0002_0157" 8410
"/Engine/EngineMaterials/Substrate/Glints2/dict_0002_0150" 8411
"/Engine/EngineMaterials/Substrate/Glints2/dict_0002_0149" 8412
"/Engine/EngineMaterials/Substrate/Glints2/dict_0002_0148" 8413
"/Engine/EngineMaterials/Substrate/Glints2/dict_0002_0146" 8414
"/Engine/EngineMaterials/Substrate/Glints2/dict_0002_0145" 8415
"/Engine/EngineMaterials/Substrate/Glints2/dict_0002_0178" 8416
"/Engine/EngineMaterials/Substrate/Glints2/dict_0002_0164" 8417
"/Engine/EngineMaterials/Substrate/Glints2/dict_0002_0163" 8418
"/Engine/EngineMaterials/Substrate/Glints2/dict_0002_0162" 8419
"/Engine/EngineMaterials/Substrate/Glints2/dict_0002_0161" 8420
"../../../Engine/Content/EngineMaterials/Substrate/Glints2/dict_0002_0183.uasset" 8421
"../../../Engine/Content/EngineMaterials/Substrate/Glints2/dict_0002_0181.uasset" 8422
"/Engine/EngineMaterials/Substrate/Glints2/dict_0002_0172" 8423
"../../../Engine/Content/EngineMaterials/Substrate/Glints2/dict_0002_0186.uasset" 8424
"../../../Engine/Content/EngineMaterials/Substrate/Glints2/dict_0002_0173.uasset" 8425
"../../../Engine/Content/EngineMaterials/Substrate/Glints2/dict_0002_0166.uasset" 8426
"../../../Engine/Content/EngineMaterials/Substrate/Glints2/dict_0002_0171.uasset" 8427
"../../../Engine/Content/EngineMaterials/Substrate/Glints2/dict_0002_0189.uasset" 8428
"../../../Engine/Content/EngineMaterials/Substrate/Glints2/dict_0002_0176.uasset" 8429
"/Engine/EngineMaterials/Substrate/Glints2/dict_0002_0158" 8430
"../../../Engine/Content/EngineMaterials/Substrate/Glints2/dict_0002_0168.uasset" 8431
"/Engine/EngineMaterials/Substrate/Glints2/dict_0002_0156" 8432
"../../../Engine/Content/EngineMaterials/Substrate/Glints2/dict_0002_0174.uasset" 8433
"../../../Engine/Content/EngineMaterials/Substrate/Glints2/dict_0002_0175.uasset" 8434
"../../../Engine/Content/EngineMaterials/Substrate/Glints2/dict_0002_0169.uasset" 8435
"/Engine/EngineMaterials/Substrate/Glints2/dict_0002_0170" 8436
"../../../Engine/Content/EngineMaterials/Substrate/Glints2/dict_0002_0177.uasset" 8437
"/Engine/EngineMaterials/Substrate/Glints2/dict_0002_0155" 8438
"/Engine/EngineMaterials/Substrate/Glints2/dict_0002_0167" 8439
"/Engine/EngineMaterials/Substrate/Glints2/dict_0002_0177" 8440
"/Engine/EngineMaterials/Substrate/Glints2/dict_0002_0189" 8441
"/Engine/EngineMaterials/Substrate/Glints2/dict_0002_0176" 8442
"../../../Engine/Content/EngineMaterials/Substrate/Glints2/dict_0002_0187.uasset" 8443
"/Engine/EngineMaterials/Substrate/Glints2/dict_0002_0175" 8444
"../../../Engine/Content/EngineMaterials/Substrate/Glints2/dict_0002_0191.uasset" 8445
"/Engine/EngineMaterials/Substrate/Glints2/dict_0002_0174" 8446
"../../../Engine/Content/EngineMaterials/Substrate/Glints2/dict_0002_0192.uasset" 8447
"../../../Engine/Content/EngineMaterials/Substrate/Glints2/dict_0002_0194.uasset" 8448
"../../../Engine/Content/EngineMaterials/Substrate/Glints2/dict_0002_0188.uasset" 8449
"/Engine/EngineMaterials/Substrate/Glints2/dict_0002_0173" 8450
"../../../Engine/Content/EngineMaterials/Substrate/Glints2/dict_0002_0184.uasset" 8451
"../../../Engine/Content/EngineMaterials/Substrate/Glints2/dict_0002_0190.uasset" 8452
"/Engine/EngineMaterials/Substrate/Glints2/dict_0002_0186" 8453
"../../../Engine/Content/EngineMaterials/Substrate/Glints2/dict_0002_0179.uasset" 8454
"../../../Engine/Content/EngineMaterials/Substrate/Glints2/dict_0002_0182.uasset" 8455
"../../../Engine/Content/EngineMaterials/Substrate/Glints2/dict_0002_0185.uasset" 8456
"/Engine/EngineMaterials/Substrate/Glints2/dict_0002_0171" 8457
"/Engine/EngineMaterials/Substrate/Glints2/dict_0002_0183" 8458
"../../../Engine/Content/EngineMaterials/Substrate/Glints2/dict_0002_0180.uasset" 8459
"/Engine/EngineMaterials/Substrate/Glints2/dict_0002_0169" 8460
"/Engine/EngineMaterials/Substrate/Glints2/dict_0002_0181" 8461
"/Engine/EngineMaterials/Substrate/Glints2/dict_0002_0168" 8462
"/Engine/EngineMaterials/Substrate/Glints2/dict_0002_0166" 8463
"/Engine/EngineMaterials/Substrate/Glints2/dict_0002_0190" 8464
"/Engine/EngineMaterials/Substrate/Glints2/dict_0002_0188" 8465
"/Engine/EngineMaterials/Substrate/Glints2/dict_0002_0187" 8466
"../../../Engine/Content/EngineMaterials/Substrate/Glints2/dict_0002_0195.uasset" 8467
"/Engine/EngineMaterials/Substrate/Glints2/dict_0002_0185" 8468
"../../../Engine/Content/EngineMaterials/Substrate/Glints2/dict_0002_0200.uasset" 8469
"/Engine/EngineMaterials/Substrate/Glints2/dict_0002_0184" 8470
"../../../Engine/Content/EngineMaterials/Substrate/Glints2/dict_0002_0209.uasset" 8471
"../../../Engine/Content/EngineMaterials/Substrate/Glints2/dict_0002_0196.uasset" 8472
"../../../Engine/Content/EngineMaterials/Substrate/Glints2/dict_0002_0197.uasset" 8473
"../../../Engine/Content/EngineMaterials/Substrate/Glints2/dict_0002_0201.uasset" 8474
"/Engine/EngineMaterials/Substrate/Glints2/dict_0002_0194" 8475
"../../../Engine/Content/EngineMaterials/Substrate/Glints2/dict_0002_0212.uasset" 8476
"/Engine/EngineMaterials/Substrate/Glints2/dict_0002_0182" 8477
"../../../Engine/Content/EngineMaterials/Substrate/Glints2/dict_0002_0198.uasset" 8478
"/Engine/EngineMaterials/Substrate/Glints2/dict_0002_0180" 8479
"../../../Engine/Content/EngineMaterials/Substrate/Glints2/dict_0002_0199.uasset" 8480
"../../../Engine/Content/EngineMaterials/Substrate/Glints2/dict_0002_0193.uasset" 8481
"/Engine/EngineMaterials/Substrate/Glints2/dict_0002_0192" 8482
"/Engine/EngineMaterials/Substrate/Glints2/dict_0002_0191" 8483
"/Engine/EngineMaterials/Substrate/Glints2/dict_0002_0179" 8484
"/Engine/EngineMaterials/Substrate/Glints2/dict_0002_0201" 8485
"/Engine/EngineMaterials/Substrate/Glints2/dict_0002_0200" 8486
"/Engine/EngineMaterials/Substrate/Glints2/dict_0002_0199" 8487
"/Engine/EngineMaterials/Substrate/Glints2/dict_0002_0212" 8488
"../../../Engine/Content/EngineMaterials/Substrate/Glints2/dict_0002_0219.uasset" 8489
"../../../Engine/Content/EngineMaterials/Substrate/Glints2/dict_0002_0218.uasset" 8490
"/Engine/EngineMaterials/Substrate/Glints2/dict_0002_0198" 8491
"/Engine/EngineMaterials/Substrate/Glints2/dict_0002_0209" 8492
"../../../Engine/Content/EngineMaterials/Substrate/Glints2/dict_0002_0207.uasset" 8493
"/Engine/EngineMaterials/Substrate/Glints2/dict_0002_0197" 8494
"../../../Engine/Content/EngineMaterials/Substrate/Glints2/dict_0002_0206.uasset" 8495
"../../../Engine/Content/EngineMaterials/Substrate/Glints2/dict_0002_0203.uasset" 8496
"../../../Engine/Content/EngineMaterials/Substrate/Glints2/dict_0002_0213.uasset" 8497
"../../../Engine/Content/EngineMaterials/Substrate/Glints2/dict_0002_0204.uasset" 8498
"/Engine/EngineMaterials/Substrate/Glints2/dict_0002_0196" 8499
"../../../Engine/Content/EngineMaterials/Substrate/Glints2/dict_0002_0211.uasset" 8500
"../../../Engine/Content/EngineMaterials/Substrate/Glints2/dict_0002_0202.uasset" 8501
"../../../Engine/Content/EngineMaterials/Substrate/Glints2/dict_0002_0214.uasset" 8502
"../../../Engine/Content/EngineMaterials/Substrate/Glints2/dict_0002_0208.uasset" 8503
"/Engine/EngineMaterials/Substrate/Glints2/dict_0002_0195" 8504
"../../../Engine/Content/EngineMaterials/Substrate/Glints2/dict_0002_0205.uasset" 8505
"../../../Engine/Content/EngineMaterials/Substrate/Glints2/dict_0002_0210.uasset" 8506
"/Engine/EngineMaterials/Substrate/Glints2/dict_0002_0193" 8507
"/Engine/EngineMaterials/Substrate/Glints2/dict_0002_0214" 8508
"/Engine/EngineMaterials/Substrate/Glints2/dict_0002_0213" 8509
"/Engine/EngineMaterials/Substrate/Glints2/dict_0002_0211" 8510
"../../../Engine/Content/EngineMaterials/Substrate/Glints2/dict_0002_0235.uasset" 8511
"/Engine/EngineMaterials/Substrate/Glints2/dict_0002_0210" 8512
"../../../Engine/Content/EngineMaterials/Substrate/Glints2/dict_0002_0232.uasset" 8513
"../../../Engine/Content/EngineMaterials/Substrate/Glints2/dict_0002_0230.uasset" 8514
"../../../Engine/Content/EngineMaterials/Substrate/Glints2/dict_0002_0228.uasset" 8515
"/Engine/EngineMaterials/Substrate/Glints2/dict_0002_0208" 8516
"/Engine/EngineMaterials/Substrate/Glints2/dict_0002_0207" 8517
"../../../Engine/Content/EngineMaterials/Substrate/Glints2/dict_0002_0224.uasset" 8518
"../../../Engine/Content/EngineMaterials/Substrate/Glints2/dict_0002_0220.uasset" 8519
"../../../Engine/Content/EngineMaterials/Substrate/Glints2/dict_0002_0223.uasset" 8520
"../../../Engine/Content/EngineMaterials/Substrate/Glints2/dict_0002_0221.uasset" 8521
"../../../Engine/Content/EngineMaterials/Substrate/Glints2/dict_0002_0217.uasset" 8522
"../../../Engine/Content/EngineMaterials/Substrate/Glints2/dict_0002_0222.uasset" 8523
"/Engine/EngineMaterials/Substrate/Glints2/dict_0002_0206" 8524
"../../../Engine/Content/EngineMaterials/Substrate/Glints2/dict_0002_0225.uasset" 8525
"/Engine/EngineMaterials/Substrate/Glints2/dict_0002_0205" 8526
"/Engine/EngineMaterials/Substrate/Glints2/dict_0002_0219" 8527
"../../../Engine/Content/EngineMaterials/Substrate/Glints2/dict_0002_0215.uasset" 8528
"../../../Engine/Content/EngineMaterials/Substrate/Glints2/dict_0002_0216.uasset" 8529
"/Engine/EngineMaterials/Substrate/Glints2/dict_0002_0204" 8530
"/Engine/EngineMaterials/Substrate/Glints2/dict_0002_0203" 8531
"/Engine/EngineMaterials/Substrate/Glints2/dict_0002_0218" 8532
"/Engine/EngineMaterials/Substrate/Glints2/dict_0002_0202" 8533
"/Engine/EngineMaterials/Substrate/Glints2/dict_0002_0225" 8534
"../../../Engine/Content/EngineMaterials/Substrate/Glints2/dict_0002_0226.uasset" 8535
"/Engine/EngineMaterials/Substrate/Glints2/dict_0002_0235" 8536
"/Engine/EngineMaterials/Substrate/Glints2/dict_0002_0232" 8537
"../../../Engine/Content/EngineMaterials/Substrate/Glints2/dict_0002_0227.uasset" 8538
"../../../Engine/Content/EngineMaterials/Substrate/Glints2/dict_0002_0231.uasset" 8539
"../../../Engine/Content/EngineMaterials/Substrate/Glints2/dict_0002_0234.uasset" 8540
"../../../Engine/Content/EngineMaterials/Substrate/Glints2/dict_0002_0239.uasset" 8541
"/Engine/EngineMaterials/Substrate/Glints2/dict_0002_0230" 8542
"../../../Engine/Content/EngineMaterials/Substrate/Glints2/dict_0002_0233.uasset" 8543
"../../../Engine/Content/EngineMaterials/Substrate/Glints2/dict_0002_0236.uasset" 8544
"../../../Engine/Content/EngineMaterials/Substrate/Glints2/dict_0002_0243.uasset" 8545
"../../../Engine/Content/EngineMaterials/Substrate/Glints2/dict_0002_0244.uasset" 8546
"/Engine/EngineMaterials/Substrate/Glints2/dict_0002_0228" 8547
"../../../Engine/Content/EngineMaterials/Substrate/Glints2/dict_0002_0229.uasset" 8548
"/Engine/EngineMaterials/Substrate/Glints2/dict_0002_0224" 8549
"/Engine/EngineMaterials/Substrate/Glints2/dict_0002_0223" 8550
"/Engine/EngineMaterials/Substrate/Glints2/dict_0002_0222" 8551
"/Engine/EngineMaterials/Substrate/Glints2/dict_0002_0221" 8552
"/Engine/EngineMaterials/Substrate/Glints2/dict_0002_0220" 8553
"/Engine/EngineMaterials/Substrate/Glints2/dict_0002_0217" 8554
"/Engine/EngineMaterials/Substrate/Glints2/dict_0002_0216" 8555
"/Engine/EngineMaterials/Substrate/Glints2/dict_0002_0215" 8556
"/Engine/EngineMaterials/Substrate/Glints2/dict_0002_0234" 8557
"/Engine/EngineMaterials/Substrate/Glints2/dict_0002_0233" 8558
"/Engine/EngineMaterials/Substrate/Glints2/dict_0002_0231" 8559
"/Engine/EngineMaterials/Substrate/Glints2/dict_0002_0229" 8560
"/Engine/EngineMaterials/Substrate/Glints2/dict_0002_0244" 8561
"../../../Engine/Content/EngineMaterials/Substrate/Glints2/dict_0002_0245.uasset" 8562
"../../../Engine/Content/EngineMaterials/Substrate/Glints2/dict_0002_0248.uasset" 8563
"../../../Engine/Content/EngineMaterials/Substrate/Glints2/dict_0002_0240.uasset" 8564
"../../../Engine/Content/EngineMaterials/Substrate/Glints2/dict_0002_0238.uasset" 8565
"../../../Engine/Content/EngineMaterials/Substrate/Glints2/dict_0002_0241.uasset" 8566
"../../../Engine/Content/EngineMaterials/Substrate/Glints2/dict_0002_0253.uasset" 8567
"../../../Engine/Content/EngineMaterials/Substrate/Glints2/dict_0002_0246.uasset" 8568
"../../../Engine/Content/EngineMaterials/Substrate/Glints2/dict_0002_0247.uasset" 8569
"/Engine/EngineMaterials/Substrate/Glints2/dict_0002_0227" 8570
"../../../Engine/Content/EngineMaterials/Substrate/Glints2/dict_0002_0249.uasset" 8571
"/Engine/EngineMaterials/Substrate/Glints2/dict_0002_0243" 8572
"../../../Engine/Content/EngineMaterials/Substrate/Glints2/dict_0002_0237.uasset" 8573
"../../../Engine/Content/EngineMaterials/Substrate/Glints2/dict_0002_0242.uasset" 8574
"/Engine/EngineMaterials/Substrate/Glints2/dict_0002_0226" 8575
"/Engine/EngineMaterials/Substrate/Glints2/dict_0002_0239" 8576
"/Engine/EngineMaterials/Substrate/Glints2/dict_0002_0236" 8577
"/Engine/EngineMaterials/Substrate/Glints2/dict_0002_0248" 8578
"/Engine/EngineMaterials/Substrate/Glints2/dict_0002_0247" 8579
"/Engine/EngineMaterials/Substrate/Glints2/dict_0002_0246" 8580
"/Engine/EngineMaterials/Substrate/Glints2/dict_0002_0245" 8581
"/Engine/EngineMaterials/Substrate/Glints2/dict_0002_0253" 8582
"../../../Engine/Content/EngineMaterials/Substrate/Glints2/dict_0003_0008.uasset" 8583
"../../../Engine/Content/EngineMaterials/Substrate/Glints2/dict_0003_0011.uasset" 8584
"../../../Engine/Content/EngineMaterials/Substrate/Glints2/dict_0003_0015.uasset" 8585
"../../../Engine/Content/EngineMaterials/Substrate/Glints2/dict_0003_0014.uasset" 8586
"../../../Engine/Content/EngineMaterials/Substrate/Glints2/dict_0003_0009.uasset" 8587
"/Engine/EngineMaterials/Substrate/Glints2/dict_0002_0242" 8588
"../../../Engine/Content/EngineMaterials/Substrate/Glints2/dict_0003_0005.uasset" 8589
"/Engine/EngineMaterials/Substrate/Glints2/dict_0002_0241" 8590
"../../../Engine/Content/EngineMaterials/Substrate/Glints2/dict_0002_0254.uasset" 8591
"/Engine/EngineMaterials/Substrate/Glints2/dict_0002_0240" 8592
"../../../Engine/Content/EngineMaterials/Substrate/Glints2/dict_0003_0002.uasset" 8593
"../../../Engine/Content/EngineMaterials/Substrate/Glints2/dict_0003_0004.uasset" 8594
"/Engine/EngineMaterials/Substrate/Glints2/dict_0002_0238" 8595
"../../../Engine/Content/EngineMaterials/Substrate/Glints2/dict_0002_0252.uasset" 8596
"../../../Engine/Content/EngineMaterials/Substrate/Glints2/dict_0002_0255.uasset" 8597
"../../../Engine/Content/EngineMaterials/Substrate/Glints2/dict_0003_0003.uasset" 8598
"../../../Engine/Content/EngineMaterials/Substrate/Glints2/dict_0003_0000.uasset" 8599
"../../../Engine/Content/EngineMaterials/Substrate/Glints2/dict_0002_0250.uasset" 8600
"/Engine/EngineMaterials/Substrate/Glints2/dict_0002_0237" 8601
"../../../Engine/Content/EngineMaterials/Substrate/Glints2/dict_0003_0001.uasset" 8602
"/Engine/EngineMaterials/Substrate/Glints2/dict_0002_0249" 8603
"../../../Engine/Content/EngineMaterials/Substrate/Glints2/dict_0002_0251.uasset" 8604
"/Engine/EngineMaterials/Substrate/Glints2/dict_0003_0005" 8605
"/Engine/EngineMaterials/Substrate/Glints2/dict_0003_0004" 8606
"/Engine/EngineMaterials/Substrate/Glints2/dict_0003_0015" 8607
"/Engine/EngineMaterials/Substrate/Glints2/dict_0003_0014" 8608
"../../../Engine/Content/EngineMaterials/Substrate/Glints2/dict_0003_0018.uasset" 8609
"../../../Engine/Content/EngineMaterials/Substrate/Glints2/dict_0003_0021.uasset" 8610
"/Engine/EngineMaterials/Substrate/Glints2/dict_0003_0003" 8611
"/Engine/EngineMaterials/Substrate/Glints2/dict_0003_0002" 8612
"../../../Engine/Content/EngineMaterials/Substrate/Glints2/dict_0003_0020.uasset" 8613
"/Engine/EngineMaterials/Substrate/Glints2/dict_0003_0001" 8614
"../../../Engine/Content/EngineMaterials/Substrate/Glints2/dict_0003_0006.uasset" 8615
"/Engine/EngineMaterials/Substrate/Glints2/dict_0003_0000" 8616
"../../../Engine/Content/EngineMaterials/Substrate/Glints2/dict_0003_0010.uasset" 8617
"../../../Engine/Content/EngineMaterials/Substrate/Glints2/dict_0003_0012.uasset" 8618
"/Engine/EngineMaterials/Substrate/Glints2/dict_0002_0255" 8619
"../../../Engine/Content/EngineMaterials/Substrate/Glints2/dict_0003_0007.uasset" 8620
"/Engine/EngineMaterials/Substrate/Glints2/dict_0003_0011" 8621
"/Engine/EngineMaterials/Substrate/Glints2/dict_0002_0254" 8622
"../../../Engine/Content/EngineMaterials/Substrate/Glints2/dict_0003_0013.uasset" 8623
"/Engine/EngineMaterials/Substrate/Glints2/dict_0003_0009" 8624
"/Engine/EngineMaterials/Substrate/Glints2/dict_0002_0252" 8625
"/Engine/EngineMaterials/Substrate/Glints2/dict_0003_0008" 8626
"/Engine/EngineMaterials/Substrate/Glints2/dict_0002_0251" 8627
"/Engine/EngineMaterials/Substrate/Glints2/dict_0002_0250" 8628
"../../../Engine/Content/EngineMaterials/Substrate/Glints2/dict_0003_0016.uasset" 8629
"/Engine/EngineMaterials/Substrate/Glints2/dict_0003_0013" 8630
"/Engine/EngineMaterials/Substrate/Glints2/dict_0003_0012" 8631
"/Engine/EngineMaterials/Substrate/Glints2/dict_0003_0010" 8632
"../../../Engine/Content/EngineMaterials/Substrate/Glints2/dict_0003_0019.uasset" 8633
"../../../Engine/Content/EngineMaterials/Substrate/Glints2/dict_0003_0026.uasset" 8634
"../../../Engine/Content/EngineMaterials/Substrate/Glints2/dict_0003_0024.uasset" 8635
"../../../Engine/Content/EngineMaterials/Substrate/Glints2/dict_0003_0025.uasset" 8636
"/Engine/EngineMaterials/Substrate/Glints2/dict_0003_0021" 8637
"../../../Engine/Content/EngineMaterials/Substrate/Glints2/dict_0003_0027.uasset" 8638
"../../../Engine/Content/EngineMaterials/Substrate/Glints2/dict_0003_0022.uasset" 8639
"../../../Engine/Content/EngineMaterials/Substrate/Glints2/dict_0003_0031.uasset" 8640
"../../../Engine/Content/EngineMaterials/Substrate/Glints2/dict_0003_0042.uasset" 8641
"../../../Engine/Content/EngineMaterials/Substrate/Glints2/dict_0003_0029.uasset" 8642
"../../../Engine/Content/EngineMaterials/Substrate/Glints2/dict_0003_0017.uasset" 8643
"/Engine/EngineMaterials/Substrate/Glints2/dict_0003_0020" 8644
"../../../Engine/Content/EngineMaterials/Substrate/Glints2/dict_0003_0039.uasset" 8645
"/Engine/EngineMaterials/Substrate/Glints2/dict_0003_0007" 8646
"../../../Engine/Content/EngineMaterials/Substrate/Glints2/dict_0003_0023.uasset" 8647
"/Engine/EngineMaterials/Substrate/Glints2/dict_0003_0018" 8648
"/Engine/EngineMaterials/Substrate/Glints2/dict_0003_0006" 8649
"/Engine/EngineMaterials/Substrate/Glints2/dict_0003_0042" 8650
"/Engine/EngineMaterials/Substrate/Glints2/dict_0003_0026" 8651
"/Engine/EngineMaterials/Substrate/Glints2/dict_0003_0025" 8652
"/Engine/EngineMaterials/Substrate/Glints2/dict_0003_0039" 8653
"../../../Engine/Content/EngineMaterials/Substrate/Glints2/dict_0003_0050.uasset" 8654
"../../../Engine/Content/EngineMaterials/Substrate/Glints2/dict_0003_0045.uasset" 8655
"/Engine/EngineMaterials/Substrate/Glints2/dict_0003_0024" 8656
"/Engine/EngineMaterials/Substrate/Glints2/dict_0003_0023" 8657
"/Engine/EngineMaterials/Substrate/Glints2/dict_0003_0022" 8658
"../../../Engine/Content/EngineMaterials/Substrate/Glints2/dict_0003_0028.uasset" 8659
"/Engine/EngineMaterials/Substrate/Glints2/dict_0003_0031" 8660
"../../../Engine/Content/EngineMaterials/Substrate/Glints2/dict_0003_0037.uasset" 8661
"../../../Engine/Content/EngineMaterials/Substrate/Glints2/dict_0003_0036.uasset" 8662
"/Engine/EngineMaterials/Substrate/Glints2/dict_0003_0029" 8663
"../../../Engine/Content/EngineMaterials/Substrate/Glints2/dict_0003_0035.uasset" 8664
"../../../Engine/Content/EngineMaterials/Substrate/Glints2/dict_0003_0038.uasset" 8665
"/Engine/EngineMaterials/Substrate/Glints2/dict_0003_0019" 8666
"../../../Engine/Content/EngineMaterials/Substrate/Glints2/dict_0003_0041.uasset" 8667
"../../../Engine/Content/EngineMaterials/Substrate/Glints2/dict_0003_0034.uasset" 8668
"/Engine/EngineMaterials/Substrate/Glints2/dict_0003_0017" 8669
"../../../Engine/Content/EngineMaterials/Substrate/Glints2/dict_0003_0033.uasset" 8670
"../../../Engine/Content/EngineMaterials/Substrate/Glints2/dict_0003_0030.uasset" 8671
"/Engine/EngineMaterials/Substrate/Glints2/dict_0003_0027" 8672
"../../../Engine/Content/EngineMaterials/Substrate/Glints2/dict_0003_0032.uasset" 8673
"/Engine/EngineMaterials/Substrate/Glints2/dict_0003_0016" 8674
"../../../Engine/Content/EngineMaterials/Substrate/Glints2/dict_0003_0040.uasset" 8675
"/Engine/EngineMaterials/Substrate/Glints2/dict_0003_0041" 8676
"/Engine/EngineMaterials/Substrate/Glints2/dict_0003_0040" 8677
"../../../Engine/Content/EngineMaterials/Substrate/Glints2/dict_0003_0047.uasset" 8678
"/Engine/EngineMaterials/Substrate/Glints2/dict_0003_0038" 8679
"../../../Engine/Content/EngineMaterials/Substrate/Glints2/dict_0003_0043.uasset" 8680
"../../../Engine/Content/EngineMaterials/Substrate/Glints2/dict_0003_0046.uasset" 8681
"/Engine/EngineMaterials/Substrate/Glints2/dict_0003_0050" 8682
"../../../Engine/Content/EngineMaterials/Substrate/Glints2/dict_0003_0058.uasset" 8683
"../../../Engine/Content/EngineMaterials/Substrate/Glints2/dict_0003_0060.uasset" 8684
"../../../Engine/Content/EngineMaterials/Substrate/Glints2/dict_0003_0052.uasset" 8685
"../../../Engine/Content/EngineMaterials/Substrate/Glints2/dict_0003_0054.uasset" 8686
"/Engine/EngineMaterials/Substrate/Glints2/dict_0003_0037" 8687
"../../../Engine/Content/EngineMaterials/Substrate/Glints2/dict_0003_0061.uasset" 8688
"../../../Engine/Content/EngineMaterials/Substrate/Glints2/dict_0003_0049.uasset" 8689
"../../../Engine/Content/EngineMaterials/Substrate/Glints2/dict_0003_0062.uasset" 8690
"/Engine/EngineMaterials/Substrate/Glints2/dict_0003_0036" 8691
"../../../Engine/Content/EngineMaterials/Substrate/Glints2/dict_0003_0044.uasset" 8692
"/Engine/EngineMaterials/Substrate/Glints2/dict_0003_0035" 8693
"../../../Engine/Content/EngineMaterials/Substrate/Glints2/dict_0003_0048.uasset" 8694
"/Engine/EngineMaterials/Substrate/Glints2/dict_0003_0034" 8695
"/Engine/EngineMaterials/Substrate/Glints2/dict_0003_0033" 8696
"/Engine/EngineMaterials/Substrate/Glints2/dict_0003_0032" 8697
"/Engine/EngineMaterials/Substrate/Glints2/dict_0003_0030" 8698
"/Engine/EngineMaterials/Substrate/Glints2/dict_0003_0045" 8699
"/Engine/EngineMaterials/Substrate/Glints2/dict_0003_0028" 8700
"/Engine/EngineMaterials/Substrate/Glints2/dict_0003_0062" 8701
"/Engine/EngineMaterials/Substrate/Glints2/dict_0003_0061" 8702
"../../../Engine/Content/EngineMaterials/Substrate/Glints2/dict_0003_0055.uasset" 8703
"/Engine/EngineMaterials/Substrate/Glints2/dict_0003_0060" 8704
"/Engine/EngineMaterials/Substrate/Glints2/dict_0003_0058" 8705
"../../../Engine/Content/EngineMaterials/Substrate/Glints2/dict_0003_0057.uasset" 8706
"../../../Engine/Content/EngineMaterials/Substrate/Glints2/dict_0003_0066.uasset" 8707
"/Engine/EngineMaterials/Substrate/Glints2/dict_0003_0049" 8708
"../../../Engine/Content/EngineMaterials/Substrate/Glints2/dict_0003_0067.uasset" 8709
"../../../Engine/Content/EngineMaterials/Substrate/Glints2/dict_0003_0070.uasset" 8710
"../../../Engine/Content/EngineMaterials/Substrate/Glints2/dict_0003_0065.uasset" 8711
"../../../Engine/Content/EngineMaterials/Substrate/Glints2/dict_0003_0056.uasset" 8712
"../../../Engine/Content/EngineMaterials/Substrate/Glints2/dict_0003_0072.uasset" 8713
"../../../Engine/Content/EngineMaterials/Substrate/Glints2/dict_0003_0071.uasset" 8714
"../../../Engine/Content/EngineMaterials/Substrate/Glints2/dict_0003_0069.uasset" 8715
"../../../Engine/Content/EngineMaterials/Substrate/Glints2/dict_0003_0073.uasset" 8716
"/Engine/EngineMaterials/Substrate/Glints2/dict_0003_0048" 8717
"../../../Engine/Content/EngineMaterials/Substrate/Glints2/dict_0003_0053.uasset" 8718
"../../../Engine/Content/EngineMaterials/Substrate/Glints2/dict_0003_0051.uasset" 8719
"../../../Engine/Content/EngineMaterials/Substrate/Glints2/dict_0003_0059.uasset" 8720
"../../../Engine/Content/EngineMaterials/Substrate/Glints2/dict_0003_0063.uasset" 8721
"/Engine/EngineMaterials/Substrate/Glints2/dict_0003_0047" 8722
"/Engine/EngineMaterials/Substrate/Glints2/dict_0003_0046" 8723
"/Engine/EngineMaterials/Substrate/Glints2/dict_0003_0054" 8724
"/Engine/EngineMaterials/Substrate/Glints2/dict_0003_0044" 8725
"/Engine/EngineMaterials/Substrate/Glints2/dict_0003_0052" 8726
"/Engine/EngineMaterials/Substrate/Glints2/dict_0003_0043" 8727
"/Engine/EngineMaterials/Substrate/Glints2/dict_0003_0063" 8728
"/Engine/EngineMaterials/Substrate/Glints2/dict_0003_0059" 8729
"/Engine/EngineMaterials/Substrate/Glints2/dict_0003_0073" 8730
"../../../Engine/Content/EngineMaterials/Substrate/Glints2/dict_0003_0076.uasset" 8731
"../../../Engine/Content/EngineMaterials/Substrate/Glints2/dict_0003_0068.uasset" 8732
"/Engine/EngineMaterials/Substrate/Glints2/dict_0003_0072" 8733
"/Engine/EngineMaterials/Substrate/Glints2/dict_0003_0071" 8734
"../../../Engine/Content/EngineMaterials/Substrate/Glints2/dict_0003_0082.uasset" 8735
"../../../Engine/Content/EngineMaterials/Substrate/Glints2/dict_0003_0080.uasset" 8736
"../../../Engine/Content/EngineMaterials/Substrate/Glints2/dict_0003_0079.uasset" 8737
"/Engine/EngineMaterials/Substrate/Glints2/dict_0003_0070" 8738
"../../../Engine/Content/EngineMaterials/Substrate/Glints2/dict_0003_0075.uasset" 8739
"/Engine/EngineMaterials/Substrate/Glints2/dict_0003_0069" 8740
"../../../Engine/Content/EngineMaterials/Substrate/Glints2/dict_0003_0074.uasset" 8741
"/Engine/EngineMaterials/Substrate/Glints2/dict_0003_0067" 8742
"../../../Engine/Content/EngineMaterials/Substrate/Glints2/dict_0003_0064.uasset" 8743
"/Engine/EngineMaterials/Substrate/Glints2/dict_0003_0057" 8744
"/Engine/EngineMaterials/Substrate/Glints2/dict_0003_0056" 8745
"/Engine/EngineMaterials/Substrate/Glints2/dict_0003_0066" 8746
"/Engine/EngineMaterials/Substrate/Glints2/dict_0003_0055" 8747
"/Engine/EngineMaterials/Substrate/Glints2/dict_0003_0065" 8748
"/Engine/EngineMaterials/Substrate/Glints2/dict_0003_0053" 8749
"/Engine/EngineMaterials/Substrate/Glints2/dict_0003_0051" 8750
"/Engine/EngineMaterials/Substrate/Glints2/dict_0003_0076" 8751
"../../../Engine/Content/EngineMaterials/Substrate/Glints2/dict_0003_0086.uasset" 8752
"../../../Engine/Content/EngineMaterials/Substrate/Glints2/dict_0003_0087.uasset" 8753
"../../../Engine/Content/EngineMaterials/Substrate/Glints2/dict_0003_0081.uasset" 8754
"../../../Engine/Content/EngineMaterials/Substrate/Glints2/dict_0003_0078.uasset" 8755
"/Engine/EngineMaterials/Substrate/Glints2/dict_0003_0075" 8756
"../../../Engine/Content/EngineMaterials/Substrate/Glints2/dict_0003_0083.uasset" 8757
"/Engine/EngineMaterials/Substrate/Glints2/dict_0003_0074" 8758
"/Engine/EngineMaterials/Substrate/Glints2/dict_0003_0068" 8759
"../../../Engine/Content/EngineMaterials/Substrate/Glints2/dict_0003_0088.uasset" 8760
"../../../Engine/Content/EngineMaterials/Substrate/Glints2/dict_0003_0094.uasset" 8761
"../../../Engine/Content/EngineMaterials/Substrate/Glints2/dict_0003_0095.uasset" 8762
"../../../Engine/Content/EngineMaterials/Substrate/Glints2/dict_0003_0085.uasset" 8763
"../../../Engine/Content/EngineMaterials/Substrate/Glints2/dict_0003_0089.uasset" 8764
"../../../Engine/Content/EngineMaterials/Substrate/Glints2/dict_0003_0103.uasset" 8765
"../../../Engine/Content/EngineMaterials/Substrate/Glints2/dict_0003_0100.uasset" 8766
"../../../Engine/Content/EngineMaterials/Substrate/Glints2/dict_0003_0097.uasset" 8767
"/Engine/EngineMaterials/Substrate/Glints2/dict_0003_0082" 8768
"../../../Engine/Content/EngineMaterials/Substrate/Glints2/dict_0003_0077.uasset" 8769
"/Engine/EngineMaterials/Substrate/Glints2/dict_0003_0080" 8770
"/Engine/EngineMaterials/Substrate/Glints2/dict_0003_0079" 8771
"../../../Engine/Content/EngineMaterials/Substrate/Glints2/dict_0003_0084.uasset" 8772
"/Engine/EngineMaterials/Substrate/Glints2/dict_0003_0064" 8773
"/Engine/EngineMaterials/Substrate/Glints2/dict_0003_0103" 8774
"/Engine/EngineMaterials/Substrate/Glints2/dict_0003_0088" 8775
"/Engine/EngineMaterials/Substrate/Glints2/dict_0003_0087" 8776
"/Engine/EngineMaterials/Substrate/Glints2/dict_0003_0086" 8777
"../../../Engine/Content/EngineMaterials/Substrate/Glints2/dict_0003_0108.uasset" 8778
"../../../Engine/Content/EngineMaterials/Substrate/Glints2/dict_0003_0107.uasset" 8779
"../../../Engine/Content/EngineMaterials/Substrate/Glints2/dict_0003_0110.uasset" 8780
"/Engine/EngineMaterials/Substrate/Glints2/dict_0003_0085" 8781
"/Engine/EngineMaterials/Substrate/Glints2/dict_0003_0100" 8782
"/Engine/EngineMaterials/Substrate/Glints2/dict_0003_0084" 8783
"../../../Engine/Content/EngineMaterials/Substrate/Glints2/dict_0003_0101.uasset" 8784
"../../../Engine/Content/EngineMaterials/Substrate/Glints2/dict_0003_0099.uasset" 8785
"../../../Engine/Content/EngineMaterials/Substrate/Glints2/dict_0003_0092.uasset" 8786
"/Engine/EngineMaterials/Substrate/Glints2/dict_0003_0097" 8787
"../../../Engine/Content/EngineMaterials/Substrate/Glints2/dict_0003_0098.uasset" 8788
"/Engine/EngineMaterials/Substrate/Glints2/dict_0003_0083" 8789
"../../../Engine/Content/EngineMaterials/Substrate/Glints2/dict_0003_0102.uasset" 8790
"../../../Engine/Content/EngineMaterials/Substrate/Glints2/dict_0003_0096.uasset" 8791
"../../../Engine/Content/EngineMaterials/Substrate/Glints2/dict_0003_0093.uasset" 8792
"/Engine/EngineMaterials/Substrate/Glints2/dict_0003_0095" 8793
"/Engine/EngineMaterials/Substrate/Glints2/dict_0003_0094" 8794
"../../../Engine/Content/EngineMaterials/Substrate/Glints2/dict_0003_0091.uasset" 8795
"/Engine/EngineMaterials/Substrate/Glints2/dict_0003_0081" 8796
"../../../Engine/Content/EngineMaterials/Substrate/Glints2/dict_0003_0090.uasset" 8797
"/Engine/EngineMaterials/Substrate/Glints2/dict_0003_0078" 8798
"../../../Engine/Content/EngineMaterials/Substrate/Glints2/dict_0003_0105.uasset" 8799
"/Engine/EngineMaterials/Substrate/Glints2/dict_0003_0077" 8800
"/Engine/EngineMaterials/Substrate/Glints2/dict_0003_0089" 8801
"../../../Engine/Content/EngineMaterials/Substrate/Glints2/dict_0003_0106.uasset" 8802
"/Engine/EngineMaterials/Substrate/Glints2/dict_0003_0110" 8803
"../../../Engine/Content/EngineMaterials/Substrate/Glints2/dict_0003_0109.uasset" 8804
"/Engine/EngineMaterials/Substrate/Glints2/dict_0003_0102" 8805
"../../../Engine/Content/EngineMaterials/Substrate/Glints2/dict_0003_0104.uasset" 8806
"/Engine/EngineMaterials/Substrate/Glints2/dict_0003_0101" 8807
"../../../Engine/Content/EngineMaterials/Substrate/Glints2/dict_0003_0111.uasset" 8808
"../../../Engine/Content/EngineMaterials/Substrate/Glints2/dict_0003_0121.uasset" 8809
"/Engine/EngineMaterials/Substrate/Glints2/dict_0003_0099" 8810
"../../../Engine/Content/EngineMaterials/Substrate/Glints2/dict_0003_0112.uasset" 8811
"../../../Engine/Content/EngineMaterials/Substrate/Glints2/dict_0003_0118.uasset" 8812
"../../../Engine/Content/EngineMaterials/Substrate/Glints2/dict_0003_0124.uasset" 8813
"/Engine/EngineMaterials/Substrate/Glints2/dict_0003_0098" 8814
"../../../Engine/Content/EngineMaterials/Substrate/Glints2/dict_0003_0125.uasset" 8815
"/Engine/EngineMaterials/Substrate/Glints2/dict_0003_0108" 8816
"/Engine/EngineMaterials/Substrate/Glints2/dict_0003_0096" 8817
"/Engine/EngineMaterials/Substrate/Glints2/dict_0003_0093" 8818
"/Engine/EngineMaterials/Substrate/Glints2/dict_0003_0092" 8819
"/Engine/EngineMaterials/Substrate/Glints2/dict_0003_0107" 8820
"/Engine/EngineMaterials/Substrate/Glints2/dict_0003_0091" 8821
"/Engine/EngineMaterials/Substrate/Glints2/dict_0003_0105" 8822
"/Engine/EngineMaterials/Substrate/Glints2/dict_0003_0090" 8823
"/Engine/EngineMaterials/Substrate/Glints2/dict_0003_0111" 8824
"/Engine/EngineMaterials/Substrate/Glints2/dict_0003_0125" 8825
"../../../Engine/Content/EngineMaterials/Substrate/Glints2/dict_0003_0119.uasset" 8826
"/Engine/EngineMaterials/Substrate/Glints2/dict_0003_0124" 8827
"../../../Engine/Content/EngineMaterials/Substrate/Glints2/dict_0003_0122.uasset" 8828
"../../../Engine/Content/EngineMaterials/Substrate/Glints2/dict_0003_0114.uasset" 8829
"../../../Engine/Content/EngineMaterials/Substrate/Glints2/dict_0003_0126.uasset" 8830
"/Engine/EngineMaterials/Substrate/Glints2/dict_0003_0109" 8831
"../../../Engine/Content/EngineMaterials/Substrate/Glints2/dict_0003_0132.uasset" 8832
"../../../Engine/Content/EngineMaterials/Substrate/Glints2/dict_0003_0139.uasset" 8833
"../../../Engine/Content/EngineMaterials/Substrate/Glints2/dict_0003_0115.uasset" 8834
"../../../Engine/Content/EngineMaterials/Substrate/Glints2/dict_0003_0137.uasset" 8835
"../../../Engine/Content/EngineMaterials/Substrate/Glints2/dict_0003_0136.uasset" 8836
"../../../Engine/Content/EngineMaterials/Substrate/Glints2/dict_0003_0130.uasset" 8837
"../../../Engine/Content/EngineMaterials/Substrate/Glints2/dict_0003_0116.uasset" 8838
"/Engine/EngineMaterials/Substrate/Glints2/dict_0003_0121" 8839
"/Engine/EngineMaterials/Substrate/Glints2/dict_0003_0118" 8840
"../../../Engine/Content/EngineMaterials/Substrate/Glints2/dict_0003_0120.uasset" 8841
"../../../Engine/Content/EngineMaterials/Substrate/Glints2/dict_0003_0113.uasset" 8842
"../../../Engine/Content/EngineMaterials/Substrate/Glints2/dict_0003_0117.uasset" 8843
"/Engine/EngineMaterials/Substrate/Glints2/dict_0003_0106" 8844
"../../../Engine/Content/EngineMaterials/Substrate/Glints2/dict_0003_0123.uasset" 8845
"/Engine/EngineMaterials/Substrate/Glints2/dict_0003_0104" 8846
"/Engine/EngineMaterials/Substrate/Glints2/dict_0003_0112" 8847
"/Engine/EngineMaterials/Substrate/Glints2/dict_0003_0126" 8848
"/Engine/EngineMaterials/Substrate/Glints2/dict_0003_0139" 8849
"/Engine/EngineMaterials/Substrate/Glints2/dict_0003_0123" 8850
"/Engine/EngineMaterials/Substrate/Glints2/dict_0003_0137" 8851
"../../../Engine/Content/EngineMaterials/Substrate/Glints2/dict_0003_0146.uasset" 8852
"/Engine/EngineMaterials/Substrate/Glints2/dict_0003_0122" 8853
"../../../Engine/Content/EngineMaterials/Substrate/Glints2/dict_0003_0145.uasset" 8854
"../../../Engine/Content/EngineMaterials/Substrate/Glints2/dict_0003_0138.uasset" 8855
"../../../Engine/Content/EngineMaterials/Substrate/Glints2/dict_0003_0134.uasset" 8856
"../../../Engine/Content/EngineMaterials/Substrate/Glints2/dict_0003_0127.uasset" 8857
"../../../Engine/Content/EngineMaterials/Substrate/Glints2/dict_0003_0128.uasset" 8858
"../../../Engine/Content/EngineMaterials/Substrate/Glints2/dict_0003_0133.uasset" 8859
"/Engine/EngineMaterials/Substrate/Glints2/dict_0003_0120" 8860
"/Engine/EngineMaterials/Substrate/Glints2/dict_0003_0136" 8861
"../../../Engine/Content/EngineMaterials/Substrate/Glints2/dict_0003_0129.uasset" 8862
"/Engine/EngineMaterials/Substrate/Glints2/dict_0003_0119" 8863
"../../../Engine/Content/EngineMaterials/Substrate/Glints2/dict_0003_0131.uasset" 8864
"../../../Engine/Content/EngineMaterials/Substrate/Glints2/dict_0003_0135.uasset" 8865
"/Engine/EngineMaterials/Substrate/Glints2/dict_0003_0117" 8866
"/Engine/EngineMaterials/Substrate/Glints2/dict_0003_0116" 8867
"/Engine/EngineMaterials/Substrate/Glints2/dict_0003_0132" 8868
"/Engine/EngineMaterials/Substrate/Glints2/dict_0003_0130" 8869
"/Engine/EngineMaterials/Substrate/Glints2/dict_0003_0115" 8870
"/Engine/EngineMaterials/Substrate/Glints2/dict_0003_0114" 8871
"/Engine/EngineMaterials/Substrate/Glints2/dict_0003_0113" 8872
"/Engine/EngineMaterials/Substrate/Glints2/dict_0003_0146" 8873
"/Engine/EngineMaterials/Substrate/Glints2/dict_0003_0145" 8874
"/Engine/EngineMaterials/Substrate/Glints2/dict_0003_0138" 8875
"../../../Engine/Content/EngineMaterials/Substrate/Glints2/dict_0003_0144.uasset" 8876
"../../../Engine/Content/EngineMaterials/Substrate/Glints2/dict_0003_0147.uasset" 8877
"../../../Engine/Content/EngineMaterials/Substrate/Glints2/dict_0003_0143.uasset" 8878
"../../../Engine/Content/EngineMaterials/Substrate/Glints2/dict_0003_0140.uasset" 8879
"../../../Engine/Content/EngineMaterials/Substrate/Glints2/dict_0003_0157.uasset" 8880
"/Engine/EngineMaterials/Substrate/Glints2/dict_0003_0135" 8881
"../../../Engine/Content/EngineMaterials/Substrate/Glints2/dict_0003_0141.uasset" 8882
"../../../Engine/Content/EngineMaterials/Substrate/Glints2/dict_0003_0162.uasset" 8883
"../../../Engine/Content/EngineMaterials/Substrate/Glints2/dict_0003_0155.uasset" 8884
"../../../Engine/Content/EngineMaterials/Substrate/Glints2/dict_0003_0148.uasset" 8885
"/Engine/EngineMaterials/Substrate/Glints2/dict_0003_0134" 8886
"../../../Engine/Content/EngineMaterials/Substrate/Glints2/dict_0003_0158.uasset" 8887
"../../../Engine/Content/EngineMaterials/Substrate/Glints2/dict_0003_0142.uasset" 8888
"/Engine/EngineMaterials/Substrate/Glints2/dict_0003_0133" 8889
"/Engine/EngineMaterials/Substrate/Glints2/dict_0003_0131" 8890
"/Engine/EngineMaterials/Substrate/Glints2/dict_0003_0129" 8891
"/Engine/EngineMaterials/Substrate/Glints2/dict_0003_0128" 8892
"/Engine/EngineMaterials/Substrate/Glints2/dict_0003_0127" 8893
"/Engine/EngineMaterials/Substrate/Glints2/dict_0003_0148" 8894
"/Engine/EngineMaterials/Substrate/Glints2/dict_0003_0162" 8895
"/Engine/EngineMaterials/Substrate/Glints2/dict_0003_0147" 8896
"/Engine/EngineMaterials/Substrate/Glints2/dict_0003_0144" 8897
"../../../Engine/Content/EngineMaterials/Substrate/Glints2/dict_0003_0164.uasset" 8898
"/Engine/EngineMaterials/Substrate/Glints2/dict_0003_0158" 8899
"../../../Engine/Content/EngineMaterials/Substrate/Glints2/dict_0003_0172.uasset" 8900
"../../../Engine/Content/EngineMaterials/Substrate/Glints2/dict_0003_0156.uasset" 8901
"../../../Engine/Content/EngineMaterials/Substrate/Glints2/dict_0003_0163.uasset" 8902
"../../../Engine/Content/EngineMaterials/Substrate/Glints2/dict_0003_0154.uasset" 8903
"../../../Engine/Content/EngineMaterials/Substrate/Glints2/dict_0003_0161.uasset" 8904
"../../../Engine/Content/EngineMaterials/Substrate/Glints2/dict_0003_0160.uasset" 8905
"/Engine/EngineMaterials/Substrate/Glints2/dict_0003_0157" 8906
"../../../Engine/Content/EngineMaterials/Substrate/Glints2/dict_0003_0150.uasset" 8907
"../../../Engine/Content/EngineMaterials/Substrate/Glints2/dict_0003_0151.uasset" 8908
"../../../Engine/Content/EngineMaterials/Substrate/Glints2/dict_0003_0149.uasset" 8909
"../../../Engine/Content/EngineMaterials/Substrate/Glints2/dict_0003_0153.uasset" 8910
"/Engine/EngineMaterials/Substrate/Glints2/dict_0003_0143" 8911
"../../../Engine/Content/EngineMaterials/Substrate/Glints2/dict_0003_0159.uasset" 8912
"/Engine/EngineMaterials/Substrate/Glints2/dict_0003_0155" 8913
"/Engine/EngineMaterials/Substrate/Glints2/dict_0003_0142" 8914
"../../../Engine/Content/EngineMaterials/Substrate/Glints2/dict_0003_0152.uasset" 8915
"/Engine/EngineMaterials/Substrate/Glints2/dict_0003_0141" 8916
"/Engine/EngineMaterials/Substrate/Glints2/dict_0003_0140" 8917
"/Engine/EngineMaterials/Substrate/Glints2/dict_0003_0163" 8918
"/Engine/EngineMaterials/Substrate/Glints2/dict_0003_0161" 8919
"/Engine/EngineMaterials/Substrate/Glints2/dict_0003_0172" 8920
"../../../Engine/Content/EngineMaterials/Substrate/Glints2/dict_0003_0165.uasset" 8921
"/Engine/EngineMaterials/Substrate/Glints2/dict_0003_0160" 8922
"../../../Engine/Content/EngineMaterials/Substrate/Glints2/dict_0003_0166.uasset" 8923
"../../../Engine/Content/EngineMaterials/Substrate/Glints2/dict_0003_0174.uasset" 8924
"/Engine/EngineMaterials/Substrate/Glints2/dict_0003_0159" 8925
"../../../Engine/Content/EngineMaterials/Substrate/Glints2/dict_0003_0176.uasset" 8926
"../../../Engine/Content/EngineMaterials/Substrate/Glints2/dict_0003_0181.uasset" 8927
"../../../Engine/Content/EngineMaterials/Substrate/Glints2/dict_0003_0170.uasset" 8928
"/Engine/EngineMaterials/Substrate/Glints2/dict_0003_0156" 8929
"/Engine/EngineMaterials/Substrate/Glints2/dict_0003_0154" 8930
"../../../Engine/Content/EngineMaterials/Substrate/Glints2/dict_0003_0169.uasset" 8931
"../../../Engine/Content/EngineMaterials/Substrate/Glints2/dict_0003_0167.uasset" 8932
"/Engine/EngineMaterials/Substrate/Glints2/dict_0003_0153" 8933
"../../../Engine/Content/EngineMaterials/Substrate/Glints2/dict_0003_0168.uasset" 8934
"../../../Engine/Content/EngineMaterials/Substrate/Glints2/dict_0003_0173.uasset" 8935
"../../../Engine/Content/EngineMaterials/Substrate/Glints2/dict_0003_0171.uasset" 8936
"/Engine/EngineMaterials/Substrate/Glints2/dict_0003_0152" 8937
"/Engine/EngineMaterials/Substrate/Glints2/dict_0003_0151" 8938
"/Engine/EngineMaterials/Substrate/Glints2/dict_0003_0164" 8939
"/Engine/EngineMaterials/Substrate/Glints2/dict_0003_0150" 8940
"/Engine/EngineMaterials/Substrate/Glints2/dict_0003_0149" 8941
"/Engine/EngineMaterials/Substrate/Glints2/dict_0003_0173" 8942
"/Engine/EngineMaterials/Substrate/Glints2/dict_0003_0171" 8943
"/Engine/EngineMaterials/Substrate/Glints2/dict_0003_0181" 8944
"../../../Engine/Content/EngineMaterials/Substrate/Glints2/dict_0003_0179.uasset" 8945
"/Engine/EngineMaterials/Substrate/Glints2/dict_0003_0170" 8946
"../../../Engine/Content/EngineMaterials/Substrate/Glints2/dict_0003_0175.uasset" 8947
"/Engine/EngineMaterials/Substrate/Glints2/dict_0003_0169" 8948
"../../../Engine/Content/EngineMaterials/Substrate/Glints2/dict_0003_0194.uasset" 8949
"../../../Engine/Content/EngineMaterials/Substrate/Glints2/dict_0003_0184.uasset" 8950
"../../../Engine/Content/EngineMaterials/Substrate/Glints2/dict_0003_0188.uasset" 8951
"/Engine/EngineMaterials/Substrate/Glints2/dict_0003_0168" 8952
"../../../Engine/Content/EngineMaterials/Substrate/Glints2/dict_0003_0192.uasset" 8953
"../../../Engine/Content/EngineMaterials/Substrate/Glints2/dict_0003_0177.uasset" 8954
"../../../Engine/Content/EngineMaterials/Substrate/Glints2/dict_0003_0187.uasset" 8955
"../../../Engine/Content/EngineMaterials/Substrate/Glints2/dict_0003_0180.uasset" 8956
"../../../Engine/Content/EngineMaterials/Substrate/Glints2/dict_0003_0183.uasset" 8957
"../../../Engine/Content/EngineMaterials/Substrate/Glints2/dict_0003_0178.uasset" 8958
"../../../Engine/Content/EngineMaterials/Substrate/Glints2/dict_0003_0182.uasset" 8959
"/Engine/EngineMaterials/Substrate/Glints2/dict_0003_0167" 8960
"/Engine/EngineMaterials/Substrate/Glints2/dict_0003_0176" 8961
"/Engine/EngineMaterials/Substrate/Glints2/dict_0003_0166" 8962
"/Engine/EngineMaterials/Substrate/Glints2/dict_0003_0165" 8963
"/Engine/EngineMaterials/Substrate/Glints2/dict_0003_0174" 8964
"/Engine/EngineMaterials/Substrate/Glints2/dict_0003_0184" 8965
"/Engine/EngineMaterials/Substrate/Glints2/dict_0003_0183" 8966
"/Engine/EngineMaterials/Substrate/Glints2/dict_0003_0182" 8967
"../../../Engine/Content/EngineMaterials/Substrate/Glints2/dict_0003_0205.uasset" 8968
"../../../Engine/Content/EngineMaterials/Substrate/Glints2/dict_0003_0202.uasset" 8969
"../../../Engine/Content/EngineMaterials/Substrate/Glints2/dict_0003_0198.uasset" 8970
"../../../Engine/Content/EngineMaterials/Substrate/Glints2/dict_0003_0208.uasset" 8971
"/Engine/EngineMaterials/Substrate/Glints2/dict_0003_0194" 8972
"../../../Engine/Content/EngineMaterials/Substrate/Glints2/dict_0003_0197.uasset" 8973
"../../../Engine/Content/EngineMaterials/Substrate/Glints2/dict_0003_0195.uasset" 8974
"../../../Engine/Content/EngineMaterials/Substrate/Glints2/dict_0003_0185.uasset" 8975
"../../../Engine/Content/EngineMaterials/Substrate/Glints2/dict_0003_0189.uasset" 8976
"/Engine/EngineMaterials/Substrate/Glints2/dict_0003_0180" 8977
"../../../Engine/Content/EngineMaterials/Substrate/Glints2/dict_0003_0191.uasset" 8978
"../../../Engine/Content/EngineMaterials/Substrate/Glints2/dict_0003_0196.uasset" 8979
"/Engine/EngineMaterials/Substrate/Glints2/dict_0003_0179" 8980
"../../../Engine/Content/EngineMaterials/Substrate/Glints2/dict_0003_0190.uasset" 8981
"/Engine/EngineMaterials/Substrate/Glints2/dict_0003_0192" 8982
"../../../Engine/Content/EngineMaterials/Substrate/Glints2/dict_0003_0193.uasset" 8983
"../../../Engine/Content/EngineMaterials/Substrate/Glints2/dict_0003_0186.uasset" 8984
"/Engine/EngineMaterials/Substrate/Glints2/dict_0003_0178" 8985
"/Engine/EngineMaterials/Substrate/Glints2/dict_0003_0177" 8986
"/Engine/EngineMaterials/Substrate/Glints2/dict_0003_0188" 8987
"/Engine/EngineMaterials/Substrate/Glints2/dict_0003_0187" 8988
"/Engine/EngineMaterials/Substrate/Glints2/dict_0003_0175" 8989
"/Engine/EngineMaterials/Substrate/Glints2/dict_0003_0197" 8990
"/Engine/EngineMaterials/Substrate/Glints2/dict_0003_0208" 8991
"/Engine/EngineMaterials/Substrate/Glints2/dict_0003_0196" 8992
"../../../Engine/Content/EngineMaterials/Substrate/Glints2/dict_0003_0212.uasset" 8993
"/Engine/EngineMaterials/Substrate/Glints2/dict_0003_0195" 8994
"../../../Engine/Content/EngineMaterials/Substrate/Glints2/dict_0003_0204.uasset" 8995
"../../../Engine/Content/EngineMaterials/Substrate/Glints2/dict_0003_0206.uasset" 8996
"../../../Engine/Content/EngineMaterials/Substrate/Glints2/dict_0003_0214.uasset" 8997
"../../../Engine/Content/EngineMaterials/Substrate/Glints2/dict_0003_0199.uasset" 8998
"../../../Engine/Content/EngineMaterials/Substrate/Glints2/dict_0003_0209.uasset" 8999
"../../../Engine/Content/EngineMaterials/Substrate/Glints2/dict_0003_0207.uasset" 9000
"/Engine/EngineMaterials/Substrate/Glints2/dict_0003_0193" 9001
"../../../Engine/Content/EngineMaterials/Substrate/Glints2/dict_0003_0201.uasset" 9002
"../../../Engine/Content/EngineMaterials/Substrate/Glints2/dict_0003_0203.uasset" 9003
"../../../Engine/Content/EngineMaterials/Substrate/Glints2/dict_0003_0200.uasset" 9004
"/Engine/EngineMaterials/Substrate/Glints2/dict_0003_0205" 9005
"/Engine/EngineMaterials/Substrate/Glints2/dict_0003_0191" 9006
"/Engine/EngineMaterials/Substrate/Glints2/dict_0003_0190" 9007
"/Engine/EngineMaterials/Substrate/Glints2/dict_0003_0202" 9008
"/Engine/EngineMaterials/Substrate/Glints2/dict_0003_0189" 9009
"/Engine/EngineMaterials/Substrate/Glints2/dict_0003_0186" 9010
"/Engine/EngineMaterials/Substrate/Glints2/dict_0003_0185" 9011
"/Engine/EngineMaterials/Substrate/Glints2/dict_0003_0198" 9012
"/Engine/EngineMaterials/Substrate/Glints2/dict_0003_0207" 9013
"../../../Engine/Content/EngineMaterials/Substrate/Glints2/dict_0003_0211.uasset" 9014
"../../../Engine/Content/EngineMaterials/Substrate/Glints2/dict_0003_0216.uasset" 9015
"../../../Engine/Content/EngineMaterials/Substrate/Glints2/dict_0003_0210.uasset" 9016
"/Engine/EngineMaterials/Substrate/Glints2/dict_0003_0206" 9017
"../../../Engine/Content/EngineMaterials/Substrate/Glints2/dict_0003_0217.uasset" 9018
"../../../Engine/Content/EngineMaterials/Substrate/Glints2/dict_0003_0213.uasset" 9019
"../../../Engine/Content/EngineMaterials/Substrate/Glints2/dict_0003_0215.uasset" 9020
"../../../Engine/Content/EngineMaterials/Substrate/Glints2/dict_0003_0220.uasset" 9021
"/Engine/EngineMaterials/Substrate/Glints2/dict_0003_0214" 9022
"../../../Engine/Content/EngineMaterials/Substrate/Glints2/dict_0003_0219.uasset" 9023
"/Engine/EngineMaterials/Substrate/Glints2/dict_0003_0204" 9024
"../../../Engine/Content/EngineMaterials/Substrate/Glints2/dict_0003_0228.uasset" 9025
"../../../Engine/Content/EngineMaterials/Substrate/Glints2/dict_0003_0226.uasset" 9026
"../../../Engine/Content/EngineMaterials/Substrate/Glints2/dict_0003_0231.uasset" 9027
"/Engine/EngineMaterials/Substrate/Glints2/dict_0003_0203" 9028
"../../../Engine/Content/EngineMaterials/Substrate/Glints2/dict_0003_0230.uasset" 9029
"../../../Engine/Content/EngineMaterials/Substrate/Glints2/dict_0003_0218.uasset" 9030
"/Engine/EngineMaterials/Substrate/Glints2/dict_0003_0212" 9031
"/Engine/EngineMaterials/Substrate/Glints2/dict_0003_0201" 9032
"/Engine/EngineMaterials/Substrate/Glints2/dict_0003_0200" 9033
"/Engine/EngineMaterials/Substrate/Glints2/dict_0003_0199" 9034
"/Engine/EngineMaterials/Substrate/Glints2/dict_0003_0209" 9035
"/Engine/EngineMaterials/Substrate/Glints2/dict_0003_0220" 9036
"/Engine/EngineMaterials/Substrate/Glints2/dict_0003_0219" 9037
"/Engine/EngineMaterials/Substrate/Glints2/dict_0003_0218" 9038
"/Engine/EngineMaterials/Substrate/Glints2/dict_0003_0231" 9039
"../../../Engine/Content/EngineMaterials/Substrate/Glints2/dict_0003_0234.uasset" 9040
"../../../Engine/Content/EngineMaterials/Substrate/Glints2/dict_0003_0241.uasset" 9041
"../../../Engine/Content/EngineMaterials/Substrate/Glints2/dict_0003_0236.uasset" 9042
"/Engine/EngineMaterials/Substrate/Glints2/dict_0003_0230" 9043
"/Engine/EngineMaterials/Substrate/Glints2/dict_0003_0217" 9044
"../../../Engine/Content/EngineMaterials/Substrate/Glints2/dict_0003_0229.uasset" 9045
"/Engine/EngineMaterials/Substrate/Glints2/dict_0003_0216" 9046
"../../../Engine/Content/EngineMaterials/Substrate/Glints2/dict_0003_0225.uasset" 9047
"../../../Engine/Content/EngineMaterials/Substrate/Glints2/dict_0003_0221.uasset" 9048
"../../../Engine/Content/EngineMaterials/Substrate/Glints2/dict_0003_0233.uasset" 9049
"/Engine/EngineMaterials/Substrate/Glints2/dict_0003_0215" 9050
"../../../Engine/Content/EngineMaterials/Substrate/Glints2/dict_0003_0223.uasset" 9051
"../../../Engine/Content/EngineMaterials/Substrate/Glints2/dict_0003_0222.uasset" 9052
"/Engine/EngineMaterials/Substrate/Glints2/dict_0003_0228" 9053
"../../../Engine/Content/EngineMaterials/Substrate/Glints2/dict_0003_0232.uasset" 9054
"../../../Engine/Content/EngineMaterials/Substrate/Glints2/dict_0003_0227.uasset" 9055
"/Engine/EngineMaterials/Substrate/Glints2/dict_0003_0213" 9056
"../../../Engine/Content/EngineMaterials/Substrate/Glints2/dict_0003_0224.uasset" 9057
"/Engine/EngineMaterials/Substrate/Glints2/dict_0003_0226" 9058
"/Engine/EngineMaterials/Substrate/Glints2/dict_0003_0211" 9059
"/Engine/EngineMaterials/Substrate/Glints2/dict_0003_0210" 9060
"/Engine/EngineMaterials/Substrate/Glints2/dict_0003_0233" 9061
"/Engine/EngineMaterials/Substrate/Glints2/dict_0003_0232" 9062
"/Engine/EngineMaterials/Substrate/Glints2/dict_0003_0229" 9063
"../../../Engine/Content/EngineMaterials/Substrate/Glints2/dict_0003_0242.uasset" 9064
"../../../Engine/Content/EngineMaterials/Substrate/Glints2/dict_0003_0235.uasset" 9065
"../../../Engine/Content/EngineMaterials/Substrate/Glints2/dict_0003_0243.uasset" 9066
"/Engine/EngineMaterials/Substrate/Glints2/dict_0003_0241" 9067
"../../../Engine/Content/EngineMaterials/Substrate/Glints2/dict_0003_0237.uasset" 9068
"../../../Engine/Content/EngineMaterials/Substrate/Glints2/dict_0003_0253.uasset" 9069
"../../../Engine/Content/EngineMaterials/Substrate/Glints2/dict_0003_0254.uasset" 9070
"/Engine/EngineMaterials/Substrate/Glints2/dict_0003_0227" 9071
"../../../Engine/Content/EngineMaterials/Substrate/Glints2/dict_0003_0239.uasset" 9072
"../../../Engine/Content/EngineMaterials/Substrate/Glints2/dict_0003_0251.uasset" 9073
"../../../Engine/Content/EngineMaterials/Substrate/Glints2/dict_0003_0238.uasset" 9074
"../../../Engine/Content/EngineMaterials/Substrate/Glints2/dict_0003_0247.uasset" 9075
"/Engine/EngineMaterials/Substrate/Glints2/dict_0003_0225" 9076
"/Engine/EngineMaterials/Substrate/Glints2/dict_0003_0224" 9077
"../../../Engine/Content/EngineMaterials/Substrate/Glints2/dict_0003_0240.uasset" 9078
"/Engine/EngineMaterials/Substrate/Glints2/dict_0003_0236" 9079
"/Engine/EngineMaterials/Substrate/Glints2/dict_0003_0234" 9080
"/Engine/EngineMaterials/Substrate/Glints2/dict_0003_0223" 9081
"/Engine/EngineMaterials/Substrate/Glints2/dict_0003_0222" 9082
"/Engine/EngineMaterials/Substrate/Glints2/dict_0003_0221" 9083
"/Engine/EngineMaterials/Substrate/Glints2/dict_0003_0254" 9084
"/Engine/EngineMaterials/Substrate/Glints2/dict_0003_0253" 9085
"/Engine/EngineMaterials/Substrate/Glints2/dict_0003_0243" 9086
"../../../Engine/Content/EngineMaterials/Substrate/Glints2/dict_0004_0001.uasset" 9087
"/Engine/EngineMaterials/Substrate/Glints2/dict_0003_0251" 9088
"../../../Engine/Content/EngineMaterials/Substrate/Glints2/dict_0003_0246.uasset" 9089
"../../../Engine/Content/EngineMaterials/Substrate/Glints2/dict_0004_0006.uasset" 9090
"../../../Engine/Content/EngineMaterials/Substrate/Glints2/dict_0004_0008.uasset" 9091
"../../../Engine/Content/EngineMaterials/Substrate/Glints2/dict_0003_0248.uasset" 9092
"../../../Engine/Content/EngineMaterials/Substrate/Glints2/dict_0004_0012.uasset" 9093
"../../../Engine/Content/EngineMaterials/Substrate/Glints2/dict_0004_0011.uasset" 9094
"../../../Engine/Content/EngineMaterials/Substrate/Glints2/dict_0004_0000.uasset" 9095
"../../../Engine/Content/EngineMaterials/Substrate/Glints2/dict_0003_0249.uasset" 9096
"/Engine/EngineMaterials/Substrate/Glints2/dict_0003_0242" 9097
"../../../Engine/Content/EngineMaterials/Substrate/Glints2/dict_0003_0255.uasset" 9098
"../../../Engine/Content/EngineMaterials/Substrate/Glints2/dict_0003_0252.uasset" 9099
"../../../Engine/Content/EngineMaterials/Substrate/Glints2/dict_0003_0245.uasset" 9100
"/Engine/EngineMaterials/Substrate/Glints2/dict_0003_0240" 9101
"../../../Engine/Content/EngineMaterials/Substrate/Glints2/dict_0003_0250.uasset" 9102
"/Engine/EngineMaterials/Substrate/Glints2/dict_0003_0239" 9103
"../../../Engine/Content/EngineMaterials/Substrate/Glints2/dict_0003_0244.uasset" 9104
"/Engine/EngineMaterials/Substrate/Glints2/dict_0003_0247" 9105
"/Engine/EngineMaterials/Substrate/Glints2/dict_0003_0238" 9106
"/Engine/EngineMaterials/Substrate/Glints2/dict_0003_0237" 9107
"/Engine/EngineMaterials/Substrate/Glints2/dict_0003_0235" 9108
"/Engine/EngineMaterials/Substrate/Glints2/dict_0004_0012" 9109
"/Engine/EngineMaterials/Substrate/Glints2/dict_0004_0000" 9110
"../../../Engine/Content/EngineMaterials/Substrate/Glints2/dict_0004_0010.uasset" 9111
"/Engine/EngineMaterials/Substrate/Glints2/dict_0003_0255" 9112
"../../../Engine/Content/EngineMaterials/Substrate/Glints2/dict_0004_0002.uasset" 9113
"../../../Engine/Content/EngineMaterials/Substrate/Glints2/dict_0004_0004.uasset" 9114
"/Engine/EngineMaterials/Substrate/Glints2/dict_0004_0011" 9115
"../../../Engine/Content/EngineMaterials/Substrate/Glints2/dict_0004_0015.uasset" 9116
"../../../Engine/Content/EngineMaterials/Substrate/Glints2/dict_0004_0017.uasset" 9117
"../../../Engine/Content/EngineMaterials/Substrate/Glints2/dict_0004_0016.uasset" 9118
"../../../Engine/Content/EngineMaterials/Substrate/Glints2/dict_0004_0023.uasset" 9119
"/Engine/EngineMaterials/Substrate/Glints2/dict_0003_0252" 9120
"../../../Engine/Content/EngineMaterials/Substrate/Glints2/dict_0004_0021.uasset" 9121
"../../../Engine/Content/EngineMaterials/Substrate/Glints2/dict_0004_0005.uasset" 9122
"../../../Engine/Content/EngineMaterials/Substrate/Glints2/dict_0004_0009.uasset" 9123
"../../../Engine/Content/EngineMaterials/Substrate/Glints2/dict_0004_0003.uasset" 9124
"../../../Engine/Content/EngineMaterials/Substrate/Glints2/dict_0004_0007.uasset" 9125
"/Engine/EngineMaterials/Substrate/Glints2/dict_0003_0250" 9126
"/Engine/EngineMaterials/Substrate/Glints2/dict_0003_0249" 9127
"/Engine/EngineMaterials/Substrate/Glints2/dict_0003_0248" 9128
"/Engine/EngineMaterials/Substrate/Glints2/dict_0004_0008" 9129
"/Engine/EngineMaterials/Substrate/Glints2/dict_0003_0246" 9130
"/Engine/EngineMaterials/Substrate/Glints2/dict_0004_0006" 9131
"/Engine/EngineMaterials/Substrate/Glints2/dict_0003_0245" 9132
"/Engine/EngineMaterials/Substrate/Glints2/dict_0003_0244" 9133
"/Engine/EngineMaterials/Substrate/Glints2/dict_0004_0001" 9134
"/Engine/EngineMaterials/Substrate/Glints2/dict_0004_0023" 9135
"../../../Engine/Content/EngineMaterials/Substrate/Glints2/dict_0004_0018.uasset" 9136
"../../../Engine/Content/EngineMaterials/Substrate/Glints2/dict_0004_0020.uasset" 9137
"../../../Engine/Content/EngineMaterials/Substrate/Glints2/dict_0004_0013.uasset" 9138
"/Engine/EngineMaterials/Substrate/Glints2/dict_0004_0021" 9139
"../../../Engine/Content/EngineMaterials/Substrate/Glints2/dict_0004_0014.uasset" 9140
"/Engine/EngineMaterials/Substrate/Glints2/dict_0004_0010" 9141
"../../../Engine/Content/EngineMaterials/Substrate/Glints2/dict_0004_0022.uasset" 9142
"../../../Engine/Content/EngineMaterials/Substrate/Glints2/dict_0004_0029.uasset" 9143
"/Engine/EngineMaterials/Substrate/Glints2/dict_0004_0009" 9144
"../../../Engine/Content/EngineMaterials/Substrate/Glints2/dict_0004_0028.uasset" 9145
"../../../Engine/Content/EngineMaterials/Substrate/Glints2/dict_0004_0019.uasset" 9146
"../../../Engine/Content/EngineMaterials/Substrate/Glints2/dict_0004_0027.uasset" 9147
"/Engine/EngineMaterials/Substrate/Glints2/dict_0004_0017" 9148
"/Engine/EngineMaterials/Substrate/Glints2/dict_0004_0016" 9149
"/Engine/EngineMaterials/Substrate/Glints2/dict_0004_0015" 9150
"/Engine/EngineMaterials/Substrate/Glints2/dict_0004_0007" 9151
"/Engine/EngineMaterials/Substrate/Glints2/dict_0004_0005" 9152
"/Engine/EngineMaterials/Substrate/Glints2/dict_0004_0004" 9153
"/Engine/EngineMaterials/Substrate/Glints2/dict_0004_0003" 9154
"/Engine/EngineMaterials/Substrate/Glints2/dict_0004_0002" 9155
"/Engine/EngineMaterials/Substrate/Glints2/dict_0004_0022" 9156
"/Engine/EngineMaterials/Substrate/Glints2/dict_0004_0020" 9157
"/Engine/EngineMaterials/Substrate/Glints2/dict_0004_0019" 9158
"/Engine/EngineMaterials/Substrate/Glints2/dict_0004_0018" 9159
"/Engine/EngineMaterials/Substrate/Glints2/dict_0004_0029" 9160
"../../../Engine/Content/EngineMaterials/Substrate/Glints2/dict_0004_0042.uasset" 9161
"../../../Engine/Content/EngineMaterials/Substrate/Glints2/dict_0004_0041.uasset" 9162
"../../../Engine/Content/EngineMaterials/Substrate/Glints2/dict_0004_0043.uasset" 9163
"../../../Engine/Content/EngineMaterials/Substrate/Glints2/dict_0004_0040.uasset" 9164
"../../../Engine/Content/EngineMaterials/Substrate/Glints2/dict_0004_0039.uasset" 9165
"../../../Engine/Content/EngineMaterials/Substrate/Glints2/dict_0004_0046.uasset" 9166
"/Engine/EngineMaterials/Substrate/Glints2/dict_0004_0028" 9167
"../../../Engine/Content/EngineMaterials/Substrate/Glints2/dict_0004_0026.uasset" 9168
"/Engine/EngineMaterials/Substrate/Glints2/dict_0004_0027" 9169
"../../../Engine/Content/EngineMaterials/Substrate/Glints2/dict_0004_0032.uasset" 9170
"../../../Engine/Content/EngineMaterials/Substrate/Glints2/dict_0004_0025.uasset" 9171
"../../../Engine/Content/EngineMaterials/Substrate/Glints2/dict_0004_0030.uasset" 9172
"../../../Engine/Content/EngineMaterials/Substrate/Glints2/dict_0004_0024.uasset" 9173
"../../../Engine/Content/EngineMaterials/Substrate/Glints2/dict_0004_0034.uasset" 9174
"../../../Engine/Content/EngineMaterials/Substrate/Glints2/dict_0004_0035.uasset" 9175
"/Engine/EngineMaterials/Substrate/Glints2/dict_0004_0014" 9176
"../../../Engine/Content/EngineMaterials/Substrate/Glints2/dict_0004_0037.uasset" 9177
"../../../Engine/Content/EngineMaterials/Substrate/Glints2/dict_0004_0033.uasset" 9178
"../../../Engine/Content/EngineMaterials/Substrate/Glints2/dict_0004_0031.uasset" 9179
"/Engine/EngineMaterials/Substrate/Glints2/dict_0004_0013" 9180
"../../../Engine/Content/EngineMaterials/Substrate/Glints2/dict_0004_0036.uasset" 9181
"/Engine/EngineMaterials/Substrate/Glints2/dict_0004_0037" 9182
"/Engine/EngineMaterials/Substrate/Glints2/dict_0004_0036" 9183
"/Engine/EngineMaterials/Substrate/Glints2/dict_0004_0035" 9184
"../../../Engine/Content/EngineMaterials/Substrate/Glints2/dict_0004_0056.uasset" 9185
"/Engine/EngineMaterials/Substrate/Glints2/dict_0004_0034" 9186
"../../../Engine/Content/EngineMaterials/Substrate/Glints2/dict_0004_0058.uasset" 9187
"../../../Engine/Content/EngineMaterials/Substrate/Glints2/dict_0004_0052.uasset" 9188
"/Engine/EngineMaterials/Substrate/Glints2/dict_0004_0033" 9189
"../../../Engine/Content/EngineMaterials/Substrate/Glints2/dict_0004_0038.uasset" 9190
"/Engine/EngineMaterials/Substrate/Glints2/dict_0004_0032" 9191
"/Engine/EngineMaterials/Substrate/Glints2/dict_0004_0031" 9192
"../../../Engine/Content/EngineMaterials/Substrate/Glints2/dict_0004_0048.uasset" 9193
"../../../Engine/Content/EngineMaterials/Substrate/Glints2/dict_0004_0044.uasset" 9194
"../../../Engine/Content/EngineMaterials/Substrate/Glints2/dict_0004_0049.uasset" 9195
"/Engine/EngineMaterials/Substrate/Glints2/dict_0004_0030" 9196
"/Engine/EngineMaterials/Substrate/Glints2/dict_0004_0046" 9197
"../../../Engine/Content/EngineMaterials/Substrate/Glints2/dict_0004_0047.uasset" 9198
"/Engine/EngineMaterials/Substrate/Glints2/dict_0004_0043" 9199
"../../../Engine/Content/EngineMaterials/Substrate/Glints2/dict_0004_0045.uasset" 9200
"/Engine/EngineMaterials/Substrate/Glints2/dict_0004_0042" 9201
"/Engine/EngineMaterials/Substrate/Glints2/dict_0004_0026" 9202
"/Engine/EngineMaterials/Substrate/Glints2/dict_0004_0041" 9203
"/Engine/EngineMaterials/Substrate/Glints2/dict_0004_0025" 9204
"../../../Engine/Content/EngineMaterials/Substrate/Glints2/dict_0004_0051.uasset" 9205
"../../../Engine/Content/EngineMaterials/Substrate/Glints2/dict_0004_0055.uasset" 9206
"/Engine/EngineMaterials/Substrate/Glints2/dict_0004_0040" 9207
"/Engine/EngineMaterials/Substrate/Glints2/dict_0004_0039" 9208
"/Engine/EngineMaterials/Substrate/Glints2/dict_0004_0024" 9209
"../../../Engine/Content/EngineMaterials/Substrate/Glints2/dict_0004_0050.uasset" 9210
"../../../Engine/Content/EngineMaterials/Substrate/Glints2/dict_0004_0053.uasset" 9211
"../../../Engine/Content/EngineMaterials/Substrate/Glints2/dict_0004_0057.uasset" 9212
"/Engine/EngineMaterials/Substrate/Glints2/dict_0004_0049" 9213
"/Engine/EngineMaterials/Substrate/Glints2/dict_0004_0058" 9214
"../../../Engine/Content/EngineMaterials/Substrate/Glints2/dict_0004_0054.uasset" 9215
"/Engine/EngineMaterials/Substrate/Glints2/dict_0004_0048" 9216
"/Engine/EngineMaterials/Substrate/Glints2/dict_0004_0057" 9217
"../../../Engine/Content/EngineMaterials/Substrate/Glints2/dict_0004_0065.uasset" 9218
"../../../Engine/Content/EngineMaterials/Substrate/Glints2/dict_0004_0073.uasset" 9219
"../../../Engine/Content/EngineMaterials/Substrate/Glints2/dict_0004_0064.uasset" 9220
"../../../Engine/Content/EngineMaterials/Substrate/Glints2/dict_0004_0075.uasset" 9221
"/Engine/EngineMaterials/Substrate/Glints2/dict_0004_0047" 9222
"../../../Engine/Content/EngineMaterials/Substrate/Glints2/dict_0004_0070.uasset" 9223
"../../../Engine/Content/EngineMaterials/Substrate/Glints2/dict_0004_0069.uasset" 9224
"/Engine/EngineMaterials/Substrate/Glints2/dict_0004_0056" 9225
"/Engine/EngineMaterials/Substrate/Glints2/dict_0004_0055" 9226
"/Engine/EngineMaterials/Substrate/Glints2/dict_0004_0045" 9227
"/Engine/EngineMaterials/Substrate/Glints2/dict_0004_0044" 9228
"/Engine/EngineMaterials/Substrate/Glints2/dict_0004_0053" 9229
"/Engine/EngineMaterials/Substrate/Glints2/dict_0004_0052" 9230
"/Engine/EngineMaterials/Substrate/Glints2/dict_0004_0051" 9231
"/Engine/EngineMaterials/Substrate/Glints2/dict_0004_0050" 9232
"/Engine/EngineMaterials/Substrate/Glints2/dict_0004_0038" 9233
"/Engine/EngineMaterials/Substrate/Glints2/dict_0004_0075" 9234
"/Engine/EngineMaterials/Substrate/Glints2/dict_0004_0073" 9235
"../../../Engine/Content/EngineMaterials/Substrate/Glints2/dict_0004_0059.uasset" 9236
"/Engine/EngineMaterials/Substrate/Glints2/dict_0004_0070" 9237
"../../../Engine/Content/EngineMaterials/Substrate/Glints2/dict_0004_0060.uasset" 9238
"../../../Engine/Content/EngineMaterials/Substrate/Glints2/dict_0004_0068.uasset" 9239
"../../../Engine/Content/EngineMaterials/Substrate/Glints2/dict_0004_0072.uasset" 9240
"/Engine/EngineMaterials/Substrate/Glints2/dict_0004_0069" 9241
"../../../Engine/Content/EngineMaterials/Substrate/Glints2/dict_0004_0061.uasset" 9242
"../../../Engine/Content/EngineMaterials/Substrate/Glints2/dict_0004_0066.uasset" 9243
"../../../Engine/Content/EngineMaterials/Substrate/Glints2/dict_0004_0062.uasset" 9244
"../../../Engine/Content/EngineMaterials/Substrate/Glints2/dict_0004_0078.uasset" 9245
"../../../Engine/Content/EngineMaterials/Substrate/Glints2/dict_0004_0089.uasset" 9246
"/Engine/EngineMaterials/Substrate/Glints2/dict_0004_0054" 9247
"../../../Engine/Content/EngineMaterials/Substrate/Glints2/dict_0004_0077.uasset" 9248
"../../../Engine/Content/EngineMaterials/Substrate/Glints2/dict_0004_0067.uasset" 9249
"../../../Engine/Content/EngineMaterials/Substrate/Glints2/dict_0004_0083.uasset" 9250
"../../../Engine/Content/EngineMaterials/Substrate/Glints2/dict_0004_0079.uasset" 9251
"../../../Engine/Content/EngineMaterials/Substrate/Glints2/dict_0004_0063.uasset" 9252
"../../../Engine/Content/EngineMaterials/Substrate/Glints2/dict_0004_0071.uasset" 9253
"../../../Engine/Content/EngineMaterials/Substrate/Glints2/dict_0004_0081.uasset" 9254
"../../../Engine/Content/EngineMaterials/Substrate/Glints2/dict_0004_0074.uasset" 9255
"/Engine/EngineMaterials/Substrate/Glints2/dict_0004_0065" 9256
"/Engine/EngineMaterials/Substrate/Glints2/dict_0004_0064" 9257
"/Engine/EngineMaterials/Substrate/Glints2/dict_0004_0074" 9258
"/Engine/EngineMaterials/Substrate/Glints2/dict_0004_0089" 9259
"/Engine/EngineMaterials/Substrate/Glints2/dict_0004_0072" 9260
"../../../Engine/Content/EngineMaterials/Substrate/Glints2/dict_0004_0093.uasset" 9261
"/Engine/EngineMaterials/Substrate/Glints2/dict_0004_0071" 9262
"../../../Engine/Content/EngineMaterials/Substrate/Glints2/dict_0004_0096.uasset" 9263
"/Engine/EngineMaterials/Substrate/Glints2/dict_0004_0068" 9264
"../../../Engine/Content/EngineMaterials/Substrate/Glints2/dict_0004_0095.uasset" 9265
"/Engine/EngineMaterials/Substrate/Glints2/dict_0004_0067" 9266
"/Engine/EngineMaterials/Substrate/Glints2/dict_0004_0083" 9267
"../../../Engine/Content/EngineMaterials/Substrate/Glints2/dict_0004_0076.uasset" 9268
"../../../Engine/Content/EngineMaterials/Substrate/Glints2/dict_0004_0085.uasset" 9269
"/Engine/EngineMaterials/Substrate/Glints2/dict_0004_0081" 9270
"../../../Engine/Content/EngineMaterials/Substrate/Glints2/dict_0004_0087.uasset" 9271
"../../../Engine/Content/EngineMaterials/Substrate/Glints2/dict_0004_0084.uasset" 9272
"../../../Engine/Content/EngineMaterials/Substrate/Glints2/dict_0004_0088.uasset" 9273
"/Engine/EngineMaterials/Substrate/Glints2/dict_0004_0066" 9274
"../../../Engine/Content/EngineMaterials/Substrate/Glints2/dict_0004_0086.uasset" 9275
"/Engine/EngineMaterials/Substrate/Glints2/dict_0004_0079" 9276
"../../../Engine/Content/EngineMaterials/Substrate/Glints2/dict_0004_0082.uasset" 9277
"/Engine/EngineMaterials/Substrate/Glints2/dict_0004_0078" 9278
"../../../Engine/Content/EngineMaterials/Substrate/Glints2/dict_0004_0080.uasset" 9279
"/Engine/EngineMaterials/Substrate/Glints2/dict_0004_0063" 9280
"/Engine/EngineMaterials/Substrate/Glints2/dict_0004_0077" 9281
"/Engine/EngineMaterials/Substrate/Glints2/dict_0004_0062" 9282
"/Engine/EngineMaterials/Substrate/Glints2/dict_0004_0061" 9283
"/Engine/EngineMaterials/Substrate/Glints2/dict_0004_0060" 9284
"../../../Engine/Content/EngineMaterials/Substrate/Glints2/dict_0004_0092.uasset" 9285
"../../../Engine/Content/EngineMaterials/Substrate/Glints2/dict_0004_0091.uasset" 9286
"/Engine/EngineMaterials/Substrate/Glints2/dict_0004_0059" 9287
"../../../Engine/Content/EngineMaterials/Substrate/Glints2/dict_0004_0094.uasset" 9288
"/Engine/EngineMaterials/Substrate/Glints2/dict_0004_0096" 9289
"../../../Engine/Content/EngineMaterials/Substrate/Glints2/dict_0004_0090.uasset" 9290
"/Engine/EngineMaterials/Substrate/Glints2/dict_0004_0095" 9291
"/Engine/EngineMaterials/Substrate/Glints2/dict_0004_0088" 9292
"/Engine/EngineMaterials/Substrate/Glints2/dict_0004_0087" 9293
"../../../Engine/Content/EngineMaterials/Substrate/Glints2/dict_0004_0110.uasset" 9294
"../../../Engine/Content/EngineMaterials/Substrate/Glints2/dict_0004_0111.uasset" 9295
"../../../Engine/Content/EngineMaterials/Substrate/Glints2/dict_0004_0112.uasset" 9296
"/Engine/EngineMaterials/Substrate/Glints2/dict_0004_0086" 9297
"../../../Engine/Content/EngineMaterials/Substrate/Glints2/dict_0004_0101.uasset" 9298
"../../../Engine/Content/EngineMaterials/Substrate/Glints2/dict_0004_0106.uasset" 9299
"/Engine/EngineMaterials/Substrate/Glints2/dict_0004_0085" 9300
"/Engine/EngineMaterials/Substrate/Glints2/dict_0004_0084" 9301
"/Engine/EngineMaterials/Substrate/Glints2/dict_0004_0094" 9302
"/Engine/EngineMaterials/Substrate/Glints2/dict_0004_0093" 9303
"/Engine/EngineMaterials/Substrate/Glints2/dict_0004_0082" 9304
"/Engine/EngineMaterials/Substrate/Glints2/dict_0004_0092" 9305
"/Engine/EngineMaterials/Substrate/Glints2/dict_0004_0080" 9306
"/Engine/EngineMaterials/Substrate/Glints2/dict_0004_0091" 9307
"/Engine/EngineMaterials/Substrate/Glints2/dict_0004_0076" 9308
"/Engine/EngineMaterials/Substrate/Glints2/dict_0004_0112" 9309
"/Engine/EngineMaterials/Substrate/Glints2/dict_0004_0111" 9310
"/Engine/EngineMaterials/Substrate/Glints2/dict_0004_0110" 9311
"../../../Engine/Content/EngineMaterials/Substrate/Glints2/dict_0004_0108.uasset" 9312
"../../../Engine/Content/EngineMaterials/Substrate/Glints2/dict_0004_0104.uasset" 9313
"../../../Engine/Content/EngineMaterials/Substrate/Glints2/dict_0004_0098.uasset" 9314
"../../../Engine/Content/EngineMaterials/Substrate/Glints2/dict_0004_0105.uasset" 9315
"../../../Engine/Content/EngineMaterials/Substrate/Glints2/dict_0004_0113.uasset" 9316
"/Engine/EngineMaterials/Substrate/Glints2/dict_0004_0106" 9317
"../../../Engine/Content/EngineMaterials/Substrate/Glints2/dict_0004_0107.uasset" 9318
"../../../Engine/Content/EngineMaterials/Substrate/Glints2/dict_0004_0100.uasset" 9319
"../../../Engine/Content/EngineMaterials/Substrate/Glints2/dict_0004_0116.uasset" 9320
"../../../Engine/Content/EngineMaterials/Substrate/Glints2/dict_0004_0109.uasset" 9321
"../../../Engine/Content/EngineMaterials/Substrate/Glints2/dict_0004_0117.uasset" 9322
"../../../Engine/Content/EngineMaterials/Substrate/Glints2/dict_0004_0121.uasset" 9323
"../../../Engine/Content/EngineMaterials/Substrate/Glints2/dict_0004_0122.uasset" 9324
"../../../Engine/Content/EngineMaterials/Substrate/Glints2/dict_0004_0127.uasset" 9325
"/Engine/EngineMaterials/Substrate/Glints2/dict_0004_0090" 9326
"../../../Engine/Content/EngineMaterials/Substrate/Glints2/dict_0004_0118.uasset" 9327
"../../../Engine/Content/EngineMaterials/Substrate/Glints2/dict_0004_0114.uasset" 9328
"../../../Engine/Content/EngineMaterials/Substrate/Glints2/dict_0004_0119.uasset" 9329
"../../../Engine/Content/EngineMaterials/Substrate/Glints2/dict_0004_0102.uasset" 9330
"/Engine/EngineMaterials/Substrate/Glints2/dict_0004_0101" 9331
"../../../Engine/Content/EngineMaterials/Substrate/Glints2/dict_0004_0097.uasset" 9332
"../../../Engine/Content/EngineMaterials/Substrate/Glints2/dict_0004_0103.uasset" 9333
"../../../Engine/Content/EngineMaterials/Substrate/Glints2/dict_0004_0099.uasset" 9334
"/Engine/EngineMaterials/Substrate/Glints2/dict_0004_0127" 9335
"/Engine/EngineMaterials/Substrate/Glints2/dict_0004_0113" 9336
"/Engine/EngineMaterials/Substrate/Glints2/dict_0004_0122" 9337
"../../../Engine/Content/EngineMaterials/Substrate/Glints2/dict_0004_0128.uasset" 9338
"../../../Engine/Content/EngineMaterials/Substrate/Glints2/dict_0004_0129.uasset" 9339
"/Engine/EngineMaterials/Substrate/Glints2/dict_0004_0121" 9340
"../../../Engine/Content/EngineMaterials/Substrate/Glints2/dict_0004_0132.uasset" 9341
"/Engine/EngineMaterials/Substrate/Glints2/dict_0004_0119" 9342
"/Engine/EngineMaterials/Substrate/Glints2/dict_0004_0109" 9343
"/Engine/EngineMaterials/Substrate/Glints2/dict_0004_0108" 9344
"/Engine/EngineMaterials/Substrate/Glints2/dict_0004_0107" 9345
"/Engine/EngineMaterials/Substrate/Glints2/dict_0004_0118" 9346
"/Engine/EngineMaterials/Substrate/Glints2/dict_0004_0105" 9347
"/Engine/EngineMaterials/Substrate/Glints2/dict_0004_0117" 9348
"../../../Engine/Content/EngineMaterials/Substrate/Glints2/dict_0004_0126.uasset" 9349
"../../../Engine/Content/EngineMaterials/Substrate/Glints2/dict_0004_0120.uasset" 9350
"../../../Engine/Content/EngineMaterials/Substrate/Glints2/dict_0004_0115.uasset" 9351
"/Engine/EngineMaterials/Substrate/Glints2/dict_0004_0116" 9352
"../../../Engine/Content/EngineMaterials/Substrate/Glints2/dict_0004_0123.uasset" 9353
"../../../Engine/Content/EngineMaterials/Substrate/Glints2/dict_0004_0124.uasset" 9354
"/Engine/EngineMaterials/Substrate/Glints2/dict_0004_0104" 9355
"/Engine/EngineMaterials/Substrate/Glints2/dict_0004_0103" 9356
"/Engine/EngineMaterials/Substrate/Glints2/dict_0004_0102" 9357
"../../../Engine/Content/EngineMaterials/Substrate/Glints2/dict_0004_0125.uasset" 9358
"../../../Engine/Content/EngineMaterials/Substrate/Glints2/dict_0004_0131.uasset" 9359
"../../../Engine/Content/EngineMaterials/Substrate/Glints2/dict_0004_0130.uasset" 9360
"/Engine/EngineMaterials/Substrate/Glints2/dict_0004_0100" 9361
"/Engine/EngineMaterials/Substrate/Glints2/dict_0004_0099" 9362
"/Engine/EngineMaterials/Substrate/Glints2/dict_0004_0098" 9363
"../../../Engine/Content/EngineMaterials/Substrate/Glints2/dict_0004_0133.uasset" 9364
"/Engine/EngineMaterials/Substrate/Glints2/dict_0004_0114" 9365
"/Engine/EngineMaterials/Substrate/Glints2/dict_0004_0097" 9366
"../../../Engine/Content/EngineMaterials/Substrate/Glints2/dict_0004_0139.uasset" 9367
"/Engine/EngineMaterials/Substrate/Glints2/dict_0004_0126" 9368
"/Engine/EngineMaterials/Substrate/Glints2/dict_0004_0133" 9369
"/Engine/EngineMaterials/Substrate/Glints2/dict_0004_0132" 9370
"../../../Engine/Content/EngineMaterials/Substrate/Glints2/dict_0004_0150.uasset" 9371
"/Engine/EngineMaterials/Substrate/Glints2/dict_0004_0125" 9372
"../../../Engine/Content/EngineMaterials/Substrate/Glints2/dict_0004_0135.uasset" 9373
"../../../Engine/Content/EngineMaterials/Substrate/Glints2/dict_0004_0141.uasset" 9374
"../../../Engine/Content/EngineMaterials/Substrate/Glints2/dict_0004_0146.uasset" 9375
"../../../Engine/Content/EngineMaterials/Substrate/Glints2/dict_0004_0148.uasset" 9376
"/Engine/EngineMaterials/Substrate/Glints2/dict_0004_0131" 9377
"../../../Engine/Content/EngineMaterials/Substrate/Glints2/dict_0004_0137.uasset" 9378
"/Engine/EngineMaterials/Substrate/Glints2/dict_0004_0124" 9379
"/Engine/EngineMaterials/Substrate/Glints2/dict_0004_0123" 9380
"/Engine/EngineMaterials/Substrate/Glints2/dict_0004_0120" 9381
"/Engine/EngineMaterials/Substrate/Glints2/dict_0004_0130" 9382
"/Engine/EngineMaterials/Substrate/Glints2/dict_0004_0115" 9383
"/Engine/EngineMaterials/Substrate/Glints2/dict_0004_0129" 9384
"/Engine/EngineMaterials/Substrate/Glints2/dict_0004_0128" 9385
"../../../Engine/Content/EngineMaterials/Substrate/Glints2/dict_0004_0160.uasset" 9386
"/Engine/EngineMaterials/Substrate/Glints2/dict_0004_0150" 9387
"../../../Engine/Content/EngineMaterials/Substrate/Glints2/dict_0004_0142.uasset" 9388
"/Engine/EngineMaterials/Substrate/Glints2/dict_0004_0148" 9389
"../../../Engine/Content/EngineMaterials/Substrate/Glints2/dict_0004_0147.uasset" 9390
"../../../Engine/Content/EngineMaterials/Substrate/Glints2/dict_0004_0134.uasset" 9391
"/Engine/EngineMaterials/Substrate/Glints2/dict_0004_0146" 9392
"/Engine/EngineMaterials/Substrate/Glints2/dict_0004_0141" 9393
"../../../Engine/Content/EngineMaterials/Substrate/Glints2/dict_0004_0138.uasset" 9394
"../../../Engine/Content/EngineMaterials/Substrate/Glints2/dict_0004_0136.uasset" 9395
"../../../Engine/Content/EngineMaterials/Substrate/Glints2/dict_0004_0149.uasset" 9396
"../../../Engine/Content/EngineMaterials/Substrate/Glints2/dict_0004_0165.uasset" 9397
"../../../Engine/Content/EngineMaterials/Substrate/Glints2/dict_0004_0158.uasset" 9398
"../../../Engine/Content/EngineMaterials/Substrate/Glints2/dict_0004_0144.uasset" 9399
"../../../Engine/Content/EngineMaterials/Substrate/Glints2/dict_0004_0161.uasset" 9400
"../../../Engine/Content/EngineMaterials/Substrate/Glints2/dict_0004_0156.uasset" 9401
"/Engine/EngineMaterials/Substrate/Glints2/dict_0004_0139" 9402
"../../../Engine/Content/EngineMaterials/Substrate/Glints2/dict_0004_0140.uasset" 9403
"../../../Engine/Content/EngineMaterials/Substrate/Glints2/dict_0004_0155.uasset" 9404
"../../../Engine/Content/EngineMaterials/Substrate/Glints2/dict_0004_0145.uasset" 9405
"../../../Engine/Content/EngineMaterials/Substrate/Glints2/dict_0004_0159.uasset" 9406
"/Engine/EngineMaterials/Substrate/Glints2/dict_0004_0137" 9407
"../../../Engine/Content/EngineMaterials/Substrate/Glints2/dict_0004_0153.uasset" 9408
"../../../Engine/Content/EngineMaterials/Substrate/Glints2/dict_0004_0143.uasset" 9409
"/Engine/EngineMaterials/Substrate/Glints2/dict_0004_0135" 9410
"../../../Engine/Content/EngineMaterials/Substrate/Glints2/dict_0004_0152.uasset" 9411
"../../../Engine/Content/EngineMaterials/Substrate/Glints2/dict_0004_0151.uasset" 9412
"../../../Engine/Content/EngineMaterials/Substrate/Glints2/dict_0004_0167.uasset" 9413
"../../../Engine/Content/EngineMaterials/Substrate/Glints2/dict_0004_0168.uasset" 9414
"../../../Engine/Content/EngineMaterials/Substrate/Glints2/dict_0004_0170.uasset" 9415
"../../../Engine/Content/EngineMaterials/Substrate/Glints2/dict_0004_0171.uasset" 9416
"../../../Engine/Content/EngineMaterials/Substrate/Glints2/dict_0004_0172.uasset" 9417
"/Engine/EngineMaterials/Substrate/Glints2/dict_0004_0153" 9418
"/Engine/EngineMaterials/Substrate/Glints2/dict_0004_0152" 9419
"/Engine/EngineMaterials/Substrate/Glints2/dict_0004_0165" 9420
"/Engine/EngineMaterials/Substrate/Glints2/dict_0004_0161" 9421
"/Engine/EngineMaterials/Substrate/Glints2/dict_0004_0160" 9422
"/Engine/EngineMaterials/Substrate/Glints2/dict_0004_0159" 9423
"/Engine/EngineMaterials/Substrate/Glints2/dict_0004_0151" 9424
"/Engine/EngineMaterials/Substrate/Glints2/dict_0004_0158" 9425
"../../../Engine/Content/EngineMaterials/Substrate/Glints2/dict_0004_0164.uasset" 9426
"../../../Engine/Content/EngineMaterials/Substrate/Glints2/dict_0004_0163.uasset" 9427
"/Engine/EngineMaterials/Substrate/Glints2/dict_0004_0149" 9428
"/Engine/EngineMaterials/Substrate/Glints2/dict_0004_0147" 9429
"/Engine/EngineMaterials/Substrate/Glints2/dict_0004_0145" 9430
"../../../Engine/Content/EngineMaterials/Substrate/Glints2/dict_0004_0154.uasset" 9431
"../../../Engine/Content/EngineMaterials/Substrate/Glints2/dict_0004_0157.uasset" 9432
"../../../Engine/Content/EngineMaterials/Substrate/Glints2/dict_0004_0162.uasset" 9433
"/Engine/EngineMaterials/Substrate/Glints2/dict_0004_0144" 9434
"/Engine/EngineMaterials/Substrate/Glints2/dict_0004_0143" 9435
"/Engine/EngineMaterials/Substrate/Glints2/dict_0004_0142" 9436
"/Engine/EngineMaterials/Substrate/Glints2/dict_0004_0156" 9437
"../../../Engine/Content/EngineMaterials/Substrate/Glints2/dict_0004_0169.uasset" 9438
"/Engine/EngineMaterials/Substrate/Glints2/dict_0004_0155" 9439
"../../../Engine/Content/EngineMaterials/Substrate/Glints2/dict_0004_0166.uasset" 9440
"/Engine/EngineMaterials/Substrate/Glints2/dict_0004_0140" 9441
"/Engine/EngineMaterials/Substrate/Glints2/dict_0004_0138" 9442
"/Engine/EngineMaterials/Substrate/Glints2/dict_0004_0136" 9443
"/Engine/EngineMaterials/Substrate/Glints2/dict_0004_0134" 9444
"../../../Engine/Content/EngineMaterials/Substrate/Glints2/dict_0004_0174.uasset" 9445
"../../../Engine/Content/EngineMaterials/Substrate/Glints2/dict_0004_0178.uasset" 9446
"../../../Engine/Content/EngineMaterials/Substrate/Glints2/dict_0004_0181.uasset" 9447
"../../../Engine/Content/EngineMaterials/Substrate/Glints2/dict_0004_0190.uasset" 9448
"../../../Engine/Content/EngineMaterials/Substrate/Glints2/dict_0004_0189.uasset" 9449
"/Engine/EngineMaterials/Substrate/Glints2/dict_0004_0164" 9450
"/Engine/EngineMaterials/Substrate/Glints2/dict_0004_0163" 9451
"/Engine/EngineMaterials/Substrate/Glints2/dict_0004_0162" 9452
"../../../Engine/Content/EngineMaterials/Substrate/Glints2/dict_0004_0173.uasset" 9453
"../../../Engine/Content/EngineMaterials/Substrate/Glints2/dict_0004_0184.uasset" 9454
"../../../Engine/Content/EngineMaterials/Substrate/Glints2/dict_0004_0188.uasset" 9455
"../../../Engine/Content/EngineMaterials/Substrate/Glints2/dict_0004_0192.uasset" 9456
"/Engine/EngineMaterials/Substrate/Glints2/dict_0004_0172" 9457
"/Engine/EngineMaterials/Substrate/Glints2/dict_0004_0171" 9458
"/Engine/EngineMaterials/Substrate/Glints2/dict_0004_0170" 9459
"/Engine/EngineMaterials/Substrate/Glints2/dict_0004_0157" 9460
"/Engine/EngineMaterials/Substrate/Glints2/dict_0004_0169" 9461
"/Engine/EngineMaterials/Substrate/Glints2/dict_0004_0168" 9462
"/Engine/EngineMaterials/Substrate/Glints2/dict_0004_0154" 9463
"/Engine/EngineMaterials/Substrate/Glints2/dict_0004_0167" 9464
"/Engine/EngineMaterials/Substrate/Glints2/dict_0004_0166" 9465
"../../../Engine/Content/EngineMaterials/Substrate/Glints2/dict_0004_0196.uasset" 9466
"../../../Engine/Content/EngineMaterials/Substrate/Glints2/dict_0004_0194.uasset" 9467
"../../../Engine/Content/EngineMaterials/Substrate/Glints2/dict_0004_0204.uasset" 9468
"/Engine/EngineMaterials/Substrate/Glints2/dict_0004_0192" 9469
"/Engine/EngineMaterials/Substrate/Glints2/dict_0004_0190" 9470
"../../../Engine/Content/EngineMaterials/Substrate/Glints2/dict_0004_0180.uasset" 9471
"/Engine/EngineMaterials/Substrate/Glints2/dict_0004_0189" 9472
"../../../Engine/Content/EngineMaterials/Substrate/Glints2/dict_0004_0185.uasset" 9473
"../../../Engine/Content/EngineMaterials/Substrate/Glints2/dict_0004_0186.uasset" 9474
"../../../Engine/Content/EngineMaterials/Substrate/Glints2/dict_0004_0179.uasset" 9475
"../../../Engine/Content/EngineMaterials/Substrate/Glints2/dict_0004_0193.uasset" 9476
"/Engine/EngineMaterials/Substrate/Glints2/dict_0004_0188" 9477
"../../../Engine/Content/EngineMaterials/Substrate/Glints2/dict_0004_0203.uasset" 9478
"../../../Engine/Content/EngineMaterials/Substrate/Glints2/dict_0004_0201.uasset" 9479
"../../../Engine/Content/EngineMaterials/Substrate/Glints2/dict_0004_0198.uasset" 9480
"../../../Engine/Content/EngineMaterials/Substrate/Glints2/dict_0004_0197.uasset" 9481
"../../../Engine/Content/EngineMaterials/Substrate/Glints2/dict_0004_0202.uasset" 9482
"/Engine/EngineMaterials/Substrate/Glints2/dict_0004_0184" 9483
"../../../Engine/Content/EngineMaterials/Substrate/Glints2/dict_0004_0187.uasset" 9484
"../../../Engine/Content/EngineMaterials/Substrate/Glints2/dict_0004_0182.uasset" 9485
"../../../Engine/Content/EngineMaterials/Substrate/Glints2/dict_0004_0177.uasset" 9486
"../../../Engine/Content/EngineMaterials/Substrate/Glints2/dict_0004_0176.uasset" 9487
"../../../Engine/Content/EngineMaterials/Substrate/Glints2/dict_0004_0183.uasset" 9488
"../../../Engine/Content/EngineMaterials/Substrate/Glints2/dict_0004_0191.uasset" 9489
"/Engine/EngineMaterials/Substrate/Glints2/dict_0004_0181" 9490
"../../../Engine/Content/EngineMaterials/Substrate/Glints2/dict_0004_0175.uasset" 9491
"/Engine/EngineMaterials/Substrate/Glints2/dict_0004_0178" 9492
"/Engine/EngineMaterials/Substrate/Glints2/dict_0004_0174" 9493
"/Engine/EngineMaterials/Substrate/Glints2/dict_0004_0173" 9494
"../../../Engine/Content/EngineMaterials/Substrate/Glints2/dict_0004_0205.uasset" 9495
"../../../Engine/Content/EngineMaterials/Substrate/Glints2/dict_0004_0209.uasset" 9496
"../../../Engine/Content/EngineMaterials/Substrate/Glints2/dict_0004_0212.uasset" 9497
"../../../Engine/Content/EngineMaterials/Substrate/Glints2/dict_0004_0211.uasset" 9498
"/Engine/EngineMaterials/Substrate/Glints2/dict_0004_0191" 9499
"/Engine/EngineMaterials/Substrate/Glints2/dict_0004_0204" 9500
"/Engine/EngineMaterials/Substrate/Glints2/dict_0004_0203" 9501
"../../../Engine/Content/EngineMaterials/Substrate/Glints2/dict_0004_0206.uasset" 9502
"../../../Engine/Content/EngineMaterials/Substrate/Glints2/dict_0004_0213.uasset" 9503
"/Engine/EngineMaterials/Substrate/Glints2/dict_0004_0202" 9504
"/Engine/EngineMaterials/Substrate/Glints2/dict_0004_0187" 9505
"/Engine/EngineMaterials/Substrate/Glints2/dict_0004_0186" 9506
"/Engine/EngineMaterials/Substrate/Glints2/dict_0004_0201" 9507
"../../../Engine/Content/EngineMaterials/Substrate/Glints2/dict_0004_0200.uasset" 9508
"../../../Engine/Content/EngineMaterials/Substrate/Glints2/dict_0004_0199.uasset" 9509
"/Engine/EngineMaterials/Substrate/Glints2/dict_0004_0185" 9510
"../../../Engine/Content/EngineMaterials/Substrate/Glints2/dict_0004_0195.uasset" 9511
"/Engine/EngineMaterials/Substrate/Glints2/dict_0004_0183" 9512
"/Engine/EngineMaterials/Substrate/Glints2/dict_0004_0182" 9513
"/Engine/EngineMaterials/Substrate/Glints2/dict_0004_0198" 9514
"/Engine/EngineMaterials/Substrate/Glints2/dict_0004_0180" 9515
"/Engine/EngineMaterials/Substrate/Glints2/dict_0004_0179" 9516
"/Engine/EngineMaterials/Substrate/Glints2/dict_0004_0197" 9517
"/Engine/EngineMaterials/Substrate/Glints2/dict_0004_0177" 9518
"/Engine/EngineMaterials/Substrate/Glints2/dict_0004_0176" 9519
"../../../Engine/Content/EngineMaterials/Substrate/Glints2/dict_0004_0210.uasset" 9520
"/Engine/EngineMaterials/Substrate/Glints2/dict_0004_0196" 9521
"../../../Engine/Content/EngineMaterials/Substrate/Glints2/dict_0004_0207.uasset" 9522
"/Engine/EngineMaterials/Substrate/Glints2/dict_0004_0175" 9523
"/Engine/EngineMaterials/Substrate/Glints2/dict_0004_0194" 9524
"../../../Engine/Content/EngineMaterials/Substrate/Glints2/dict_0004_0208.uasset" 9525
"/Engine/EngineMaterials/Substrate/Glints2/dict_0004_0193" 9526
"../../../Engine/Content/EngineMaterials/Substrate/Glints2/dict_0004_0215.uasset" 9527
"../../../Engine/Content/EngineMaterials/Substrate/Glints2/dict_0004_0217.uasset" 9528
"../../../Engine/Content/EngineMaterials/Substrate/Glints2/dict_0004_0225.uasset" 9529
"../../../Engine/Content/EngineMaterials/Substrate/Glints2/dict_0004_0224.uasset" 9530
"../../../Engine/Content/EngineMaterials/Substrate/Glints2/dict_0004_0220.uasset" 9531
"/Engine/EngineMaterials/Substrate/Glints2/dict_0004_0213" 9532
"../../../Engine/Content/EngineMaterials/Substrate/Glints2/dict_0004_0230.uasset" 9533
"/Engine/EngineMaterials/Substrate/Glints2/dict_0004_0212" 9534
"/Engine/EngineMaterials/Substrate/Glints2/dict_0004_0211" 9535
"/Engine/EngineMaterials/Substrate/Glints2/dict_0004_0210" 9536
"../../../Engine/Content/EngineMaterials/Substrate/Glints2/dict_0004_0229.uasset" 9537
"../../../Engine/Content/EngineMaterials/Substrate/Glints2/dict_0004_0221.uasset" 9538
"../../../Engine/Content/EngineMaterials/Substrate/Glints2/dict_0004_0227.uasset" 9539
"../../../Engine/Content/EngineMaterials/Substrate/Glints2/dict_0004_0231.uasset" 9540
"/Engine/EngineMaterials/Substrate/Glints2/dict_0004_0209" 9541
"/Engine/EngineMaterials/Substrate/Glints2/dict_0004_0200" 9542
"/Engine/EngineMaterials/Substrate/Glints2/dict_0004_0199" 9543
"/Engine/EngineMaterials/Substrate/Glints2/dict_0004_0208" 9544
"/Engine/EngineMaterials/Substrate/Glints2/dict_0004_0207" 9545
"/Engine/EngineMaterials/Substrate/Glints2/dict_0004_0195" 9546
"/Engine/EngineMaterials/Substrate/Glints2/dict_0004_0206" 9547
"/Engine/EngineMaterials/Substrate/Glints2/dict_0004_0205" 9548
"../../../Engine/Content/EngineMaterials/Substrate/Glints2/dict_0004_0234.uasset" 9549
"../../../Engine/Content/EngineMaterials/Substrate/Glints2/dict_0004_0238.uasset" 9550
"/Engine/EngineMaterials/Substrate/Glints2/dict_0004_0231" 9551
"/Engine/EngineMaterials/Substrate/Glints2/dict_0004_0230" 9552
"/Engine/EngineMaterials/Substrate/Glints2/dict_0004_0229" 9553
"/Engine/EngineMaterials/Substrate/Glints2/dict_0004_0227" 9554
"../../../Engine/Content/EngineMaterials/Substrate/Glints2/dict_0004_0244.uasset" 9555
"../../../Engine/Content/EngineMaterials/Substrate/Glints2/dict_0004_0243.uasset" 9556
"../../../Engine/Content/EngineMaterials/Substrate/Glints2/dict_0004_0237.uasset" 9557
"/Engine/EngineMaterials/Substrate/Glints2/dict_0004_0225" 9558
"../../../Engine/Content/EngineMaterials/Substrate/Glints2/dict_0004_0240.uasset" 9559
"../../../Engine/Content/EngineMaterials/Substrate/Glints2/dict_0004_0226.uasset" 9560
"../../../Engine/Content/EngineMaterials/Substrate/Glints2/dict_0004_0216.uasset" 9561
"../../../Engine/Content/EngineMaterials/Substrate/Glints2/dict_0004_0232.uasset" 9562
"../../../Engine/Content/EngineMaterials/Substrate/Glints2/dict_0004_0219.uasset" 9563
"../../../Engine/Content/EngineMaterials/Substrate/Glints2/dict_0004_0218.uasset" 9564
"/Engine/EngineMaterials/Substrate/Glints2/dict_0004_0224" 9565
"../../../Engine/Content/EngineMaterials/Substrate/Glints2/dict_0004_0222.uasset" 9566
"../../../Engine/Content/EngineMaterials/Substrate/Glints2/dict_0004_0233.uasset" 9567
"../../../Engine/Content/EngineMaterials/Substrate/Glints2/dict_0004_0228.uasset" 9568
"../../../Engine/Content/EngineMaterials/Substrate/Glints2/dict_0004_0223.uasset" 9569
"../../../Engine/Content/EngineMaterials/Substrate/Glints2/dict_0004_0214.uasset" 9570
"/Engine/EngineMaterials/Substrate/Glints2/dict_0004_0221" 9571
"/Engine/EngineMaterials/Substrate/Glints2/dict_0004_0220" 9572
"/Engine/EngineMaterials/Substrate/Glints2/dict_0004_0217" 9573
"/Engine/EngineMaterials/Substrate/Glints2/dict_0004_0215" 9574
"/Engine/EngineMaterials/Substrate/Glints2/dict_0004_0233" 9575
"../../../Engine/Content/EngineMaterials/Substrate/Glints2/dict_0004_0253.uasset" 9576
"/Engine/EngineMaterials/Substrate/Glints2/dict_0004_0244" 9577
"/Engine/EngineMaterials/Substrate/Glints2/dict_0004_0232" 9578
"../../../Engine/Content/EngineMaterials/Substrate/Glints2/dict_0004_0242.uasset" 9579
"/Engine/EngineMaterials/Substrate/Glints2/dict_0004_0243" 9580
"../../../Engine/Content/EngineMaterials/Substrate/Glints2/dict_0004_0251.uasset" 9581
"../../../Engine/Content/EngineMaterials/Substrate/Glints2/dict_0004_0254.uasset" 9582
"../../../Engine/Content/EngineMaterials/Substrate/Glints2/dict_0004_0250.uasset" 9583
"/Engine/EngineMaterials/Substrate/Glints2/dict_0004_0228" 9584
"../../../Engine/Content/EngineMaterials/Substrate/Glints2/dict_0004_0236.uasset" 9585
"/Engine/EngineMaterials/Substrate/Glints2/dict_0004_0226" 9586
"../../../Engine/Content/EngineMaterials/Substrate/Glints2/dict_0004_0235.uasset" 9587
"../../../Engine/Content/EngineMaterials/Substrate/Glints2/dict_0004_0245.uasset" 9588
"../../../Engine/Content/EngineMaterials/Substrate/Glints2/dict_0004_0241.uasset" 9589
"/Engine/EngineMaterials/Substrate/Glints2/dict_0004_0240" 9590
"/Engine/EngineMaterials/Substrate/Glints2/dict_0004_0223" 9591
"/Engine/EngineMaterials/Substrate/Glints2/dict_0004_0238" 9592
"../../../Engine/Content/EngineMaterials/Substrate/Glints2/dict_0004_0239.uasset" 9593
"/Engine/EngineMaterials/Substrate/Glints2/dict_0004_0222" 9594
"/Engine/EngineMaterials/Substrate/Glints2/dict_0004_0237" 9595
"/Engine/EngineMaterials/Substrate/Glints2/dict_0004_0219" 9596
"/Engine/EngineMaterials/Substrate/Glints2/dict_0004_0218" 9597
"../../../Engine/Content/EngineMaterials/Substrate/Glints2/dict_0004_0255.uasset" 9598
"/Engine/EngineMaterials/Substrate/Glints2/dict_0004_0216" 9599
"/Engine/EngineMaterials/Substrate/Glints2/dict_0004_0214" 9600
"/Engine/EngineMaterials/Substrate/Glints2/dict_0004_0234" 9601
"../../../Engine/Content/EngineMaterials/Substrate/Glints2/dict_0004_0248.uasset" 9602
"../../../Engine/Content/EngineMaterials/Substrate/Glints2/dict_0004_0247.uasset" 9603
"../../../Engine/Content/EngineMaterials/Substrate/Glints2/dict_0005_0001.uasset" 9604
"../../../Engine/Content/EngineMaterials/Substrate/Glints2/dict_0005_0004.uasset" 9605
"../../../Engine/Content/EngineMaterials/Substrate/Glints2/dict_0005_0007.uasset" 9606
"../../../Engine/Content/EngineMaterials/Substrate/Glints2/dict_0005_0009.uasset" 9607
"../../../Engine/Content/EngineMaterials/Substrate/Glints2/dict_0005_0014.uasset" 9608
"/Engine/EngineMaterials/Substrate/Glints2/dict_0004_0245" 9609
"../../../Engine/Content/EngineMaterials/Substrate/Glints2/dict_0004_0246.uasset" 9610
"../../../Engine/Content/EngineMaterials/Substrate/Glints2/dict_0004_0252.uasset" 9611
"/Engine/EngineMaterials/Substrate/Glints2/dict_0004_0255" 9612
"../../../Engine/Content/EngineMaterials/Substrate/Glints2/dict_0004_0249.uasset" 9613
"/Engine/EngineMaterials/Substrate/Glints2/dict_0004_0254" 9614
"../../../Engine/Content/EngineMaterials/Substrate/Glints2/dict_0005_0015.uasset" 9615
"/Engine/EngineMaterials/Substrate/Glints2/dict_0004_0242" 9616
"../../../Engine/Content/EngineMaterials/Substrate/Glints2/dict_0005_0002.uasset" 9617
"../../../Engine/Content/EngineMaterials/Substrate/Glints2/dict_0005_0008.uasset" 9618
"/Engine/EngineMaterials/Substrate/Glints2/dict_0004_0253" 9619
"/Engine/EngineMaterials/Substrate/Glints2/dict_0004_0241" 9620
"/Engine/EngineMaterials/Substrate/Glints2/dict_0004_0251" 9621
"/Engine/EngineMaterials/Substrate/Glints2/dict_0004_0239" 9622
"/Engine/EngineMaterials/Substrate/Glints2/dict_0004_0250" 9623
"/Engine/EngineMaterials/Substrate/Glints2/dict_0004_0248" 9624
"/Engine/EngineMaterials/Substrate/Glints2/dict_0004_0247" 9625
"/Engine/EngineMaterials/Substrate/Glints2/dict_0004_0236" 9626
"/Engine/EngineMaterials/Substrate/Glints2/dict_0004_0235" 9627
"../../../Engine/Content/EngineMaterials/Substrate/Glints2/dict_0005_0022.uasset" 9628
"/Engine/EngineMaterials/Substrate/Glints2/dict_0005_0015" 9629
"../../../Engine/Content/EngineMaterials/Substrate/Glints2/dict_0005_0027.uasset" 9630
"/Engine/EngineMaterials/Substrate/Glints2/dict_0005_0014" 9631
"/Engine/EngineMaterials/Substrate/Glints2/dict_0004_0252" 9632
"../../../Engine/Content/EngineMaterials/Substrate/Glints2/dict_0005_0013.uasset" 9633
"../../../Engine/Content/EngineMaterials/Substrate/Glints2/dict_0005_0012.uasset" 9634
"../../../Engine/Content/EngineMaterials/Substrate/Glints2/dict_0005_0000.uasset" 9635
"../../../Engine/Content/EngineMaterials/Substrate/Glints2/dict_0005_0011.uasset" 9636
"../../../Engine/Content/EngineMaterials/Substrate/Glints2/dict_0005_0003.uasset" 9637
"/Engine/EngineMaterials/Substrate/Glints2/dict_0005_0009" 9638
"../../../Engine/Content/EngineMaterials/Substrate/Glints2/dict_0005_0005.uasset" 9639
"../../../Engine/Content/EngineMaterials/Substrate/Glints2/dict_0005_0010.uasset" 9640
"../../../Engine/Content/EngineMaterials/Substrate/Glints2/dict_0005_0026.uasset" 9641
"/Engine/EngineMaterials/Substrate/Glints2/dict_0005_0008" 9642
"../../../Engine/Content/EngineMaterials/Substrate/Glints2/dict_0005_0006.uasset" 9643
"../../../Engine/Content/EngineMaterials/Substrate/Glints2/dict_0005_0024.uasset" 9644
"/Engine/EngineMaterials/Substrate/Glints2/dict_0005_0007" 9645
"/Engine/EngineMaterials/Substrate/Glints2/dict_0004_0249" 9646
"/Engine/EngineMaterials/Substrate/Glints2/dict_0005_0004" 9647
"/Engine/EngineMaterials/Substrate/Glints2/dict_0005_0002" 9648
"/Engine/EngineMaterials/Substrate/Glints2/dict_0004_0246" 9649
"/Engine/EngineMaterials/Substrate/Glints2/dict_0005_0001" 9650
"../../../Engine/Content/EngineMaterials/Substrate/Glints2/dict_0005_0031.uasset" 9651
"../../../Engine/Content/EngineMaterials/Substrate/Glints2/dict_0005_0034.uasset" 9652
"../../../Engine/Content/EngineMaterials/Substrate/Glints2/dict_0005_0037.uasset" 9653
"../../../Engine/Content/EngineMaterials/Substrate/Glints2/dict_0005_0033.uasset" 9654
"../../../Engine/Content/EngineMaterials/Substrate/Glints2/dict_0005_0029.uasset" 9655
"/Engine/EngineMaterials/Substrate/Glints2/dict_0005_0013" 9656
"/Engine/EngineMaterials/Substrate/Glints2/dict_0005_0027" 9657
"/Engine/EngineMaterials/Substrate/Glints2/dict_0005_0026" 9658
"../../../Engine/Content/EngineMaterials/Substrate/Glints2/dict_0005_0032.uasset" 9659
"../../../Engine/Content/EngineMaterials/Substrate/Glints2/dict_0005_0025.uasset" 9660
"/Engine/EngineMaterials/Substrate/Glints2/dict_0005_0012" 9661
"/Engine/EngineMaterials/Substrate/Glints2/dict_0005_0024" 9662
"../../../Engine/Content/EngineMaterials/Substrate/Glints2/dict_0005_0021.uasset" 9663
"/Engine/EngineMaterials/Substrate/Glints2/dict_0005_0011" 9664
"../../../Engine/Content/EngineMaterials/Substrate/Glints2/dict_0005_0016.uasset" 9665
"../../../Engine/Content/EngineMaterials/Substrate/Glints2/dict_0005_0028.uasset" 9666
"/Engine/EngineMaterials/Substrate/Glints2/dict_0005_0010" 9667
"../../../Engine/Content/EngineMaterials/Substrate/Glints2/dict_0005_0019.uasset" 9668
"/Engine/EngineMaterials/Substrate/Glints2/dict_0005_0022" 9669
"../../../Engine/Content/EngineMaterials/Substrate/Glints2/dict_0005_0023.uasset" 9670
"../../../Engine/Content/EngineMaterials/Substrate/Glints2/dict_0005_0018.uasset" 9671
"../../../Engine/Content/EngineMaterials/Substrate/Glints2/dict_0005_0020.uasset" 9672
"/Engine/EngineMaterials/Substrate/Glints2/dict_0005_0006" 9673
"/Engine/EngineMaterials/Substrate/Glints2/dict_0005_0005" 9674
"/Engine/EngineMaterials/Substrate/Glints2/dict_0005_0003" 9675
"../../../Engine/Content/EngineMaterials/Substrate/Glints2/dict_0005_0017.uasset" 9676
"/Engine/EngineMaterials/Substrate/Glints2/dict_0005_0000" 9677
"../../../Engine/Content/EngineMaterials/Substrate/Glints2/dict_0005_0043.uasset" 9678
"../../../Engine/Content/EngineMaterials/Substrate/Glints2/dict_0005_0045.uasset" 9679
"../../../Engine/Content/EngineMaterials/Substrate/Glints2/dict_0005_0046.uasset" 9680
"/Engine/EngineMaterials/Substrate/Glints2/dict_0005_0028" 9681
"../../../Engine/Content/EngineMaterials/Substrate/Glints2/dict_0005_0050.uasset" 9682
"../../../Engine/Content/EngineMaterials/Substrate/Glints2/dict_0005_0049.uasset" 9683
"../../../Engine/Content/EngineMaterials/Substrate/Glints2/dict_0005_0044.uasset" 9684
"/Engine/EngineMaterials/Substrate/Glints2/dict_0005_0025" 9685
"../../../Engine/Content/EngineMaterials/Substrate/Glints2/dict_0005_0039.uasset" 9686
"../../../Engine/Content/EngineMaterials/Substrate/Glints2/dict_0005_0036.uasset" 9687
"../../../Engine/Content/EngineMaterials/Substrate/Glints2/dict_0005_0035.uasset" 9688
"/Engine/EngineMaterials/Substrate/Glints2/dict_0005_0037" 9689
"../../../Engine/Content/EngineMaterials/Substrate/Glints2/dict_0005_0048.uasset" 9690
"../../../Engine/Content/EngineMaterials/Substrate/Glints2/dict_0005_0051.uasset" 9691
"/Engine/EngineMaterials/Substrate/Glints2/dict_0005_0023" 9692
"../../../Engine/Content/EngineMaterials/Substrate/Glints2/dict_0005_0042.uasset" 9693
"../../../Engine/Content/EngineMaterials/Substrate/Glints2/dict_0005_0040.uasset" 9694
"/Engine/EngineMaterials/Substrate/Glints2/dict_0005_0021" 9695
"../../../Engine/Content/EngineMaterials/Substrate/Glints2/dict_0005_0030.uasset" 9696
"/Engine/EngineMaterials/Substrate/Glints2/dict_0005_0020" 9697
"../../../Engine/Content/EngineMaterials/Substrate/Glints2/dict_0005_0038.uasset" 9698
"/Engine/EngineMaterials/Substrate/Glints2/dict_0005_0034" 9699
"/Engine/EngineMaterials/Substrate/Glints2/dict_0005_0033" 9700
"/Engine/EngineMaterials/Substrate/Glints2/dict_0005_0019" 9701
"/Engine/EngineMaterials/Substrate/Glints2/dict_0005_0032" 9702
"/Engine/EngineMaterials/Substrate/Glints2/dict_0005_0018" 9703
"/Engine/EngineMaterials/Substrate/Glints2/dict_0005_0017" 9704
"/Engine/EngineMaterials/Substrate/Glints2/dict_0005_0031" 9705
"/Engine/EngineMaterials/Substrate/Glints2/dict_0005_0016" 9706
"/Engine/EngineMaterials/Substrate/Glints2/dict_0005_0029" 9707
"../../../Engine/Content/EngineMaterials/Substrate/Glints2/dict_0005_0053.uasset" 9708
"../../../Engine/Content/EngineMaterials/Substrate/Glints2/dict_0005_0059.uasset" 9709
"../../../Engine/Content/EngineMaterials/Substrate/Glints2/dict_0005_0065.uasset" 9710
"../../../Engine/Content/EngineMaterials/Substrate/Glints2/dict_0005_0064.uasset" 9711
"/Engine/EngineMaterials/Substrate/Glints2/dict_0005_0039" 9712
"../../../Engine/Content/EngineMaterials/Substrate/Glints2/dict_0005_0061.uasset" 9713
"/Engine/EngineMaterials/Substrate/Glints2/dict_0005_0038" 9714
"../../../Engine/Content/EngineMaterials/Substrate/Glints2/dict_0005_0041.uasset" 9715
"/Engine/EngineMaterials/Substrate/Glints2/dict_0005_0051" 9716
"../../../Engine/Content/EngineMaterials/Substrate/Glints2/dict_0005_0047.uasset" 9717
"/Engine/EngineMaterials/Substrate/Glints2/dict_0005_0050" 9718
"../../../Engine/Content/EngineMaterials/Substrate/Glints2/dict_0005_0060.uasset" 9719
"../../../Engine/Content/EngineMaterials/Substrate/Glints2/dict_0005_0054.uasset" 9720
"/Engine/EngineMaterials/Substrate/Glints2/dict_0005_0049" 9721
"/Engine/EngineMaterials/Substrate/Glints2/dict_0005_0048" 9722
"/Engine/EngineMaterials/Substrate/Glints2/dict_0005_0046" 9723
"/Engine/EngineMaterials/Substrate/Glints2/dict_0005_0045" 9724
"/Engine/EngineMaterials/Substrate/Glints2/dict_0005_0036" 9725
"/Engine/EngineMaterials/Substrate/Glints2/dict_0005_0044" 9726
"/Engine/EngineMaterials/Substrate/Glints2/dict_0005_0035" 9727
"/Engine/EngineMaterials/Substrate/Glints2/dict_0005_0043" 9728
"/Engine/EngineMaterials/Substrate/Glints2/dict_0005_0042" 9729
"/Engine/EngineMaterials/Substrate/Glints2/dict_0005_0030" 9730
"/Engine/EngineMaterials/Substrate/Glints2/dict_0005_0040" 9731
"../../../Engine/Content/EngineMaterials/Substrate/Glints2/dict_0005_0063.uasset" 9732
"../../../Engine/Content/EngineMaterials/Substrate/Glints2/dict_0005_0055.uasset" 9733
"../../../Engine/Content/EngineMaterials/Substrate/Glints2/dict_0005_0069.uasset" 9734
"../../../Engine/Content/EngineMaterials/Substrate/Glints2/dict_0005_0058.uasset" 9735
"../../../Engine/Content/EngineMaterials/Substrate/Glints2/dict_0005_0072.uasset" 9736
"../../../Engine/Content/EngineMaterials/Substrate/Glints2/dict_0005_0078.uasset" 9737
"../../../Engine/Content/EngineMaterials/Substrate/Glints2/dict_0005_0052.uasset" 9738
"../../../Engine/Content/EngineMaterials/Substrate/Glints2/dict_0005_0066.uasset" 9739
"../../../Engine/Content/EngineMaterials/Substrate/Glints2/dict_0005_0081.uasset" 9740
"/Engine/EngineMaterials/Substrate/Glints2/dict_0005_0065" 9741
"../../../Engine/Content/EngineMaterials/Substrate/Glints2/dict_0005_0057.uasset" 9742
"/Engine/EngineMaterials/Substrate/Glints2/dict_0005_0047" 9743
"../../../Engine/Content/EngineMaterials/Substrate/Glints2/dict_0005_0062.uasset" 9744
"../../../Engine/Content/EngineMaterials/Substrate/Glints2/dict_0005_0056.uasset" 9745
"/Engine/EngineMaterials/Substrate/Glints2/dict_0005_0064" 9746
"../../../Engine/Content/EngineMaterials/Substrate/Glints2/dict_0005_0067.uasset" 9747
"/Engine/EngineMaterials/Substrate/Glints2/dict_0005_0063" 9748
"../../../Engine/Content/EngineMaterials/Substrate/Glints2/dict_0005_0076.uasset" 9749
"../../../Engine/Content/EngineMaterials/Substrate/Glints2/dict_0005_0073.uasset" 9750
"/Engine/EngineMaterials/Substrate/Glints2/dict_0005_0061" 9751
"/Engine/EngineMaterials/Substrate/Glints2/dict_0005_0060" 9752
"/Engine/EngineMaterials/Substrate/Glints2/dict_0005_0059" 9753
"/Engine/EngineMaterials/Substrate/Glints2/dict_0005_0041" 9754
"/Engine/EngineMaterials/Substrate/Glints2/dict_0005_0055" 9755
"/Engine/EngineMaterials/Substrate/Glints2/dict_0005_0054" 9756
"/Engine/EngineMaterials/Substrate/Glints2/dict_0005_0053" 9757
"../../../Engine/Content/EngineMaterials/Substrate/Glints2/dict_0005_0082.uasset" 9758
"../../../Engine/Content/EngineMaterials/Substrate/Glints2/dict_0005_0090.uasset" 9759
"../../../Engine/Content/EngineMaterials/Substrate/Glints2/dict_0005_0092.uasset" 9760
"/Engine/EngineMaterials/Substrate/Glints2/dict_0005_0066" 9761
"../../../Engine/Content/EngineMaterials/Substrate/Glints2/dict_0005_0088.uasset" 9762
"../../../Engine/Content/EngineMaterials/Substrate/Glints2/dict_0005_0087.uasset" 9763
"/Engine/EngineMaterials/Substrate/Glints2/dict_0005_0081" 9764
"/Engine/EngineMaterials/Substrate/Glints2/dict_0005_0078" 9765
"../../../Engine/Content/EngineMaterials/Substrate/Glints2/dict_0005_0077.uasset" 9766
"../../../Engine/Content/EngineMaterials/Substrate/Glints2/dict_0005_0074.uasset" 9767
"../../../Engine/Content/EngineMaterials/Substrate/Glints2/dict_0005_0080.uasset" 9768
"../../../Engine/Content/EngineMaterials/Substrate/Glints2/dict_0005_0075.uasset" 9769
"../../../Engine/Content/EngineMaterials/Substrate/Glints2/dict_0005_0071.uasset" 9770
"/Engine/EngineMaterials/Substrate/Glints2/dict_0005_0076" 9771
"../../../Engine/Content/EngineMaterials/Substrate/Glints2/dict_0005_0086.uasset" 9772
"../../../Engine/Content/EngineMaterials/Substrate/Glints2/dict_0005_0089.uasset" 9773
"../../../Engine/Content/EngineMaterials/Substrate/Glints2/dict_0005_0079.uasset" 9774
"/Engine/EngineMaterials/Substrate/Glints2/dict_0005_0073" 9775
"../../../Engine/Content/EngineMaterials/Substrate/Glints2/dict_0005_0084.uasset" 9776
"../../../Engine/Content/EngineMaterials/Substrate/Glints2/dict_0005_0083.uasset" 9777
"../../../Engine/Content/EngineMaterials/Substrate/Glints2/dict_0005_0068.uasset" 9778
"/Engine/EngineMaterials/Substrate/Glints2/dict_0005_0072" 9779
"/Engine/EngineMaterials/Substrate/Glints2/dict_0005_0062" 9780
"../../../Engine/Content/EngineMaterials/Substrate/Glints2/dict_0005_0070.uasset" 9781
"/Engine/EngineMaterials/Substrate/Glints2/dict_0005_0069" 9782
"/Engine/EngineMaterials/Substrate/Glints2/dict_0005_0058" 9783
"/Engine/EngineMaterials/Substrate/Glints2/dict_0005_0057" 9784
"/Engine/EngineMaterials/Substrate/Glints2/dict_0005_0056" 9785
"/Engine/EngineMaterials/Substrate/Glints2/dict_0005_0052" 9786
"/Engine/EngineMaterials/Substrate/Glints2/dict_0005_0067" 9787
"../../../Engine/Content/EngineMaterials/Substrate/Glints2/dict_0005_0096.uasset" 9788
"../../../Engine/Content/EngineMaterials/Substrate/Glints2/dict_0005_0098.uasset" 9789
"../../../Engine/Content/EngineMaterials/Substrate/Glints2/dict_0005_0104.uasset" 9790
"/Engine/EngineMaterials/Substrate/Glints2/dict_0005_0080" 9791
"../../../Engine/Content/EngineMaterials/Substrate/Glints2/dict_0005_0105.uasset" 9792
"/Engine/EngineMaterials/Substrate/Glints2/dict_0005_0079" 9793
"/Engine/EngineMaterials/Substrate/Glints2/dict_0005_0077" 9794
"/Engine/EngineMaterials/Substrate/Glints2/dict_0005_0092" 9795
"../../../Engine/Content/EngineMaterials/Substrate/Glints2/dict_0005_0101.uasset" 9796
"../../../Engine/Content/EngineMaterials/Substrate/Glints2/dict_0005_0091.uasset" 9797
"/Engine/EngineMaterials/Substrate/Glints2/dict_0005_0075" 9798
"../../../Engine/Content/EngineMaterials/Substrate/Glints2/dict_0005_0085.uasset" 9799
"/Engine/EngineMaterials/Substrate/Glints2/dict_0005_0090" 9800
"/Engine/EngineMaterials/Substrate/Glints2/dict_0005_0074" 9801
"/Engine/EngineMaterials/Substrate/Glints2/dict_0005_0089" 9802
"/Engine/EngineMaterials/Substrate/Glints2/dict_0005_0088" 9803
"/Engine/EngineMaterials/Substrate/Glints2/dict_0005_0071" 9804
"/Engine/EngineMaterials/Substrate/Glints2/dict_0005_0087" 9805
"/Engine/EngineMaterials/Substrate/Glints2/dict_0005_0070" 9806
"/Engine/EngineMaterials/Substrate/Glints2/dict_0005_0086" 9807
"/Engine/EngineMaterials/Substrate/Glints2/dict_0005_0084" 9808
"/Engine/EngineMaterials/Substrate/Glints2/dict_0005_0083" 9809
"/Engine/EngineMaterials/Substrate/Glints2/dict_0005_0068" 9810
"/Engine/EngineMaterials/Substrate/Glints2/dict_0005_0082" 9811
"../../../Engine/Content/EngineMaterials/Substrate/Glints2/dict_0005_0110.uasset" 9812
"../../../Engine/Content/EngineMaterials/Substrate/Glints2/dict_0005_0113.uasset" 9813
"../../../Engine/Content/EngineMaterials/Substrate/Glints2/dict_0005_0115.uasset" 9814
"/Engine/EngineMaterials/Substrate/Glints2/dict_0005_0105" 9815
"../../../Engine/Content/EngineMaterials/Substrate/Glints2/dict_0005_0121.uasset" 9816
"../../../Engine/Content/EngineMaterials/Substrate/Glints2/dict_0005_0102.uasset" 9817
"../../../Engine/Content/EngineMaterials/Substrate/Glints2/dict_0005_0103.uasset" 9818
"../../../Engine/Content/EngineMaterials/Substrate/Glints2/dict_0005_0099.uasset" 9819
"../../../Engine/Content/EngineMaterials/Substrate/Glints2/dict_0005_0093.uasset" 9820
"../../../Engine/Content/EngineMaterials/Substrate/Glints2/dict_0005_0100.uasset" 9821
"../../../Engine/Content/EngineMaterials/Substrate/Glints2/dict_0005_0095.uasset" 9822
"/Engine/EngineMaterials/Substrate/Glints2/dict_0005_0104" 9823
"../../../Engine/Content/EngineMaterials/Substrate/Glints2/dict_0005_0097.uasset" 9824
"/Engine/EngineMaterials/Substrate/Glints2/dict_0005_0091" 9825
"../../../Engine/Content/EngineMaterials/Substrate/Glints2/dict_0005_0094.uasset" 9826
"/Engine/EngineMaterials/Substrate/Glints2/dict_0005_0101" 9827
"../../../Engine/Content/EngineMaterials/Substrate/Glints2/dict_0005_0119.uasset" 9828
"../../../Engine/Content/EngineMaterials/Substrate/Glints2/dict_0005_0107.uasset" 9829
"../../../Engine/Content/EngineMaterials/Substrate/Glints2/dict_0005_0106.uasset" 9830
"/Engine/EngineMaterials/Substrate/Glints2/dict_0005_0098" 9831
"../../../Engine/Content/EngineMaterials/Substrate/Glints2/dict_0005_0111.uasset" 9832
"../../../Engine/Content/EngineMaterials/Substrate/Glints2/dict_0005_0109.uasset" 9833
"../../../Engine/Content/EngineMaterials/Substrate/Glints2/dict_0005_0112.uasset" 9834
"../../../Engine/Content/EngineMaterials/Substrate/Glints2/dict_0005_0118.uasset" 9835
"../../../Engine/Content/EngineMaterials/Substrate/Glints2/dict_0005_0117.uasset" 9836
"/Engine/EngineMaterials/Substrate/Glints2/dict_0005_0096" 9837
"/Engine/EngineMaterials/Substrate/Glints2/dict_0005_0085" 9838
"../../../Engine/Content/EngineMaterials/Substrate/Glints2/dict_0005_0129.uasset" 9839
"/Engine/EngineMaterials/Substrate/Glints2/dict_0005_0121" 9840
"/Engine/EngineMaterials/Substrate/Glints2/dict_0005_0103" 9841
"../../../Engine/Content/EngineMaterials/Substrate/Glints2/dict_0005_0123.uasset" 9842
"/Engine/EngineMaterials/Substrate/Glints2/dict_0005_0102" 9843
"../../../Engine/Content/EngineMaterials/Substrate/Glints2/dict_0005_0124.uasset" 9844
"../../../Engine/Content/EngineMaterials/Substrate/Glints2/dict_0005_0126.uasset" 9845
"/Engine/EngineMaterials/Substrate/Glints2/dict_0005_0119" 9846
"/Engine/EngineMaterials/Substrate/Glints2/dict_0005_0118" 9847
"/Engine/EngineMaterials/Substrate/Glints2/dict_0005_0117" 9848
"/Engine/EngineMaterials/Substrate/Glints2/dict_0005_0115" 9849
"/Engine/EngineMaterials/Substrate/Glints2/dict_0005_0100" 9850
"/Engine/EngineMaterials/Substrate/Glints2/dict_0005_0099" 9851
"/Engine/EngineMaterials/Substrate/Glints2/dict_0005_0113" 9852
"../../../Engine/Content/EngineMaterials/Substrate/Glints2/dict_0005_0120.uasset" 9853
"/Engine/EngineMaterials/Substrate/Glints2/dict_0005_0112" 9854
"../../../Engine/Content/EngineMaterials/Substrate/Glints2/dict_0005_0108.uasset" 9855
"../../../Engine/Content/EngineMaterials/Substrate/Glints2/dict_0005_0116.uasset" 9856
"../../../Engine/Content/EngineMaterials/Substrate/Glints2/dict_0005_0122.uasset" 9857
"/Engine/EngineMaterials/Substrate/Glints2/dict_0005_0111" 9858
"../../../Engine/Content/EngineMaterials/Substrate/Glints2/dict_0005_0114.uasset" 9859
"../../../Engine/Content/EngineMaterials/Substrate/Glints2/dict_0005_0128.uasset" 9860
"../../../Engine/Content/EngineMaterials/Substrate/Glints2/dict_0005_0127.uasset" 9861
"/Engine/EngineMaterials/Substrate/Glints2/dict_0005_0110" 9862
"/Engine/EngineMaterials/Substrate/Glints2/dict_0005_0097" 9863
"/Engine/EngineMaterials/Substrate/Glints2/dict_0005_0095" 9864
"/Engine/EngineMaterials/Substrate/Glints2/dict_0005_0109" 9865
"../../../Engine/Content/EngineMaterials/Substrate/Glints2/dict_0005_0125.uasset" 9866
"/Engine/EngineMaterials/Substrate/Glints2/dict_0005_0107" 9867
"/Engine/EngineMaterials/Substrate/Glints2/dict_0005_0106" 9868
"/Engine/EngineMaterials/Substrate/Glints2/dict_0005_0094" 9869
"/Engine/EngineMaterials/Substrate/Glints2/dict_0005_0093" 9870
"../../../Engine/Content/EngineMaterials/Substrate/Glints2/dict_0005_0130.uasset" 9871
"../../../Engine/Content/EngineMaterials/Substrate/Glints2/dict_0005_0133.uasset" 9872
"../../../Engine/Content/EngineMaterials/Substrate/Glints2/dict_0005_0131.uasset" 9873
"../../../Engine/Content/EngineMaterials/Substrate/Glints2/dict_0005_0140.uasset" 9874
"../../../Engine/Content/EngineMaterials/Substrate/Glints2/dict_0005_0143.uasset" 9875
"/Engine/EngineMaterials/Substrate/Glints2/dict_0005_0129" 9876
"/Engine/EngineMaterials/Substrate/Glints2/dict_0005_0128" 9877
"/Engine/EngineMaterials/Substrate/Glints2/dict_0005_0122" 9878
"/Engine/EngineMaterials/Substrate/Glints2/dict_0005_0120" 9879
"/Engine/EngineMaterials/Substrate/Glints2/dict_0005_0127" 9880
"../../../Engine/Content/EngineMaterials/Substrate/Glints2/dict_0005_0147.uasset" 9881
"../../../Engine/Content/EngineMaterials/Substrate/Glints2/dict_0005_0141.uasset" 9882
"../../../Engine/Content/EngineMaterials/Substrate/Glints2/dict_0005_0137.uasset" 9883
"/Engine/EngineMaterials/Substrate/Glints2/dict_0005_0116" 9884
"/Engine/EngineMaterials/Substrate/Glints2/dict_0005_0126" 9885
"/Engine/EngineMaterials/Substrate/Glints2/dict_0005_0114" 9886
"/Engine/EngineMaterials/Substrate/Glints2/dict_0005_0125" 9887
"/Engine/EngineMaterials/Substrate/Glints2/dict_0005_0124" 9888
"/Engine/EngineMaterials/Substrate/Glints2/dict_0005_0123" 9889
"/Engine/EngineMaterials/Substrate/Glints2/dict_0005_0108" 9890
"../../../Engine/Content/EngineMaterials/Substrate/Glints2/dict_0005_0152.uasset" 9891
"../../../Engine/Content/EngineMaterials/Substrate/Glints2/dict_0005_0157.uasset" 9892
"../../../Engine/Content/EngineMaterials/Substrate/Glints2/dict_0005_0151.uasset" 9893
"../../../Engine/Content/EngineMaterials/Substrate/Glints2/dict_0005_0155.uasset" 9894
"/Engine/EngineMaterials/Substrate/Glints2/dict_0005_0147" 9895
"/Engine/EngineMaterials/Substrate/Glints2/dict_0005_0143" 9896
"/Engine/EngineMaterials/Substrate/Glints2/dict_0005_0141" 9897
"/Engine/EngineMaterials/Substrate/Glints2/dict_0005_0140" 9898
"/Engine/EngineMaterials/Substrate/Glints2/dict_0005_0137" 9899
"../../../Engine/Content/EngineMaterials/Substrate/Glints2/dict_0005_0148.uasset" 9900
"../../../Engine/Content/EngineMaterials/Substrate/Glints2/dict_0005_0154.uasset" 9901
"../../../Engine/Content/EngineMaterials/Substrate/Glints2/dict_0005_0149.uasset" 9902
"../../../Engine/Content/EngineMaterials/Substrate/Glints2/dict_0005_0135.uasset" 9903
"/Engine/EngineMaterials/Substrate/Glints2/dict_0005_0133" 9904
"../../../Engine/Content/EngineMaterials/Substrate/Glints2/dict_0005_0145.uasset" 9905
"../../../Engine/Content/EngineMaterials/Substrate/Glints2/dict_0005_0146.uasset" 9906
"../../../Engine/Content/EngineMaterials/Substrate/Glints2/dict_0005_0139.uasset" 9907
"../../../Engine/Content/EngineMaterials/Substrate/Glints2/dict_0005_0136.uasset" 9908
"/Engine/EngineMaterials/Substrate/Glints2/dict_0005_0131" 9909
"../../../Engine/Content/EngineMaterials/Substrate/Glints2/dict_0005_0144.uasset" 9910
"../../../Engine/Content/EngineMaterials/Substrate/Glints2/dict_0005_0138.uasset" 9911
"/Engine/EngineMaterials/Substrate/Glints2/dict_0005_0130" 9912
"../../../Engine/Content/EngineMaterials/Substrate/Glints2/dict_0005_0132.uasset" 9913
"../../../Engine/Content/EngineMaterials/Substrate/Glints2/dict_0005_0134.uasset" 9914
"../../../Engine/Content/EngineMaterials/Substrate/Glints2/dict_0005_0167.uasset" 9915
"/Engine/EngineMaterials/Substrate/Glints2/dict_0005_0149" 9916
"/Engine/EngineMaterials/Substrate/Glints2/dict_0005_0148" 9917
"../../../Engine/Content/EngineMaterials/Substrate/Glints2/dict_0005_0142.uasset" 9918
"/Engine/EngineMaterials/Substrate/Glints2/dict_0005_0146" 9919
"../../../Engine/Content/EngineMaterials/Substrate/Glints2/dict_0005_0162.uasset" 9920
"../../../Engine/Content/EngineMaterials/Substrate/Glints2/dict_0005_0164.uasset" 9921
"../../../Engine/Content/EngineMaterials/Substrate/Glints2/dict_0005_0165.uasset" 9922
"/Engine/EngineMaterials/Substrate/Glints2/dict_0005_0157" 9923
"../../../Engine/Content/EngineMaterials/Substrate/Glints2/dict_0005_0168.uasset" 9924
"../../../Engine/Content/EngineMaterials/Substrate/Glints2/dict_0005_0163.uasset" 9925
"/Engine/EngineMaterials/Substrate/Glints2/dict_0005_0145" 9926
"/Engine/EngineMaterials/Substrate/Glints2/dict_0005_0144" 9927
"/Engine/EngineMaterials/Substrate/Glints2/dict_0005_0155" 9928
"/Engine/EngineMaterials/Substrate/Glints2/dict_0005_0154" 9929
"/Engine/EngineMaterials/Substrate/Glints2/dict_0005_0139" 9930
"/Engine/EngineMaterials/Substrate/Glints2/dict_0005_0138" 9931
"../../../Engine/Content/EngineMaterials/Substrate/Glints2/dict_0005_0160.uasset" 9932
"../../../Engine/Content/EngineMaterials/Substrate/Glints2/dict_0005_0156.uasset" 9933
"../../../Engine/Content/EngineMaterials/Substrate/Glints2/dict_0005_0158.uasset" 9934
"../../../Engine/Content/EngineMaterials/Substrate/Glints2/dict_0005_0159.uasset" 9935
"/Engine/EngineMaterials/Substrate/Glints2/dict_0005_0136" 9936
"/Engine/EngineMaterials/Substrate/Glints2/dict_0005_0152" 9937
"../../../Engine/Content/EngineMaterials/Substrate/Glints2/dict_0005_0150.uasset" 9938
"/Engine/EngineMaterials/Substrate/Glints2/dict_0005_0151" 9939
"/Engine/EngineMaterials/Substrate/Glints2/dict_0005_0135" 9940
"../../../Engine/Content/EngineMaterials/Substrate/Glints2/dict_0005_0153.uasset" 9941
"../../../Engine/Content/EngineMaterials/Substrate/Glints2/dict_0005_0161.uasset" 9942
"/Engine/EngineMaterials/Substrate/Glints2/dict_0005_0134" 9943
"/Engine/EngineMaterials/Substrate/Glints2/dict_0005_0132" 9944
"../../../Engine/Content/EngineMaterials/Substrate/Glints2/dict_0005_0174.uasset" 9945
"../../../Engine/Content/EngineMaterials/Substrate/Glints2/dict_0005_0176.uasset" 9946
"../../../Engine/Content/EngineMaterials/Substrate/Glints2/dict_0005_0177.uasset" 9947
"/Engine/EngineMaterials/Substrate/Glints2/dict_0005_0161" 9948
"../../../Engine/Content/EngineMaterials/Substrate/Glints2/dict_0005_0182.uasset" 9949
"/Engine/EngineMaterials/Substrate/Glints2/dict_0005_0160" 9950
"/Engine/EngineMaterials/Substrate/Glints2/dict_0005_0159" 9951
"/Engine/EngineMaterials/Substrate/Glints2/dict_0005_0158" 9952
"../../../Engine/Content/EngineMaterials/Substrate/Glints2/dict_0005_0180.uasset" 9953
"../../../Engine/Content/EngineMaterials/Substrate/Glints2/dict_0005_0172.uasset" 9954
"../../../Engine/Content/EngineMaterials/Substrate/Glints2/dict_0005_0183.uasset" 9955
"../../../Engine/Content/EngineMaterials/Substrate/Glints2/dict_0005_0173.uasset" 9956
"../../../Engine/Content/EngineMaterials/Substrate/Glints2/dict_0005_0169.uasset" 9957
"/Engine/EngineMaterials/Substrate/Glints2/dict_0005_0156" 9958
"../../../Engine/Content/EngineMaterials/Substrate/Glints2/dict_0005_0166.uasset" 9959
"/Engine/EngineMaterials/Substrate/Glints2/dict_0005_0168" 9960
"/Engine/EngineMaterials/Substrate/Glints2/dict_0005_0142" 9961
"/Engine/EngineMaterials/Substrate/Glints2/dict_0005_0167" 9962
"/Engine/EngineMaterials/Substrate/Glints2/dict_0005_0165" 9963
"/Engine/EngineMaterials/Substrate/Glints2/dict_0005_0153" 9964
"/Engine/EngineMaterials/Substrate/Glints2/dict_0005_0150" 9965
"/Engine/EngineMaterials/Substrate/Glints2/dict_0005_0164" 9966
"/Engine/EngineMaterials/Substrate/Glints2/dict_0005_0163" 9967
"/Engine/EngineMaterials/Substrate/Glints2/dict_0005_0162" 9968
"../../../Engine/Content/EngineMaterials/Substrate/Glints2/dict_0005_0175.uasset" 9969
"../../../Engine/Content/EngineMaterials/Substrate/Glints2/dict_0005_0185.uasset" 9970
"../../../Engine/Content/EngineMaterials/Substrate/Glints2/dict_0005_0187.uasset" 9971
"../../../Engine/Content/EngineMaterials/Substrate/Glints2/dict_0005_0188.uasset" 9972
"../../../Engine/Content/EngineMaterials/Substrate/Glints2/dict_0005_0197.uasset" 9973
"../../../Engine/Content/EngineMaterials/Substrate/Glints2/dict_0005_0191.uasset" 9974
"/Engine/EngineMaterials/Substrate/Glints2/dict_0005_0185" 9975
"../../../Engine/Content/EngineMaterials/Substrate/Glints2/dict_0005_0195.uasset" 9976
"../../../Engine/Content/EngineMaterials/Substrate/Glints2/dict_0005_0198.uasset" 9977
"../../../Engine/Content/EngineMaterials/Substrate/Glints2/dict_0005_0179.uasset" 9978
"/Engine/EngineMaterials/Substrate/Glints2/dict_0005_0169" 9979
"../../../Engine/Content/EngineMaterials/Substrate/Glints2/dict_0005_0170.uasset" 9980
"/Engine/EngineMaterials/Substrate/Glints2/dict_0005_0183" 9981
"../../../Engine/Content/EngineMaterials/Substrate/Glints2/dict_0005_0193.uasset" 9982
"../../../Engine/Content/EngineMaterials/Substrate/Glints2/dict_0005_0184.uasset" 9983
"/Engine/EngineMaterials/Substrate/Glints2/dict_0005_0182" 9984
"../../../Engine/Content/EngineMaterials/Substrate/Glints2/dict_0005_0199.uasset" 9985
"../../../Engine/Content/EngineMaterials/Substrate/Glints2/dict_0005_0178.uasset" 9986
"/Engine/EngineMaterials/Substrate/Glints2/dict_0005_0180" 9987
"../../../Engine/Content/EngineMaterials/Substrate/Glints2/dict_0005_0171.uasset" 9988
"/Engine/EngineMaterials/Substrate/Glints2/dict_0005_0166" 9989
"/Engine/EngineMaterials/Substrate/Glints2/dict_0005_0177" 9990
"../../../Engine/Content/EngineMaterials/Substrate/Glints2/dict_0005_0181.uasset" 9991
"/Engine/EngineMaterials/Substrate/Glints2/dict_0005_0176" 9992
"/Engine/EngineMaterials/Substrate/Glints2/dict_0005_0175" 9993
"/Engine/EngineMaterials/Substrate/Glints2/dict_0005_0174" 9994
"/Engine/EngineMaterials/Substrate/Glints2/dict_0005_0173" 9995
"/Engine/EngineMaterials/Substrate/Glints2/dict_0005_0172" 9996
"../../../Engine/Content/EngineMaterials/Substrate/Glints2/dict_0005_0205.uasset" 9997
"../../../Engine/Content/EngineMaterials/Substrate/Glints2/dict_0005_0207.uasset" 9998
"../../../Engine/Content/EngineMaterials/Substrate/Glints2/dict_0005_0209.uasset" 9999
"/Engine/EngineMaterials/Substrate/Glints2/dict_0005_0199" 10000
"/Engine/EngineMaterials/Substrate/Glints2/dict_0005_0198" 10001
"../../../Engine/Content/EngineMaterials/Substrate/Glints2/dict_0005_0196.uasset" 10002
"../../../Engine/Content/EngineMaterials/Substrate/Glints2/dict_0005_0190.uasset" 10003
"../../../Engine/Content/EngineMaterials/Substrate/Glints2/dict_0005_0192.uasset" 10004
"/Engine/EngineMaterials/Substrate/Glints2/dict_0005_0197" 10005
"../../../Engine/Content/EngineMaterials/Substrate/Glints2/dict_0005_0194.uasset" 10006
"../../../Engine/Content/EngineMaterials/Substrate/Glints2/dict_0005_0200.uasset" 10007
"../../../Engine/Content/EngineMaterials/Substrate/Glints2/dict_0005_0208.uasset" 10008
"../../../Engine/Content/EngineMaterials/Substrate/Glints2/dict_0005_0206.uasset" 10009
"/Engine/EngineMaterials/Substrate/Glints2/dict_0005_0184" 10010
"../../../Engine/Content/EngineMaterials/Substrate/Glints2/dict_0005_0210.uasset" 10011
"/Engine/EngineMaterials/Substrate/Glints2/dict_0005_0181" 10012
"/Engine/EngineMaterials/Substrate/Glints2/dict_0005_0195" 10013
"../../../Engine/Content/EngineMaterials/Substrate/Glints2/dict_0005_0189.uasset" 10014
"/Engine/EngineMaterials/Substrate/Glints2/dict_0005_0179" 10015
"/Engine/EngineMaterials/Substrate/Glints2/dict_0005_0193" 10016
"../../../Engine/Content/EngineMaterials/Substrate/Glints2/dict_0005_0186.uasset" 10017
"/Engine/EngineMaterials/Substrate/Glints2/dict_0005_0178" 10018
"/Engine/EngineMaterials/Substrate/Glints2/dict_0005_0191" 10019
"/Engine/EngineMaterials/Substrate/Glints2/dict_0005_0171" 10020
"/Engine/EngineMaterials/Substrate/Glints2/dict_0005_0188" 10021
"/Engine/EngineMaterials/Substrate/Glints2/dict_0005_0170" 10022
"/Engine/EngineMaterials/Substrate/Glints2/dict_0005_0187" 10023
"../../../Engine/Content/EngineMaterials/Substrate/Glints2/dict_0005_0204.uasset" 10024
"../../../Engine/Content/EngineMaterials/Substrate/Glints2/dict_0005_0202.uasset" 10025
"../../../Engine/Content/EngineMaterials/Substrate/Glints2/dict_0005_0203.uasset" 10026
"../../../Engine/Content/EngineMaterials/Substrate/Glints2/dict_0005_0213.uasset" 10027
"../../../Engine/Content/EngineMaterials/Substrate/Glints2/dict_0005_0217.uasset" 10028
"../../../Engine/Content/EngineMaterials/Substrate/Glints2/dict_0005_0214.uasset" 10029
"../../../Engine/Content/EngineMaterials/Substrate/Glints2/dict_0005_0218.uasset" 10030
"../../../Engine/Content/EngineMaterials/Substrate/Glints2/dict_0005_0221.uasset" 10031
"../../../Engine/Content/EngineMaterials/Substrate/Glints2/dict_0005_0225.uasset" 10032
"../../../Engine/Content/EngineMaterials/Substrate/Glints2/dict_0005_0219.uasset" 10033
"../../../Engine/Content/EngineMaterials/Substrate/Glints2/dict_0005_0222.uasset" 10034
"../../../Engine/Content/EngineMaterials/Substrate/Glints2/dict_0005_0215.uasset" 10035
"/Engine/EngineMaterials/Substrate/Glints2/dict_0005_0196" 10036
"/Engine/EngineMaterials/Substrate/Glints2/dict_0005_0210" 10037
"../../../Engine/Content/EngineMaterials/Substrate/Glints2/dict_0005_0211.uasset" 10038
"../../../Engine/Content/EngineMaterials/Substrate/Glints2/dict_0005_0216.uasset" 10039
"/Engine/EngineMaterials/Substrate/Glints2/dict_0005_0209" 10040
"../../../Engine/Content/EngineMaterials/Substrate/Glints2/dict_0005_0223.uasset" 10041
"../../../Engine/Content/EngineMaterials/Substrate/Glints2/dict_0005_0220.uasset" 10042
"/Engine/EngineMaterials/Substrate/Glints2/dict_0005_0208" 10043
"/Engine/EngineMaterials/Substrate/Glints2/dict_0005_0207" 10044
"../../../Engine/Content/EngineMaterials/Substrate/Glints2/dict_0005_0201.uasset" 10045
"/Engine/EngineMaterials/Substrate/Glints2/dict_0005_0194" 10046
"/Engine/EngineMaterials/Substrate/Glints2/dict_0005_0192" 10047
"/Engine/EngineMaterials/Substrate/Glints2/dict_0005_0206" 10048
"/Engine/EngineMaterials/Substrate/Glints2/dict_0005_0205" 10049
"/Engine/EngineMaterials/Substrate/Glints2/dict_0005_0204" 10050
"/Engine/EngineMaterials/Substrate/Glints2/dict_0005_0190" 10051
"/Engine/EngineMaterials/Substrate/Glints2/dict_0005_0202" 10052
"/Engine/EngineMaterials/Substrate/Glints2/dict_0005_0200" 10053
"/Engine/EngineMaterials/Substrate/Glints2/dict_0005_0189" 10054
"/Engine/EngineMaterials/Substrate/Glints2/dict_0005_0186" 10055
"../../../Engine/Content/EngineMaterials/Substrate/Glints2/dict_0005_0226.uasset" 10056
"../../../Engine/Content/EngineMaterials/Substrate/Glints2/dict_0005_0229.uasset" 10057
"../../../Engine/Content/EngineMaterials/Substrate/Glints2/dict_0005_0227.uasset" 10058
"../../../Engine/Content/EngineMaterials/Substrate/Glints2/dict_0005_0234.uasset" 10059
"../../../Engine/Content/EngineMaterials/Substrate/Glints2/dict_0005_0237.uasset" 10060
"/Engine/EngineMaterials/Substrate/Glints2/dict_0005_0225" 10061
"../../../Engine/Content/EngineMaterials/Substrate/Glints2/dict_0005_0232.uasset" 10062
"../../../Engine/Content/EngineMaterials/Substrate/Glints2/dict_0005_0230.uasset" 10063
"../../../Engine/Content/EngineMaterials/Substrate/Glints2/dict_0005_0239.uasset" 10064
"../../../Engine/Content/EngineMaterials/Substrate/Glints2/dict_0005_0233.uasset" 10065
"../../../Engine/Content/EngineMaterials/Substrate/Glints2/dict_0005_0238.uasset" 10066
"../../../Engine/Content/EngineMaterials/Substrate/Glints2/dict_0005_0212.uasset" 10067
"/Engine/EngineMaterials/Substrate/Glints2/dict_0005_0223" 10068
"../../../Engine/Content/EngineMaterials/Substrate/Glints2/dict_0005_0224.uasset" 10069
"/Engine/EngineMaterials/Substrate/Glints2/dict_0005_0211" 10070
"/Engine/EngineMaterials/Substrate/Glints2/dict_0005_0222" 10071
"/Engine/EngineMaterials/Substrate/Glints2/dict_0005_0221" 10072
"/Engine/EngineMaterials/Substrate/Glints2/dict_0005_0220" 10073
"/Engine/EngineMaterials/Substrate/Glints2/dict_0005_0219" 10074
"/Engine/EngineMaterials/Substrate/Glints2/dict_0005_0218" 10075
"/Engine/EngineMaterials/Substrate/Glints2/dict_0005_0217" 10076
"/Engine/EngineMaterials/Substrate/Glints2/dict_0005_0216" 10077
"/Engine/EngineMaterials/Substrate/Glints2/dict_0005_0203" 10078
"/Engine/EngineMaterials/Substrate/Glints2/dict_0005_0201" 10079
"/Engine/EngineMaterials/Substrate/Glints2/dict_0005_0215" 10080
"/Engine/EngineMaterials/Substrate/Glints2/dict_0005_0214" 10081
"/Engine/EngineMaterials/Substrate/Glints2/dict_0005_0213" 10082
"../../../Engine/Content/EngineMaterials/Substrate/Glints2/dict_0005_0235.uasset" 10083
"../../../Engine/Content/EngineMaterials/Substrate/Glints2/dict_0005_0231.uasset" 10084
"../../../Engine/Content/EngineMaterials/Substrate/Glints2/dict_0005_0240.uasset" 10085
"../../../Engine/Content/EngineMaterials/Substrate/Glints2/dict_0005_0228.uasset" 10086
"../../../Engine/Content/EngineMaterials/Substrate/Glints2/dict_0005_0236.uasset" 10087
"../../../Engine/Content/EngineMaterials/Substrate/Glints2/dict_0005_0242.uasset" 10088
"../../../Engine/Content/EngineMaterials/Substrate/Glints2/dict_0005_0245.uasset" 10089
"../../../Engine/Content/EngineMaterials/Substrate/Glints2/dict_0005_0247.uasset" 10090
"../../../Engine/Content/EngineMaterials/Substrate/Glints2/dict_0005_0246.uasset" 10091
"../../../Engine/Content/EngineMaterials/Substrate/Glints2/dict_0005_0250.uasset" 10092
"../../../Engine/Content/EngineMaterials/Substrate/Glints2/dict_0005_0244.uasset" 10093
"../../../Engine/Content/EngineMaterials/Substrate/Glints2/dict_0005_0253.uasset" 10094
"../../../Engine/Content/EngineMaterials/Substrate/Glints2/dict_0005_0254.uasset" 10095
"/Engine/EngineMaterials/Substrate/Glints2/dict_0005_0224" 10096
"../../../Engine/Content/EngineMaterials/Substrate/Glints2/dict_0005_0255.uasset" 10097
"/Engine/EngineMaterials/Substrate/Glints2/dict_0005_0240" 10098
"/Engine/EngineMaterials/Substrate/Glints2/dict_0005_0239" 10099
"/Engine/EngineMaterials/Substrate/Glints2/dict_0005_0238" 10100
"../../../Engine/Content/EngineMaterials/Substrate/Glints2/dict_0005_0243.uasset" 10101
"../../../Engine/Content/EngineMaterials/Substrate/Glints2/dict_0005_0248.uasset" 10102
"/Engine/EngineMaterials/Substrate/Glints2/dict_0005_0237" 10103
"/Engine/EngineMaterials/Substrate/Glints2/dict_0005_0236" 10104
"/Engine/EngineMaterials/Substrate/Glints2/dict_0005_0235" 10105
"/Engine/EngineMaterials/Substrate/Glints2/dict_0005_0234" 10106
"/Engine/EngineMaterials/Substrate/Glints2/dict_0005_0233" 10107
"/Engine/EngineMaterials/Substrate/Glints2/dict_0005_0232" 10108
"/Engine/EngineMaterials/Substrate/Glints2/dict_0005_0231" 10109
"/Engine/EngineMaterials/Substrate/Glints2/dict_0005_0230" 10110
"/Engine/EngineMaterials/Substrate/Glints2/dict_0005_0229" 10111
"/Engine/EngineMaterials/Substrate/Glints2/dict_0005_0228" 10112
"../../../Engine/Content/EngineMaterials/Substrate/Glints2/dict_0005_0249.uasset" 10113
"../../../Engine/Content/EngineMaterials/Substrate/Glints2/dict_0005_0251.uasset" 10114
"/Engine/EngineMaterials/Substrate/Glints2/dict_0005_0227" 10115
"/Engine/EngineMaterials/Substrate/Glints2/dict_0005_0212" 10116
"../../../Engine/Content/EngineMaterials/Substrate/Glints2/dict_0005_0241.uasset" 10117
"/Engine/EngineMaterials/Substrate/Glints2/dict_0005_0226" 10118
"../../../Engine/Content/EngineMaterials/Substrate/Glints2/dict_0005_0252.uasset" 10119
"../../../Engine/Content/EngineMaterials/Substrate/Glints2/dict_0006_0001.uasset" 10120
"../../../Engine/Content/EngineMaterials/Substrate/Glints2/dict_0006_0003.uasset" 10121
"../../../Engine/Content/EngineMaterials/Substrate/Glints2/dict_0006_0005.uasset" 10122
"../../../Engine/Content/EngineMaterials/Substrate/Glints2/dict_0006_0007.uasset" 10123
"../../../Engine/Content/EngineMaterials/Substrate/Glints2/dict_0006_0006.uasset" 10124
"../../../Engine/Content/EngineMaterials/Substrate/Glints2/dict_0006_0013.uasset" 10125
"../../../Engine/Content/EngineMaterials/Substrate/Glints2/dict_0006_0015.uasset" 10126
"/Engine/EngineMaterials/Substrate/Glints2/dict_0005_0255" 10127
"../../../Engine/Content/EngineMaterials/Substrate/Glints2/dict_0006_0009.uasset" 10128
"../../../Engine/Content/EngineMaterials/Substrate/Glints2/dict_0006_0016.uasset" 10129
"../../../Engine/Content/EngineMaterials/Substrate/Glints2/dict_0006_0012.uasset" 10130
"/Engine/EngineMaterials/Substrate/Glints2/dict_0005_0254" 10131
"/Engine/EngineMaterials/Substrate/Glints2/dict_0005_0253" 10132
"/Engine/EngineMaterials/Substrate/Glints2/dict_0005_0252" 10133
"../../../Engine/Content/EngineMaterials/Substrate/Glints2/dict_0006_0008.uasset" 10134
"../../../Engine/Content/EngineMaterials/Substrate/Glints2/dict_0006_0010.uasset" 10135
"/Engine/EngineMaterials/Substrate/Glints2/dict_0005_0251" 10136
"/Engine/EngineMaterials/Substrate/Glints2/dict_0005_0250" 10137
"/Engine/EngineMaterials/Substrate/Glints2/dict_0005_0249" 10138
"/Engine/EngineMaterials/Substrate/Glints2/dict_0005_0248" 10139
"/Engine/EngineMaterials/Substrate/Glints2/dict_0005_0247" 10140
"/Engine/EngineMaterials/Substrate/Glints2/dict_0005_0246" 10141
"/Engine/EngineMaterials/Substrate/Glints2/dict_0005_0245" 10142
"/Engine/EngineMaterials/Substrate/Glints2/dict_0005_0244" 10143
"/Engine/EngineMaterials/Substrate/Glints2/dict_0005_0243" 10144
"/Engine/EngineMaterials/Substrate/Glints2/dict_0005_0242" 10145
"/Engine/EngineMaterials/Substrate/Glints2/dict_0005_0241" 10146
"../../../Engine/Content/EngineMaterials/Substrate/Glints2/dict_0006_0014.uasset" 10147
"../../../Engine/Content/EngineMaterials/Substrate/Glints2/dict_0006_0011.uasset" 10148
"../../../Engine/Content/EngineMaterials/Substrate/Glints2/dict_0006_0000.uasset" 10149
"../../../Engine/Content/EngineMaterials/Substrate/Glints2/dict_0006_0026.uasset" 10150
"../../../Engine/Content/EngineMaterials/Substrate/Glints2/dict_0006_0028.uasset" 10151
"../../../Engine/Content/EngineMaterials/Substrate/Glints2/dict_0006_0027.uasset" 10152
"/Engine/EngineMaterials/Substrate/Glints2/dict_0006_0016" 10153
"../../../Engine/Content/EngineMaterials/Substrate/Glints2/dict_0006_0029.uasset" 10154
"/Engine/EngineMaterials/Substrate/Glints2/dict_0006_0015" 10155
"/Engine/EngineMaterials/Substrate/Glints2/dict_0006_0014" 10156
"../../../Engine/Content/EngineMaterials/Substrate/Glints2/dict_0006_0004.uasset" 10157
"../../../Engine/Content/EngineMaterials/Substrate/Glints2/dict_0006_0031.uasset" 10158
"../../../Engine/Content/EngineMaterials/Substrate/Glints2/dict_0006_0024.uasset" 10159
"/Engine/EngineMaterials/Substrate/Glints2/dict_0006_0013" 10160
"../../../Engine/Content/EngineMaterials/Substrate/Glints2/dict_0006_0025.uasset" 10161
"../../../Engine/Content/EngineMaterials/Substrate/Glints2/dict_0006_0020.uasset" 10162
"../../../Engine/Content/EngineMaterials/Substrate/Glints2/dict_0006_0002.uasset" 10163
"../../../Engine/Content/EngineMaterials/Substrate/Glints2/dict_0006_0030.uasset" 10164
"/Engine/EngineMaterials/Substrate/Glints2/dict_0006_0012" 10165
"/Engine/EngineMaterials/Substrate/Glints2/dict_0006_0011" 10166
"/Engine/EngineMaterials/Substrate/Glints2/dict_0006_0010" 10167
"/Engine/EngineMaterials/Substrate/Glints2/dict_0006_0009" 10168
"/Engine/EngineMaterials/Substrate/Glints2/dict_0006_0008" 10169
"/Engine/EngineMaterials/Substrate/Glints2/dict_0006_0007" 10170
"/Engine/EngineMaterials/Substrate/Glints2/dict_0006_0006" 10171
"/Engine/EngineMaterials/Substrate/Glints2/dict_0006_0005" 10172
"/Engine/EngineMaterials/Substrate/Glints2/dict_0006_0003" 10173
"/Engine/EngineMaterials/Substrate/Glints2/dict_0006_0001" 10174
"/Engine/EngineMaterials/Substrate/Glints2/dict_0006_0000" 10175
"../../../Engine/Content/EngineMaterials/Substrate/Glints2/dict_0006_0032.uasset" 10176
"../../../Engine/Content/EngineMaterials/Substrate/Glints2/dict_0006_0042.uasset" 10177
"../../../Engine/Content/EngineMaterials/Substrate/Glints2/dict_0006_0038.uasset" 10178
"../../../Engine/Content/EngineMaterials/Substrate/Glints2/dict_0006_0040.uasset" 10179
"../../../Engine/Content/EngineMaterials/Substrate/Glints2/dict_0006_0037.uasset" 10180
"../../../Engine/Content/EngineMaterials/Substrate/Glints2/dict_0006_0034.uasset" 10181
"../../../Engine/Content/EngineMaterials/Substrate/Glints2/dict_0006_0033.uasset" 10182
"../../../Engine/Content/EngineMaterials/Substrate/Glints2/dict_0006_0035.uasset" 10183
"../../../Engine/Content/EngineMaterials/Substrate/Glints2/dict_0006_0039.uasset" 10184
"../../../Engine/Content/EngineMaterials/Substrate/Glints2/dict_0006_0045.uasset" 10185
"/Engine/EngineMaterials/Substrate/Glints2/dict_0006_0031" 10186
"../../../Engine/Content/EngineMaterials/Substrate/Glints2/dict_0006_0017.uasset" 10187
"../../../Engine/Content/EngineMaterials/Substrate/Glints2/dict_0006_0019.uasset" 10188
"../../../Engine/Content/EngineMaterials/Substrate/Glints2/dict_0006_0022.uasset" 10189
"../../../Engine/Content/EngineMaterials/Substrate/Glints2/dict_0006_0021.uasset" 10190
"/Engine/EngineMaterials/Substrate/Glints2/dict_0006_0030" 10191
"/Engine/EngineMaterials/Substrate/Glints2/dict_0006_0029" 10192
"../../../Engine/Content/EngineMaterials/Substrate/Glints2/dict_0006_0043.uasset" 10193
"../../../Engine/Content/EngineMaterials/Substrate/Glints2/dict_0006_0023.uasset" 10194
"../../../Engine/Content/EngineMaterials/Substrate/Glints2/dict_0006_0036.uasset" 10195
"/Engine/EngineMaterials/Substrate/Glints2/dict_0006_0028" 10196
"/Engine/EngineMaterials/Substrate/Glints2/dict_0006_0027" 10197
"../../../Engine/Content/EngineMaterials/Substrate/Glints2/dict_0006_0018.uasset" 10198
"/Engine/EngineMaterials/Substrate/Glints2/dict_0006_0026" 10199
"/Engine/EngineMaterials/Substrate/Glints2/dict_0006_0025" 10200
"/Engine/EngineMaterials/Substrate/Glints2/dict_0006_0024" 10201
"/Engine/EngineMaterials/Substrate/Glints2/dict_0006_0004" 10202
"/Engine/EngineMaterials/Substrate/Glints2/dict_0006_0020" 10203
"/Engine/EngineMaterials/Substrate/Glints2/dict_0006_0002" 10204
"../../../Engine/Content/EngineMaterials/Substrate/Glints2/dict_0006_0050.uasset" 10205
"../../../Engine/Content/EngineMaterials/Substrate/Glints2/dict_0006_0057.uasset" 10206
"../../../Engine/Content/EngineMaterials/Substrate/Glints2/dict_0006_0046.uasset" 10207
"../../../Engine/Content/EngineMaterials/Substrate/Glints2/dict_0006_0051.uasset" 10208
"/Engine/EngineMaterials/Substrate/Glints2/dict_0006_0045" 10209
"../../../Engine/Content/EngineMaterials/Substrate/Glints2/dict_0006_0055.uasset" 10210
"../../../Engine/Content/EngineMaterials/Substrate/Glints2/dict_0006_0048.uasset" 10211
"../../../Engine/Content/EngineMaterials/Substrate/Glints2/dict_0006_0044.uasset" 10212
"/Engine/EngineMaterials/Substrate/Glints2/dict_0006_0043" 10213
"/Engine/EngineMaterials/Substrate/Glints2/dict_0006_0042" 10214
"../../../Engine/Content/EngineMaterials/Substrate/Glints2/dict_0006_0053.uasset" 10215
"../../../Engine/Content/EngineMaterials/Substrate/Glints2/dict_0006_0047.uasset" 10216
"/Engine/EngineMaterials/Substrate/Glints2/dict_0006_0040" 10217
"/Engine/EngineMaterials/Substrate/Glints2/dict_0006_0039" 10218
"/Engine/EngineMaterials/Substrate/Glints2/dict_0006_0023" 10219
"/Engine/EngineMaterials/Substrate/Glints2/dict_0006_0038" 10220
"/Engine/EngineMaterials/Substrate/Glints2/dict_0006_0037" 10221
"../../../Engine/Content/EngineMaterials/Substrate/Glints2/dict_0006_0041.uasset" 10222
"/Engine/EngineMaterials/Substrate/Glints2/dict_0006_0036" 10223
"/Engine/EngineMaterials/Substrate/Glints2/dict_0006_0022" 10224
"/Engine/EngineMaterials/Substrate/Glints2/dict_0006_0035" 10225
"/Engine/EngineMaterials/Substrate/Glints2/dict_0006_0021" 10226
"/Engine/EngineMaterials/Substrate/Glints2/dict_0006_0034" 10227
"/Engine/EngineMaterials/Substrate/Glints2/dict_0006_0019" 10228
"../../../Engine/Content/EngineMaterials/Substrate/Glints2/dict_0006_0054.uasset" 10229
"../../../Engine/Content/EngineMaterials/Substrate/Glints2/dict_0006_0052.uasset" 10230
"../../../Engine/Content/EngineMaterials/Substrate/Glints2/dict_0006_0049.uasset" 10231
"../../../Engine/Content/EngineMaterials/Substrate/Glints2/dict_0006_0056.uasset" 10232
"/Engine/EngineMaterials/Substrate/Glints2/dict_0006_0018" 10233
"/Engine/EngineMaterials/Substrate/Glints2/dict_0006_0017" 10234
"/Engine/EngineMaterials/Substrate/Glints2/dict_0006_0033" 10235
"/Engine/EngineMaterials/Substrate/Glints2/dict_0006_0032" 10236
"../../../Engine/Content/EngineMaterials/Substrate/Glints2/dict_0006_0059.uasset" 10237
"../../../Engine/Content/EngineMaterials/Substrate/Glints2/dict_0006_0060.uasset" 10238
"../../../Engine/Content/EngineMaterials/Substrate/Glints2/dict_0006_0062.uasset" 10239
"../../../Engine/Content/EngineMaterials/Substrate/Glints2/dict_0006_0063.uasset" 10240
"../../../Engine/Content/EngineMaterials/Substrate/Glints2/dict_0006_0070.uasset" 10241
"../../../Engine/Content/EngineMaterials/Substrate/Glints2/dict_0006_0066.uasset" 10242
"../../../Engine/Content/EngineMaterials/Substrate/Glints2/dict_0006_0071.uasset" 10243
"../../../Engine/Content/EngineMaterials/Substrate/Glints2/dict_0006_0073.uasset" 10244
"../../../Engine/Content/EngineMaterials/Substrate/Glints2/dict_0006_0068.uasset" 10245
"../../../Engine/Content/EngineMaterials/Substrate/Glints2/dict_0006_0074.uasset" 10246
"../../../Engine/Content/EngineMaterials/Substrate/Glints2/dict_0006_0065.uasset" 10247
"/Engine/EngineMaterials/Substrate/Glints2/dict_0006_0057" 10248
"../../../Engine/Content/EngineMaterials/Substrate/Glints2/dict_0006_0072.uasset" 10249
"/Engine/EngineMaterials/Substrate/Glints2/dict_0006_0046" 10250
"../../../Engine/Content/EngineMaterials/Substrate/Glints2/dict_0006_0069.uasset" 10251
"/Engine/EngineMaterials/Substrate/Glints2/dict_0006_0056" 10252
"/Engine/EngineMaterials/Substrate/Glints2/dict_0006_0055" 10253
"/Engine/EngineMaterials/Substrate/Glints2/dict_0006_0054" 10254
"/Engine/EngineMaterials/Substrate/Glints2/dict_0006_0044" 10255
"/Engine/EngineMaterials/Substrate/Glints2/dict_0006_0053" 10256
"/Engine/EngineMaterials/Substrate/Glints2/dict_0006_0041" 10257
"/Engine/EngineMaterials/Substrate/Glints2/dict_0006_0052" 10258
"/Engine/EngineMaterials/Substrate/Glints2/dict_0006_0051" 10259
"/Engine/EngineMaterials/Substrate/Glints2/dict_0006_0050" 10260
"/Engine/EngineMaterials/Substrate/Glints2/dict_0006_0049" 10261
"/Engine/EngineMaterials/Substrate/Glints2/dict_0006_0048" 10262
"../../../Engine/Content/EngineMaterials/Substrate/Glints2/dict_0006_0064.uasset" 10263
"../../../Engine/Content/EngineMaterials/Substrate/Glints2/dict_0006_0058.uasset" 10264
"/Engine/EngineMaterials/Substrate/Glints2/dict_0006_0047" 10265
"../../../Engine/Content/EngineMaterials/Substrate/Glints2/dict_0006_0075.uasset" 10266
"../../../Engine/Content/EngineMaterials/Substrate/Glints2/dict_0006_0067.uasset" 10267
"../../../Engine/Content/EngineMaterials/Substrate/Glints2/dict_0006_0061.uasset" 10268
"../../../Engine/Content/EngineMaterials/Substrate/Glints2/dict_0006_0079.uasset" 10269
"../../../Engine/Content/EngineMaterials/Substrate/Glints2/dict_0006_0078.uasset" 10270
"../../../Engine/Content/EngineMaterials/Substrate/Glints2/dict_0006_0082.uasset" 10271
"../../../Engine/Content/EngineMaterials/Substrate/Glints2/dict_0006_0085.uasset" 10272
"../../../Engine/Content/EngineMaterials/Substrate/Glints2/dict_0006_0089.uasset" 10273
"../../../Engine/Content/EngineMaterials/Substrate/Glints2/dict_0006_0087.uasset" 10274
"/Engine/EngineMaterials/Substrate/Glints2/dict_0006_0075" 10275
"/Engine/EngineMaterials/Substrate/Glints2/dict_0006_0074" 10276
"/Engine/EngineMaterials/Substrate/Glints2/dict_0006_0073" 10277
"../../../Engine/Content/EngineMaterials/Substrate/Glints2/dict_0006_0081.uasset" 10278
"../../../Engine/Content/EngineMaterials/Substrate/Glints2/dict_0006_0088.uasset" 10279
"/Engine/EngineMaterials/Substrate/Glints2/dict_0006_0072" 10280
"../../../Engine/Content/EngineMaterials/Substrate/Glints2/dict_0006_0086.uasset" 10281
"/Engine/EngineMaterials/Substrate/Glints2/dict_0006_0071" 10282
"/Engine/EngineMaterials/Substrate/Glints2/dict_0006_0070" 10283
"/Engine/EngineMaterials/Substrate/Glints2/dict_0006_0069" 10284
"/Engine/EngineMaterials/Substrate/Glints2/dict_0006_0068" 10285
"/Engine/EngineMaterials/Substrate/Glints2/dict_0006_0067" 10286
"/Engine/EngineMaterials/Substrate/Glints2/dict_0006_0066" 10287
"/Engine/EngineMaterials/Substrate/Glints2/dict_0006_0065" 10288
"/Engine/EngineMaterials/Substrate/Glints2/dict_0006_0064" 10289
"/Engine/EngineMaterials/Substrate/Glints2/dict_0006_0063" 10290
"/Engine/EngineMaterials/Substrate/Glints2/dict_0006_0062" 10291
"../../../Engine/Content/EngineMaterials/Substrate/Glints2/dict_0006_0083.uasset" 10292
"../../../Engine/Content/EngineMaterials/Substrate/Glints2/dict_0006_0084.uasset" 10293
"/Engine/EngineMaterials/Substrate/Glints2/dict_0006_0061" 10294
"/Engine/EngineMaterials/Substrate/Glints2/dict_0006_0060" 10295
"../../../Engine/Content/EngineMaterials/Substrate/Glints2/dict_0006_0080.uasset" 10296
"/Engine/EngineMaterials/Substrate/Glints2/dict_0006_0059" 10297
"../../../Engine/Content/EngineMaterials/Substrate/Glints2/dict_0006_0077.uasset" 10298
"../../../Engine/Content/EngineMaterials/Substrate/Glints2/dict_0006_0076.uasset" 10299
"/Engine/EngineMaterials/Substrate/Glints2/dict_0006_0058" 10300
"../../../Engine/Content/EngineMaterials/Substrate/Glints2/dict_0006_0094.uasset" 10301
"../../../Engine/Content/EngineMaterials/Substrate/Glints2/dict_0006_0093.uasset" 10302
"../../../Engine/Content/EngineMaterials/Substrate/Glints2/dict_0006_0097.uasset" 10303
"../../../Engine/Content/EngineMaterials/Substrate/Glints2/dict_0006_0099.uasset" 10304
"../../../Engine/Content/EngineMaterials/Substrate/Glints2/dict_0006_0095.uasset" 10305
"../../../Engine/Content/EngineMaterials/Substrate/Glints2/dict_0006_0101.uasset" 10306
"/Engine/EngineMaterials/Substrate/Glints2/dict_0006_0089" 10307
"/Engine/EngineMaterials/Substrate/Glints2/dict_0006_0088" 10308
"/Engine/EngineMaterials/Substrate/Glints2/dict_0006_0087" 10309
"../../../Engine/Content/EngineMaterials/Substrate/Glints2/dict_0006_0098.uasset" 10310
"../../../Engine/Content/EngineMaterials/Substrate/Glints2/dict_0006_0107.uasset" 10311
"/Engine/EngineMaterials/Substrate/Glints2/dict_0006_0086" 10312
"../../../Engine/Content/EngineMaterials/Substrate/Glints2/dict_0006_0091.uasset" 10313
"../../../Engine/Content/EngineMaterials/Substrate/Glints2/dict_0006_0092.uasset" 10314
"../../../Engine/Content/EngineMaterials/Substrate/Glints2/dict_0006_0102.uasset" 10315
"../../../Engine/Content/EngineMaterials/Substrate/Glints2/dict_0006_0096.uasset" 10316
"/Engine/EngineMaterials/Substrate/Glints2/dict_0006_0085" 10317
"/Engine/EngineMaterials/Substrate/Glints2/dict_0006_0084" 10318
"/Engine/EngineMaterials/Substrate/Glints2/dict_0006_0083" 10319
"/Engine/EngineMaterials/Substrate/Glints2/dict_0006_0082" 10320
"/Engine/EngineMaterials/Substrate/Glints2/dict_0006_0081" 10321
"/Engine/EngineMaterials/Substrate/Glints2/dict_0006_0080" 10322
"/Engine/EngineMaterials/Substrate/Glints2/dict_0006_0079" 10323
"/Engine/EngineMaterials/Substrate/Glints2/dict_0006_0078" 10324
"/Engine/EngineMaterials/Substrate/Glints2/dict_0006_0077" 10325
"/Engine/EngineMaterials/Substrate/Glints2/dict_0006_0076" 10326
"../../../Engine/Content/EngineMaterials/Substrate/Glints2/dict_0006_0110.uasset" 10327
"../../../Engine/Content/EngineMaterials/Substrate/Glints2/dict_0006_0109.uasset" 10328
"../../../Engine/Content/EngineMaterials/Substrate/Glints2/dict_0006_0114.uasset" 10329
"../../../Engine/Content/EngineMaterials/Substrate/Glints2/dict_0006_0115.uasset" 10330
"../../../Engine/Content/EngineMaterials/Substrate/Glints2/dict_0006_0117.uasset" 10331
"/Engine/EngineMaterials/Substrate/Glints2/dict_0006_0107" 10332
"../../../Engine/Content/EngineMaterials/Substrate/Glints2/dict_0006_0108.uasset" 10333
"../../../Engine/Content/EngineMaterials/Substrate/Glints2/dict_0006_0106.uasset" 10334
"../../../Engine/Content/EngineMaterials/Substrate/Glints2/dict_0006_0090.uasset" 10335
"../../../Engine/Content/EngineMaterials/Substrate/Glints2/dict_0006_0100.uasset" 10336
"../../../Engine/Content/EngineMaterials/Substrate/Glints2/dict_0006_0103.uasset" 10337
"/Engine/EngineMaterials/Substrate/Glints2/dict_0006_0102" 10338
"/Engine/EngineMaterials/Substrate/Glints2/dict_0006_0101" 10339
"../../../Engine/Content/EngineMaterials/Substrate/Glints2/dict_0006_0105.uasset" 10340
"/Engine/EngineMaterials/Substrate/Glints2/dict_0006_0099" 10341
"../../../Engine/Content/EngineMaterials/Substrate/Glints2/dict_0006_0116.uasset" 10342
"../../../Engine/Content/EngineMaterials/Substrate/Glints2/dict_0006_0113.uasset" 10343
"../../../Engine/Content/EngineMaterials/Substrate/Glints2/dict_0006_0104.uasset" 10344
"../../../Engine/Content/EngineMaterials/Substrate/Glints2/dict_0006_0120.uasset" 10345
"/Engine/EngineMaterials/Substrate/Glints2/dict_0006_0098" 10346
"/Engine/EngineMaterials/Substrate/Glints2/dict_0006_0097" 10347
"/Engine/EngineMaterials/Substrate/Glints2/dict_0006_0096" 10348
"/Engine/EngineMaterials/Substrate/Glints2/dict_0006_0095" 10349
"/Engine/EngineMaterials/Substrate/Glints2/dict_0006_0094" 10350
"/Engine/EngineMaterials/Substrate/Glints2/dict_0006_0093" 10351
"/Engine/EngineMaterials/Substrate/Glints2/dict_0006_0092" 10352
"/Engine/EngineMaterials/Substrate/Glints2/dict_0006_0091" 10353
"../../../Engine/Content/EngineMaterials/Substrate/Glints2/dict_0006_0123.uasset" 10354
"../../../Engine/Content/EngineMaterials/Substrate/Glints2/dict_0006_0124.uasset" 10355
"../../../Engine/Content/EngineMaterials/Substrate/Glints2/dict_0006_0126.uasset" 10356
"/Engine/EngineMaterials/Substrate/Glints2/dict_0006_0120" 10357
"../../../Engine/Content/EngineMaterials/Substrate/Glints2/dict_0006_0131.uasset" 10358
"../../../Engine/Content/EngineMaterials/Substrate/Glints2/dict_0006_0132.uasset" 10359
"../../../Engine/Content/EngineMaterials/Substrate/Glints2/dict_0006_0112.uasset" 10360
"/Engine/EngineMaterials/Substrate/Glints2/dict_0006_0117" 10361
"../../../Engine/Content/EngineMaterials/Substrate/Glints2/dict_0006_0118.uasset" 10362
"../../../Engine/Content/EngineMaterials/Substrate/Glints2/dict_0006_0121.uasset" 10363
"/Engine/EngineMaterials/Substrate/Glints2/dict_0006_0116" 10364
"/Engine/EngineMaterials/Substrate/Glints2/dict_0006_0106" 10365
"../../../Engine/Content/EngineMaterials/Substrate/Glints2/dict_0006_0122.uasset" 10366
"../../../Engine/Content/EngineMaterials/Substrate/Glints2/dict_0006_0111.uasset" 10367
"/Engine/EngineMaterials/Substrate/Glints2/dict_0006_0105" 10368
"/Engine/EngineMaterials/Substrate/Glints2/dict_0006_0115" 10369
"/Engine/EngineMaterials/Substrate/Glints2/dict_0006_0114" 10370
"/Engine/EngineMaterials/Substrate/Glints2/dict_0006_0113" 10371
"../../../Engine/Content/EngineMaterials/Substrate/Glints2/dict_0006_0119.uasset" 10372
"/Engine/EngineMaterials/Substrate/Glints2/dict_0006_0104" 10373
"/Engine/EngineMaterials/Substrate/Glints2/dict_0006_0103" 10374
"/Engine/EngineMaterials/Substrate/Glints2/dict_0006_0100" 10375
"/Engine/EngineMaterials/Substrate/Glints2/dict_0006_0110" 10376
"/Engine/EngineMaterials/Substrate/Glints2/dict_0006_0109" 10377
"/Engine/EngineMaterials/Substrate/Glints2/dict_0006_0108" 10378
"/Engine/EngineMaterials/Substrate/Glints2/dict_0006_0090" 10379
"../../../Engine/Content/EngineMaterials/Substrate/Glints2/dict_0006_0129.uasset" 10380
"../../../Engine/Content/EngineMaterials/Substrate/Glints2/dict_0006_0127.uasset" 10381
"../../../Engine/Content/EngineMaterials/Substrate/Glints2/dict_0006_0133.uasset" 10382
"../../../Engine/Content/EngineMaterials/Substrate/Glints2/dict_0006_0128.uasset" 10383
"../../../Engine/Content/EngineMaterials/Substrate/Glints2/dict_0006_0136.uasset" 10384
"../../../Engine/Content/EngineMaterials/Substrate/Glints2/dict_0006_0144.uasset" 10385
"../../../Engine/Content/EngineMaterials/Substrate/Glints2/dict_0006_0141.uasset" 10386
"../../../Engine/Content/EngineMaterials/Substrate/Glints2/dict_0006_0147.uasset" 10387
"../../../Engine/Content/EngineMaterials/Substrate/Glints2/dict_0006_0142.uasset" 10388
"../../../Engine/Content/EngineMaterials/Substrate/Glints2/dict_0006_0130.uasset" 10389
"/Engine/EngineMaterials/Substrate/Glints2/dict_0006_0121" 10390
"/Engine/EngineMaterials/Substrate/Glints2/dict_0006_0119" 10391
"/Engine/EngineMaterials/Substrate/Glints2/dict_0006_0118" 10392
"../../../Engine/Content/EngineMaterials/Substrate/Glints2/dict_0006_0125.uasset" 10393
"/Engine/EngineMaterials/Substrate/Glints2/dict_0006_0133" 10394
"../../../Engine/Content/EngineMaterials/Substrate/Glints2/dict_0006_0145.uasset" 10395
"../../../Engine/Content/EngineMaterials/Substrate/Glints2/dict_0006_0139.uasset" 10396
"../../../Engine/Content/EngineMaterials/Substrate/Glints2/dict_0006_0146.uasset" 10397
"/Engine/EngineMaterials/Substrate/Glints2/dict_0006_0112" 10398
"/Engine/EngineMaterials/Substrate/Glints2/dict_0006_0111" 10399
"/Engine/EngineMaterials/Substrate/Glints2/dict_0006_0132" 10400
"/Engine/EngineMaterials/Substrate/Glints2/dict_0006_0131" 10401
"/Engine/EngineMaterials/Substrate/Glints2/dict_0006_0129" 10402
"/Engine/EngineMaterials/Substrate/Glints2/dict_0006_0128" 10403
"/Engine/EngineMaterials/Substrate/Glints2/dict_0006_0127" 10404
"/Engine/EngineMaterials/Substrate/Glints2/dict_0006_0126" 10405
"/Engine/EngineMaterials/Substrate/Glints2/dict_0006_0124" 10406
"/Engine/EngineMaterials/Substrate/Glints2/dict_0006_0123" 10407
"../../../Engine/Content/EngineMaterials/Substrate/Glints2/dict_0006_0140.uasset" 10408
"../../../Engine/Content/EngineMaterials/Substrate/Glints2/dict_0006_0134.uasset" 10409
"../../../Engine/Content/EngineMaterials/Substrate/Glints2/dict_0006_0135.uasset" 10410
"/Engine/EngineMaterials/Substrate/Glints2/dict_0006_0122" 10411
"../../../Engine/Content/EngineMaterials/Substrate/Glints2/dict_0006_0149.uasset" 10412
"../../../Engine/Content/EngineMaterials/Substrate/Glints2/dict_0006_0151.uasset" 10413
"../../../Engine/Content/EngineMaterials/Substrate/Glints2/dict_0006_0152.uasset" 10414
"../../../Engine/Content/EngineMaterials/Substrate/Glints2/dict_0006_0153.uasset" 10415
"../../../Engine/Content/EngineMaterials/Substrate/Glints2/dict_0006_0161.uasset" 10416
"../../../Engine/Content/EngineMaterials/Substrate/Glints2/dict_0006_0158.uasset" 10417
"/Engine/EngineMaterials/Substrate/Glints2/dict_0006_0147" 10418
"../../../Engine/Content/EngineMaterials/Substrate/Glints2/dict_0006_0163.uasset" 10419
"../../../Engine/Content/EngineMaterials/Substrate/Glints2/dict_0006_0162.uasset" 10420
"../../../Engine/Content/EngineMaterials/Substrate/Glints2/dict_0006_0138.uasset" 10421
"../../../Engine/Content/EngineMaterials/Substrate/Glints2/dict_0006_0148.uasset" 10422
"/Engine/EngineMaterials/Substrate/Glints2/dict_0006_0146" 10423
"/Engine/EngineMaterials/Substrate/Glints2/dict_0006_0145" 10424
"/Engine/EngineMaterials/Substrate/Glints2/dict_0006_0144" 10425
"../../../Engine/Content/EngineMaterials/Substrate/Glints2/dict_0006_0143.uasset" 10426
"/Engine/EngineMaterials/Substrate/Glints2/dict_0006_0142" 10427
"../../../Engine/Content/EngineMaterials/Substrate/Glints2/dict_0006_0159.uasset" 10428
"/Engine/EngineMaterials/Substrate/Glints2/dict_0006_0141" 10429
"../../../Engine/Content/EngineMaterials/Substrate/Glints2/dict_0006_0137.uasset" 10430
"../../../Engine/Content/EngineMaterials/Substrate/Glints2/dict_0006_0157.uasset" 10431
"/Engine/EngineMaterials/Substrate/Glints2/dict_0006_0140" 10432
"../../../Engine/Content/EngineMaterials/Substrate/Glints2/dict_0006_0160.uasset" 10433
"/Engine/EngineMaterials/Substrate/Glints2/dict_0006_0139" 10434
"/Engine/EngineMaterials/Substrate/Glints2/dict_0006_0130" 10435
"/Engine/EngineMaterials/Substrate/Glints2/dict_0006_0136" 10436
"/Engine/EngineMaterials/Substrate/Glints2/dict_0006_0125" 10437
"/Engine/EngineMaterials/Substrate/Glints2/dict_0006_0135" 10438
"/Engine/EngineMaterials/Substrate/Glints2/dict_0006_0134" 10439
"../../../Engine/Content/EngineMaterials/Substrate/Glints2/dict_0006_0165.uasset" 10440
"../../../Engine/Content/EngineMaterials/Substrate/Glints2/dict_0006_0169.uasset" 10441
"../../../Engine/Content/EngineMaterials/Substrate/Glints2/dict_0006_0170.uasset" 10442
"../../../Engine/Content/EngineMaterials/Substrate/Glints2/dict_0006_0171.uasset" 10443
"/Engine/EngineMaterials/Substrate/Glints2/dict_0006_0163" 10444
"../../../Engine/Content/EngineMaterials/Substrate/Glints2/dict_0006_0176.uasset" 10445
"/Engine/EngineMaterials/Substrate/Glints2/dict_0006_0148" 10446
"/Engine/EngineMaterials/Substrate/Glints2/dict_0006_0162" 10447
"../../../Engine/Content/EngineMaterials/Substrate/Glints2/dict_0006_0167.uasset" 10448
"../../../Engine/Content/EngineMaterials/Substrate/Glints2/dict_0006_0164.uasset" 10449
"/Engine/EngineMaterials/Substrate/Glints2/dict_0006_0161" 10450
"../../../Engine/Content/EngineMaterials/Substrate/Glints2/dict_0006_0155.uasset" 10451
"../../../Engine/Content/EngineMaterials/Substrate/Glints2/dict_0006_0156.uasset" 10452
"/Engine/EngineMaterials/Substrate/Glints2/dict_0006_0160" 10453
"../../../Engine/Content/EngineMaterials/Substrate/Glints2/dict_0006_0154.uasset" 10454
"/Engine/EngineMaterials/Substrate/Glints2/dict_0006_0143" 10455
"/Engine/EngineMaterials/Substrate/Glints2/dict_0006_0159" 10456
"/Engine/EngineMaterials/Substrate/Glints2/dict_0006_0158" 10457
"../../../Engine/Content/EngineMaterials/Substrate/Glints2/dict_0006_0150.uasset" 10458
"/Engine/EngineMaterials/Substrate/Glints2/dict_0006_0157" 10459
"/Engine/EngineMaterials/Substrate/Glints2/dict_0006_0138" 10460
"/Engine/EngineMaterials/Substrate/Glints2/dict_0006_0153" 10461
"/Engine/EngineMaterials/Substrate/Glints2/dict_0006_0137" 10462
"/Engine/EngineMaterials/Substrate/Glints2/dict_0006_0152" 10463
"/Engine/EngineMaterials/Substrate/Glints2/dict_0006_0151" 10464
"/Engine/EngineMaterials/Substrate/Glints2/dict_0006_0149" 10465
"../../../Engine/Content/EngineMaterials/Substrate/Glints2/dict_0006_0175.uasset" 10466
"../../../Engine/Content/EngineMaterials/Substrate/Glints2/dict_0006_0181.uasset" 10467
"../../../Engine/Content/EngineMaterials/Substrate/Glints2/dict_0006_0177.uasset" 10468
"../../../Engine/Content/EngineMaterials/Substrate/Glints2/dict_0006_0186.uasset" 10469
"../../../Engine/Content/EngineMaterials/Substrate/Glints2/dict_0006_0179.uasset" 10470
"../../../Engine/Content/EngineMaterials/Substrate/Glints2/dict_0006_0184.uasset" 10471
"../../../Engine/Content/EngineMaterials/Substrate/Glints2/dict_0006_0185.uasset" 10472
"../../../Engine/Content/EngineMaterials/Substrate/Glints2/dict_0006_0189.uasset" 10473
"../../../Engine/Content/EngineMaterials/Substrate/Glints2/dict_0006_0187.uasset" 10474
"../../../Engine/Content/EngineMaterials/Substrate/Glints2/dict_0006_0190.uasset" 10475
"../../../Engine/Content/EngineMaterials/Substrate/Glints2/dict_0006_0191.uasset" 10476
"/Engine/EngineMaterials/Substrate/Glints2/dict_0006_0176" 10477
"../../../Engine/Content/EngineMaterials/Substrate/Glints2/dict_0006_0173.uasset" 10478
"../../../Engine/Content/EngineMaterials/Substrate/Glints2/dict_0006_0166.uasset" 10479
"/Engine/EngineMaterials/Substrate/Glints2/dict_0006_0175" 10480
"../../../Engine/Content/EngineMaterials/Substrate/Glints2/dict_0006_0172.uasset" 10481
"../../../Engine/Content/EngineMaterials/Substrate/Glints2/dict_0006_0174.uasset" 10482
"/Engine/EngineMaterials/Substrate/Glints2/dict_0006_0171" 10483
"../../../Engine/Content/EngineMaterials/Substrate/Glints2/dict_0006_0180.uasset" 10484
"../../../Engine/Content/EngineMaterials/Substrate/Glints2/dict_0006_0182.uasset" 10485
"../../../Engine/Content/EngineMaterials/Substrate/Glints2/dict_0006_0183.uasset" 10486
"/Engine/EngineMaterials/Substrate/Glints2/dict_0006_0170" 10487
"../../../Engine/Content/EngineMaterials/Substrate/Glints2/dict_0006_0168.uasset" 10488
"/Engine/EngineMaterials/Substrate/Glints2/dict_0006_0169" 10489
"/Engine/EngineMaterials/Substrate/Glints2/dict_0006_0156" 10490
"/Engine/EngineMaterials/Substrate/Glints2/dict_0006_0155" 10491
"/Engine/EngineMaterials/Substrate/Glints2/dict_0006_0154" 10492
"/Engine/EngineMaterials/Substrate/Glints2/dict_0006_0167" 10493
"/Engine/EngineMaterials/Substrate/Glints2/dict_0006_0165" 10494
"/Engine/EngineMaterials/Substrate/Glints2/dict_0006_0150" 10495
"/Engine/EngineMaterials/Substrate/Glints2/dict_0006_0164" 10496
"../../../Engine/Content/EngineMaterials/Substrate/Glints2/dict_0006_0193.uasset" 10497
"../../../Engine/Content/EngineMaterials/Substrate/Glints2/dict_0006_0197.uasset" 10498
"../../../Engine/Content/EngineMaterials/Substrate/Glints2/dict_0006_0200.uasset" 10499
"../../../Engine/Content/EngineMaterials/Substrate/Glints2/dict_0006_0202.uasset" 10500
"/Engine/EngineMaterials/Substrate/Glints2/dict_0006_0191" 10501
"/Engine/EngineMaterials/Substrate/Glints2/dict_0006_0190" 10502
"/Engine/EngineMaterials/Substrate/Glints2/dict_0006_0189" 10503
"../../../Engine/Content/EngineMaterials/Substrate/Glints2/dict_0006_0203.uasset" 10504
"../../../Engine/Content/EngineMaterials/Substrate/Glints2/dict_0006_0188.uasset" 10505
"../../../Engine/Content/EngineMaterials/Substrate/Glints2/dict_0006_0195.uasset" 10506
"/Engine/EngineMaterials/Substrate/Glints2/dict_0006_0187" 10507
"../../../Engine/Content/EngineMaterials/Substrate/Glints2/dict_0006_0178.uasset" 10508
"/Engine/EngineMaterials/Substrate/Glints2/dict_0006_0174" 10509
"/Engine/EngineMaterials/Substrate/Glints2/dict_0006_0173" 10510
"/Engine/EngineMaterials/Substrate/Glints2/dict_0006_0186" 10511
"/Engine/EngineMaterials/Substrate/Glints2/dict_0006_0172" 10512
"/Engine/EngineMaterials/Substrate/Glints2/dict_0006_0185" 10513
"/Engine/EngineMaterials/Substrate/Glints2/dict_0006_0184" 10514
"/Engine/EngineMaterials/Substrate/Glints2/dict_0006_0183" 10515
"/Engine/EngineMaterials/Substrate/Glints2/dict_0006_0182" 10516
"/Engine/EngineMaterials/Substrate/Glints2/dict_0006_0168" 10517
"../../../Engine/Content/EngineMaterials/Substrate/Glints2/dict_0006_0199.uasset" 10518
"../../../Engine/Content/EngineMaterials/Substrate/Glints2/dict_0006_0194.uasset" 10519
"/Engine/EngineMaterials/Substrate/Glints2/dict_0006_0181" 10520
"/Engine/EngineMaterials/Substrate/Glints2/dict_0006_0180" 10521
"/Engine/EngineMaterials/Substrate/Glints2/dict_0006_0179" 10522
"/Engine/EngineMaterials/Substrate/Glints2/dict_0006_0166" 10523
"/Engine/EngineMaterials/Substrate/Glints2/dict_0006_0177" 10524
"../../../Engine/Content/EngineMaterials/Substrate/Glints2/dict_0006_0201.uasset" 10525
"../../../Engine/Content/EngineMaterials/Substrate/Glints2/dict_0006_0196.uasset" 10526
"../../../Engine/Content/EngineMaterials/Substrate/Glints2/dict_0006_0205.uasset" 10527
"../../../Engine/Content/EngineMaterials/Substrate/Glints2/dict_0006_0209.uasset" 10528
"../../../Engine/Content/EngineMaterials/Substrate/Glints2/dict_0006_0211.uasset" 10529
"../../../Engine/Content/EngineMaterials/Substrate/Glints2/dict_0006_0212.uasset" 10530
"../../../Engine/Content/EngineMaterials/Substrate/Glints2/dict_0006_0219.uasset" 10531
"../../../Engine/Content/EngineMaterials/Substrate/Glints2/dict_0006_0215.uasset" 10532
"../../../Engine/Content/EngineMaterials/Substrate/Glints2/dict_0006_0220.uasset" 10533
"/Engine/EngineMaterials/Substrate/Glints2/dict_0006_0188" 10534
"../../../Engine/Content/EngineMaterials/Substrate/Glints2/dict_0006_0221.uasset" 10535
"../../../Engine/Content/EngineMaterials/Substrate/Glints2/dict_0006_0198.uasset" 10536
"/Engine/EngineMaterials/Substrate/Glints2/dict_0006_0203" 10537
"../../../Engine/Content/EngineMaterials/Substrate/Glints2/dict_0006_0192.uasset" 10538
"/Engine/EngineMaterials/Substrate/Glints2/dict_0006_0202" 10539
"../../../Engine/Content/EngineMaterials/Substrate/Glints2/dict_0006_0213.uasset" 10540
"/Engine/EngineMaterials/Substrate/Glints2/dict_0006_0201" 10541
"../../../Engine/Content/EngineMaterials/Substrate/Glints2/dict_0006_0218.uasset" 10542
"../../../Engine/Content/EngineMaterials/Substrate/Glints2/dict_0006_0207.uasset" 10543
"/Engine/EngineMaterials/Substrate/Glints2/dict_0006_0200" 10544
"/Engine/EngineMaterials/Substrate/Glints2/dict_0006_0199" 10545
"/Engine/EngineMaterials/Substrate/Glints2/dict_0006_0197" 10546
"/Engine/EngineMaterials/Substrate/Glints2/dict_0006_0196" 10547
"/Engine/EngineMaterials/Substrate/Glints2/dict_0006_0195" 10548
"/Engine/EngineMaterials/Substrate/Glints2/dict_0006_0194" 10549
"/Engine/EngineMaterials/Substrate/Glints2/dict_0006_0178" 10550
"/Engine/EngineMaterials/Substrate/Glints2/dict_0006_0193" 10551
"../../../Engine/Content/EngineMaterials/Substrate/Glints2/dict_0006_0222.uasset" 10552
"../../../Engine/Content/EngineMaterials/Substrate/Glints2/dict_0006_0230.uasset" 10553
"../../../Engine/Content/EngineMaterials/Substrate/Glints2/dict_0006_0225.uasset" 10554
"../../../Engine/Content/EngineMaterials/Substrate/Glints2/dict_0006_0228.uasset" 10555
"/Engine/EngineMaterials/Substrate/Glints2/dict_0006_0221" 10556
"/Engine/EngineMaterials/Substrate/Glints2/dict_0006_0220" 10557
"/Engine/EngineMaterials/Substrate/Glints2/dict_0006_0219" 10558
"../../../Engine/Content/EngineMaterials/Substrate/Glints2/dict_0006_0210.uasset" 10559
"../../../Engine/Content/EngineMaterials/Substrate/Glints2/dict_0006_0204.uasset" 10560
"../../../Engine/Content/EngineMaterials/Substrate/Glints2/dict_0006_0217.uasset" 10561
"../../../Engine/Content/EngineMaterials/Substrate/Glints2/dict_0006_0206.uasset" 10562
"../../../Engine/Content/EngineMaterials/Substrate/Glints2/dict_0006_0214.uasset" 10563
"/Engine/EngineMaterials/Substrate/Glints2/dict_0006_0218" 10564
"../../../Engine/Content/EngineMaterials/Substrate/Glints2/dict_0006_0233.uasset" 10565
"../../../Engine/Content/EngineMaterials/Substrate/Glints2/dict_0006_0216.uasset" 10566
"/Engine/EngineMaterials/Substrate/Glints2/dict_0006_0215" 10567
"../../../Engine/Content/EngineMaterials/Substrate/Glints2/dict_0006_0231.uasset" 10568
"/Engine/EngineMaterials/Substrate/Glints2/dict_0006_0213" 10569
"/Engine/EngineMaterials/Substrate/Glints2/dict_0006_0212" 10570
"../../../Engine/Content/EngineMaterials/Substrate/Glints2/dict_0006_0208.uasset" 10571
"/Engine/EngineMaterials/Substrate/Glints2/dict_0006_0211" 10572
"/Engine/EngineMaterials/Substrate/Glints2/dict_0006_0198" 10573
"/Engine/EngineMaterials/Substrate/Glints2/dict_0006_0209" 10574
"/Engine/EngineMaterials/Substrate/Glints2/dict_0006_0207" 10575
"/Engine/EngineMaterials/Substrate/Glints2/dict_0006_0205" 10576
"/Engine/EngineMaterials/Substrate/Glints2/dict_0006_0192" 10577
"../../../Engine/Content/EngineMaterials/Substrate/Glints2/dict_0006_0227.uasset" 10578
"../../../Engine/Content/EngineMaterials/Substrate/Glints2/dict_0006_0234.uasset" 10579
"../../../Engine/Content/EngineMaterials/Substrate/Glints2/dict_0006_0236.uasset" 10580
"../../../Engine/Content/EngineMaterials/Substrate/Glints2/dict_0006_0239.uasset" 10581
"../../../Engine/Content/EngineMaterials/Substrate/Glints2/dict_0006_0242.uasset" 10582
"../../../Engine/Content/EngineMaterials/Substrate/Glints2/dict_0006_0243.uasset" 10583
"../../../Engine/Content/EngineMaterials/Substrate/Glints2/dict_0006_0237.uasset" 10584
"../../../Engine/Content/EngineMaterials/Substrate/Glints2/dict_0006_0235.uasset" 10585
"/Engine/EngineMaterials/Substrate/Glints2/dict_0006_0233" 10586
"../../../Engine/Content/EngineMaterials/Substrate/Glints2/dict_0006_0246.uasset" 10587
"../../../Engine/Content/EngineMaterials/Substrate/Glints2/dict_0006_0224.uasset" 10588
"../../../Engine/Content/EngineMaterials/Substrate/Glints2/dict_0006_0232.uasset" 10589
"../../../Engine/Content/EngineMaterials/Substrate/Glints2/dict_0006_0229.uasset" 10590
"/Engine/EngineMaterials/Substrate/Glints2/dict_0006_0231" 10591
"/Engine/EngineMaterials/Substrate/Glints2/dict_0006_0217" 10592
"../../../Engine/Content/EngineMaterials/Substrate/Glints2/dict_0006_0245.uasset" 10593
"/Engine/EngineMaterials/Substrate/Glints2/dict_0006_0216" 10594
"../../../Engine/Content/EngineMaterials/Substrate/Glints2/dict_0006_0226.uasset" 10595
"../../../Engine/Content/EngineMaterials/Substrate/Glints2/dict_0006_0223.uasset" 10596
"/Engine/EngineMaterials/Substrate/Glints2/dict_0006_0214" 10597
"/Engine/EngineMaterials/Substrate/Glints2/dict_0006_0230" 10598
"/Engine/EngineMaterials/Substrate/Glints2/dict_0006_0228" 10599
"/Engine/EngineMaterials/Substrate/Glints2/dict_0006_0210" 10600
"/Engine/EngineMaterials/Substrate/Glints2/dict_0006_0227" 10601
"/Engine/EngineMaterials/Substrate/Glints2/dict_0006_0208" 10602
"/Engine/EngineMaterials/Substrate/Glints2/dict_0006_0225" 10603
"/Engine/EngineMaterials/Substrate/Glints2/dict_0006_0206" 10604
"/Engine/EngineMaterials/Substrate/Glints2/dict_0006_0222" 10605
"/Engine/EngineMaterials/Substrate/Glints2/dict_0006_0204" 10606
"../../../Engine/Content/EngineMaterials/Substrate/Glints2/dict_0006_0240.uasset" 10607
"../../../Engine/Content/EngineMaterials/Substrate/Glints2/dict_0006_0244.uasset" 10608
"../../../Engine/Content/EngineMaterials/Substrate/Glints2/dict_0006_0238.uasset" 10609
"../../../Engine/Content/EngineMaterials/Substrate/Glints2/dict_0006_0241.uasset" 10610
"../../../Engine/Content/EngineMaterials/Substrate/Glints2/dict_0006_0253.uasset" 10611
"../../../Engine/Content/EngineMaterials/Substrate/Glints2/dict_0006_0250.uasset" 10612
"../../../Engine/Content/EngineMaterials/Substrate/Glints2/dict_0006_0251.uasset" 10613
"../../../Engine/Content/EngineMaterials/Substrate/Glints2/dict_0007_0000.uasset" 10614
"/Engine/EngineMaterials/Substrate/Glints2/dict_0006_0246" 10615
"../../../Engine/Content/EngineMaterials/Substrate/Glints2/dict_0007_0004.uasset" 10616
"../../../Engine/Content/EngineMaterials/Substrate/Glints2/dict_0007_0002.uasset" 10617
"/Engine/EngineMaterials/Substrate/Glints2/dict_0006_0245" 10618
"/Engine/EngineMaterials/Substrate/Glints2/dict_0006_0244" 10619
"../../../Engine/Content/EngineMaterials/Substrate/Glints2/dict_0006_0248.uasset" 10620
"/Engine/EngineMaterials/Substrate/Glints2/dict_0006_0232" 10621
"../../../Engine/Content/EngineMaterials/Substrate/Glints2/dict_0006_0252.uasset" 10622
"../../../Engine/Content/EngineMaterials/Substrate/Glints2/dict_0006_0249.uasset" 10623
"../../../Engine/Content/EngineMaterials/Substrate/Glints2/dict_0007_0001.uasset" 10624
"/Engine/EngineMaterials/Substrate/Glints2/dict_0006_0243" 10625
"/Engine/EngineMaterials/Substrate/Glints2/dict_0006_0242" 10626
"/Engine/EngineMaterials/Substrate/Glints2/dict_0006_0229" 10627
"/Engine/EngineMaterials/Substrate/Glints2/dict_0006_0241" 10628
"/Engine/EngineMaterials/Substrate/Glints2/dict_0006_0240" 10629
"/Engine/EngineMaterials/Substrate/Glints2/dict_0006_0239" 10630
"/Engine/EngineMaterials/Substrate/Glints2/dict_0006_0238" 10631
"/Engine/EngineMaterials/Substrate/Glints2/dict_0006_0237" 10632
"/Engine/EngineMaterials/Substrate/Glints2/dict_0006_0226" 10633
"/Engine/EngineMaterials/Substrate/Glints2/dict_0006_0236" 10634
"/Engine/EngineMaterials/Substrate/Glints2/dict_0006_0235" 10635
"/Engine/EngineMaterials/Substrate/Glints2/dict_0006_0224" 10636
"/Engine/EngineMaterials/Substrate/Glints2/dict_0006_0223" 10637
"../../../Engine/Content/EngineMaterials/Substrate/Glints2/dict_0006_0254.uasset" 10638
"/Engine/EngineMaterials/Substrate/Glints2/dict_0006_0234" 10639
"../../../Engine/Content/EngineMaterials/Substrate/Glints2/dict_0006_0247.uasset" 10640
"../../../Engine/Content/EngineMaterials/Substrate/Glints2/dict_0007_0003.uasset" 10641
"../../../Engine/Content/EngineMaterials/Substrate/Glints2/dict_0007_0005.uasset" 10642
"../../../Engine/Content/EngineMaterials/Substrate/Glints2/dict_0007_0010.uasset" 10643
"../../../Engine/Content/EngineMaterials/Substrate/Glints2/dict_0007_0012.uasset" 10644
"../../../Engine/Content/EngineMaterials/Substrate/Glints2/dict_0007_0015.uasset" 10645
"../../../Engine/Content/EngineMaterials/Substrate/Glints2/dict_0006_0255.uasset" 10646
"../../../Engine/Content/EngineMaterials/Substrate/Glints2/dict_0007_0014.uasset" 10647
"../../../Engine/Content/EngineMaterials/Substrate/Glints2/dict_0007_0021.uasset" 10648
"/Engine/EngineMaterials/Substrate/Glints2/dict_0007_0004" 10649
"../../../Engine/Content/EngineMaterials/Substrate/Glints2/dict_0007_0020.uasset" 10650
"/Engine/EngineMaterials/Substrate/Glints2/dict_0007_0003" 10651
"/Engine/EngineMaterials/Substrate/Glints2/dict_0007_0002" 10652
"../../../Engine/Content/EngineMaterials/Substrate/Glints2/dict_0007_0018.uasset" 10653
"../../../Engine/Content/EngineMaterials/Substrate/Glints2/dict_0007_0008.uasset" 10654
"/Engine/EngineMaterials/Substrate/Glints2/dict_0007_0001" 10655
"../../../Engine/Content/EngineMaterials/Substrate/Glints2/dict_0007_0016.uasset" 10656
"../../../Engine/Content/EngineMaterials/Substrate/Glints2/dict_0007_0009.uasset" 10657
"/Engine/EngineMaterials/Substrate/Glints2/dict_0007_0000" 10658
"/Engine/EngineMaterials/Substrate/Glints2/dict_0006_0254" 10659
"/Engine/EngineMaterials/Substrate/Glints2/dict_0006_0253" 10660
"/Engine/EngineMaterials/Substrate/Glints2/dict_0006_0252" 10661
"/Engine/EngineMaterials/Substrate/Glints2/dict_0006_0251" 10662
"/Engine/EngineMaterials/Substrate/Glints2/dict_0006_0250" 10663
"/Engine/EngineMaterials/Substrate/Glints2/dict_0006_0249" 10664
"/Engine/EngineMaterials/Substrate/Glints2/dict_0006_0248" 10665
"/Engine/EngineMaterials/Substrate/Glints2/dict_0006_0247" 10666
"../../../Engine/Content/EngineMaterials/Substrate/Glints2/dict_0007_0023.uasset" 10667
"../../../Engine/Content/EngineMaterials/Substrate/Glints2/dict_0007_0024.uasset" 10668
"../../../Engine/Content/EngineMaterials/Substrate/Glints2/dict_0007_0027.uasset" 10669
"../../../Engine/Content/EngineMaterials/Substrate/Glints2/dict_0007_0031.uasset" 10670
"../../../Engine/Content/EngineMaterials/Substrate/Glints2/dict_0007_0029.uasset" 10671
"/Engine/EngineMaterials/Substrate/Glints2/dict_0007_0021" 10672
"../../../Engine/Content/EngineMaterials/Substrate/Glints2/dict_0007_0026.uasset" 10673
"../../../Engine/Content/EngineMaterials/Substrate/Glints2/dict_0007_0034.uasset" 10674
"/Engine/EngineMaterials/Substrate/Glints2/dict_0007_0020" 10675
"../../../Engine/Content/EngineMaterials/Substrate/Glints2/dict_0007_0007.uasset" 10676
"../../../Engine/Content/EngineMaterials/Substrate/Glints2/dict_0007_0013.uasset" 10677
"../../../Engine/Content/EngineMaterials/Substrate/Glints2/dict_0007_0017.uasset" 10678
"/Engine/EngineMaterials/Substrate/Glints2/dict_0007_0018" 10679
"../../../Engine/Content/EngineMaterials/Substrate/Glints2/dict_0007_0019.uasset" 10680
"/Engine/EngineMaterials/Substrate/Glints2/dict_0006_0255" 10681
"../../../Engine/Content/EngineMaterials/Substrate/Glints2/dict_0007_0022.uasset" 10682
"../../../Engine/Content/EngineMaterials/Substrate/Glints2/dict_0007_0011.uasset" 10683
"../../../Engine/Content/EngineMaterials/Substrate/Glints2/dict_0007_0028.uasset" 10684
"../../../Engine/Content/EngineMaterials/Substrate/Glints2/dict_0007_0030.uasset" 10685
"/Engine/EngineMaterials/Substrate/Glints2/dict_0007_0016" 10686
"/Engine/EngineMaterials/Substrate/Glints2/dict_0007_0015" 10687
"/Engine/EngineMaterials/Substrate/Glints2/dict_0007_0014" 10688
"../../../Engine/Content/EngineMaterials/Substrate/Glints2/dict_0007_0006.uasset" 10689
"/Engine/EngineMaterials/Substrate/Glints2/dict_0007_0012" 10690
"/Engine/EngineMaterials/Substrate/Glints2/dict_0007_0010" 10691
"/Engine/EngineMaterials/Substrate/Glints2/dict_0007_0009" 10692
"/Engine/EngineMaterials/Substrate/Glints2/dict_0007_0008" 10693
"/Engine/EngineMaterials/Substrate/Glints2/dict_0007_0005" 10694
"../../../Engine/Content/EngineMaterials/Substrate/Glints2/dict_0007_0036.uasset" 10695
"../../../Engine/Content/EngineMaterials/Substrate/Glints2/dict_0007_0041.uasset" 10696
"../../../Engine/Content/EngineMaterials/Substrate/Glints2/dict_0007_0040.uasset" 10697
"../../../Engine/Content/EngineMaterials/Substrate/Glints2/dict_0007_0045.uasset" 10698
"/Engine/EngineMaterials/Substrate/Glints2/dict_0007_0022" 10699
"../../../Engine/Content/EngineMaterials/Substrate/Glints2/dict_0007_0047.uasset" 10700
"/Engine/EngineMaterials/Substrate/Glints2/dict_0007_0019" 10701
"/Engine/EngineMaterials/Substrate/Glints2/dict_0007_0034" 10702
"/Engine/EngineMaterials/Substrate/Glints2/dict_0007_0017" 10703
"../../../Engine/Content/EngineMaterials/Substrate/Glints2/dict_0007_0037.uasset" 10704
"../../../Engine/Content/EngineMaterials/Substrate/Glints2/dict_0007_0033.uasset" 10705
"/Engine/EngineMaterials/Substrate/Glints2/dict_0007_0031" 10706
"/Engine/EngineMaterials/Substrate/Glints2/dict_0007_0030" 10707
"../../../Engine/Content/EngineMaterials/Substrate/Glints2/dict_0007_0035.uasset" 10708
"/Engine/EngineMaterials/Substrate/Glints2/dict_0007_0013" 10709
"../../../Engine/Content/EngineMaterials/Substrate/Glints2/dict_0007_0032.uasset" 10710
"/Engine/EngineMaterials/Substrate/Glints2/dict_0007_0029" 10711
"/Engine/EngineMaterials/Substrate/Glints2/dict_0007_0011" 10712
"../../../Engine/Content/EngineMaterials/Substrate/Glints2/dict_0007_0025.uasset" 10713
"/Engine/EngineMaterials/Substrate/Glints2/dict_0007_0028" 10714
"/Engine/EngineMaterials/Substrate/Glints2/dict_0007_0027" 10715
"/Engine/EngineMaterials/Substrate/Glints2/dict_0007_0026" 10716
"/Engine/EngineMaterials/Substrate/Glints2/dict_0007_0007" 10717
"/Engine/EngineMaterials/Substrate/Glints2/dict_0007_0006" 10718
"/Engine/EngineMaterials/Substrate/Glints2/dict_0007_0024" 10719
"/Engine/EngineMaterials/Substrate/Glints2/dict_0007_0023" 10720
"../../../Engine/Content/EngineMaterials/Substrate/Glints2/dict_0007_0048.uasset" 10721
"../../../Engine/Content/EngineMaterials/Substrate/Glints2/dict_0007_0054.uasset" 10722
"../../../Engine/Content/EngineMaterials/Substrate/Glints2/dict_0007_0055.uasset" 10723
"../../../Engine/Content/EngineMaterials/Substrate/Glints2/dict_0007_0061.uasset" 10724
"/Engine/EngineMaterials/Substrate/Glints2/dict_0007_0047" 10725
"../../../Engine/Content/EngineMaterials/Substrate/Glints2/dict_0007_0053.uasset" 10726
"../../../Engine/Content/EngineMaterials/Substrate/Glints2/dict_0007_0042.uasset" 10727
"../../../Engine/Content/EngineMaterials/Substrate/Glints2/dict_0007_0044.uasset" 10728
"../../../Engine/Content/EngineMaterials/Substrate/Glints2/dict_0007_0063.uasset" 10729
"../../../Engine/Content/EngineMaterials/Substrate/Glints2/dict_0007_0052.uasset" 10730
"../../../Engine/Content/EngineMaterials/Substrate/Glints2/dict_0007_0038.uasset" 10731
"../../../Engine/Content/EngineMaterials/Substrate/Glints2/dict_0007_0046.uasset" 10732
"/Engine/EngineMaterials/Substrate/Glints2/dict_0007_0035" 10733
"/Engine/EngineMaterials/Substrate/Glints2/dict_0007_0045" 10734
"../../../Engine/Content/EngineMaterials/Substrate/Glints2/dict_0007_0043.uasset" 10735
"../../../Engine/Content/EngineMaterials/Substrate/Glints2/dict_0007_0039.uasset" 10736
"/Engine/EngineMaterials/Substrate/Glints2/dict_0007_0033" 10737
"/Engine/EngineMaterials/Substrate/Glints2/dict_0007_0032" 10738
"../../../Engine/Content/EngineMaterials/Substrate/Glints2/dict_0007_0056.uasset" 10739
"../../../Engine/Content/EngineMaterials/Substrate/Glints2/dict_0007_0050.uasset" 10740
"/Engine/EngineMaterials/Substrate/Glints2/dict_0007_0041" 10741
"/Engine/EngineMaterials/Substrate/Glints2/dict_0007_0040" 10742
"/Engine/EngineMaterials/Substrate/Glints2/dict_0007_0025" 10743
"/Engine/EngineMaterials/Substrate/Glints2/dict_0007_0037" 10744
"/Engine/EngineMaterials/Substrate/Glints2/dict_0007_0036" 10745
"../../../Engine/Content/EngineMaterials/Substrate/Glints2/dict_0007_0067.uasset" 10746
"../../../Engine/Content/EngineMaterials/Substrate/Glints2/dict_0007_0069.uasset" 10747
"../../../Engine/Content/EngineMaterials/Substrate/Glints2/dict_0007_0073.uasset" 10748
"/Engine/EngineMaterials/Substrate/Glints2/dict_0007_0063" 10749
"../../../Engine/Content/EngineMaterials/Substrate/Glints2/dict_0007_0072.uasset" 10750
"/Engine/EngineMaterials/Substrate/Glints2/dict_0007_0046" 10751
"/Engine/EngineMaterials/Substrate/Glints2/dict_0007_0061" 10752
"../../../Engine/Content/EngineMaterials/Substrate/Glints2/dict_0007_0070.uasset" 10753
"../../../Engine/Content/EngineMaterials/Substrate/Glints2/dict_0007_0071.uasset" 10754
"/Engine/EngineMaterials/Substrate/Glints2/dict_0007_0044" 10755
"../../../Engine/Content/EngineMaterials/Substrate/Glints2/dict_0007_0066.uasset" 10756
"/Engine/EngineMaterials/Substrate/Glints2/dict_0007_0043" 10757
"/Engine/EngineMaterials/Substrate/Glints2/dict_0007_0042" 10758
"../../../Engine/Content/EngineMaterials/Substrate/Glints2/dict_0007_0058.uasset" 10759
"../../../Engine/Content/EngineMaterials/Substrate/Glints2/dict_0007_0060.uasset" 10760
"../../../Engine/Content/EngineMaterials/Substrate/Glints2/dict_0007_0059.uasset" 10761
"../../../Engine/Content/EngineMaterials/Substrate/Glints2/dict_0007_0062.uasset" 10762
"../../../Engine/Content/EngineMaterials/Substrate/Glints2/dict_0007_0057.uasset" 10763
"/Engine/EngineMaterials/Substrate/Glints2/dict_0007_0056" 10764
"/Engine/EngineMaterials/Substrate/Glints2/dict_0007_0055" 10765
"../../../Engine/Content/EngineMaterials/Substrate/Glints2/dict_0007_0049.uasset" 10766
"/Engine/EngineMaterials/Substrate/Glints2/dict_0007_0054" 10767
"../../../Engine/Content/EngineMaterials/Substrate/Glints2/dict_0007_0051.uasset" 10768
"/Engine/EngineMaterials/Substrate/Glints2/dict_0007_0039" 10769
"/Engine/EngineMaterials/Substrate/Glints2/dict_0007_0053" 10770
"/Engine/EngineMaterials/Substrate/Glints2/dict_0007_0038" 10771
"/Engine/EngineMaterials/Substrate/Glints2/dict_0007_0052" 10772
"/Engine/EngineMaterials/Substrate/Glints2/dict_0007_0050" 10773
"/Engine/EngineMaterials/Substrate/Glints2/dict_0007_0048" 10774
"../../../Engine/Content/EngineMaterials/Substrate/Glints2/dict_0007_0080.uasset" 10775
"../../../Engine/Content/EngineMaterials/Substrate/Glints2/dict_0007_0076.uasset" 10776
"../../../Engine/Content/EngineMaterials/Substrate/Glints2/dict_0007_0084.uasset" 10777
"../../../Engine/Content/EngineMaterials/Substrate/Glints2/dict_0007_0088.uasset" 10778
"../../../Engine/Content/EngineMaterials/Substrate/Glints2/dict_0007_0079.uasset" 10779
"/Engine/EngineMaterials/Substrate/Glints2/dict_0007_0073" 10780
"../../../Engine/Content/EngineMaterials/Substrate/Glints2/dict_0007_0068.uasset" 10781
"../../../Engine/Content/EngineMaterials/Substrate/Glints2/dict_0007_0065.uasset" 10782
"../../../Engine/Content/EngineMaterials/Substrate/Glints2/dict_0007_0064.uasset" 10783
"/Engine/EngineMaterials/Substrate/Glints2/dict_0007_0072" 10784
"/Engine/EngineMaterials/Substrate/Glints2/dict_0007_0062" 10785
"../../../Engine/Content/EngineMaterials/Substrate/Glints2/dict_0007_0078.uasset" 10786
"../../../Engine/Content/EngineMaterials/Substrate/Glints2/dict_0007_0081.uasset" 10787
"/Engine/EngineMaterials/Substrate/Glints2/dict_0007_0071" 10788
"../../../Engine/Content/EngineMaterials/Substrate/Glints2/dict_0007_0082.uasset" 10789
"/Engine/EngineMaterials/Substrate/Glints2/dict_0007_0070" 10790
"/Engine/EngineMaterials/Substrate/Glints2/dict_0007_0069" 10791
"/Engine/EngineMaterials/Substrate/Glints2/dict_0007_0060" 10792
"/Engine/EngineMaterials/Substrate/Glints2/dict_0007_0059" 10793
"/Engine/EngineMaterials/Substrate/Glints2/dict_0007_0058" 10794
"/Engine/EngineMaterials/Substrate/Glints2/dict_0007_0057" 10795
"/Engine/EngineMaterials/Substrate/Glints2/dict_0007_0067" 10796
"/Engine/EngineMaterials/Substrate/Glints2/dict_0007_0066" 10797
"/Engine/EngineMaterials/Substrate/Glints2/dict_0007_0051" 10798
"/Engine/EngineMaterials/Substrate/Glints2/dict_0007_0049" 10799
"../../../Engine/Content/EngineMaterials/Substrate/Glints2/dict_0007_0087.uasset" 10800
"../../../Engine/Content/EngineMaterials/Substrate/Glints2/dict_0007_0074.uasset" 10801
"../../../Engine/Content/EngineMaterials/Substrate/Glints2/dict_0007_0083.uasset" 10802
"../../../Engine/Content/EngineMaterials/Substrate/Glints2/dict_0007_0075.uasset" 10803
"../../../Engine/Content/EngineMaterials/Substrate/Glints2/dict_0007_0090.uasset" 10804
"../../../Engine/Content/EngineMaterials/Substrate/Glints2/dict_0007_0092.uasset" 10805
"../../../Engine/Content/EngineMaterials/Substrate/Glints2/dict_0007_0096.uasset" 10806
"../../../Engine/Content/EngineMaterials/Substrate/Glints2/dict_0007_0098.uasset" 10807
"../../../Engine/Content/EngineMaterials/Substrate/Glints2/dict_0007_0101.uasset" 10808
"../../../Engine/Content/EngineMaterials/Substrate/Glints2/dict_0007_0102.uasset" 10809
"../../../Engine/Content/EngineMaterials/Substrate/Glints2/dict_0007_0094.uasset" 10810
"/Engine/EngineMaterials/Substrate/Glints2/dict_0007_0088" 10811
"/Engine/EngineMaterials/Substrate/Glints2/dict_0007_0087" 10812
"../../../Engine/Content/EngineMaterials/Substrate/Glints2/dict_0007_0095.uasset" 10813
"/Engine/EngineMaterials/Substrate/Glints2/dict_0007_0084" 10814
"../../../Engine/Content/EngineMaterials/Substrate/Glints2/dict_0007_0097.uasset" 10815
"../../../Engine/Content/EngineMaterials/Substrate/Glints2/dict_0007_0091.uasset" 10816
"../../../Engine/Content/EngineMaterials/Substrate/Glints2/dict_0007_0099.uasset" 10817
"../../../Engine/Content/EngineMaterials/Substrate/Glints2/dict_0007_0085.uasset" 10818
"../../../Engine/Content/EngineMaterials/Substrate/Glints2/dict_0007_0086.uasset" 10819
"/Engine/EngineMaterials/Substrate/Glints2/dict_0007_0083" 10820
"/Engine/EngineMaterials/Substrate/Glints2/dict_0007_0068" 10821
"/Engine/EngineMaterials/Substrate/Glints2/dict_0007_0082" 10822
"../../../Engine/Content/EngineMaterials/Substrate/Glints2/dict_0007_0077.uasset" 10823
"/Engine/EngineMaterials/Substrate/Glints2/dict_0007_0081" 10824
"/Engine/EngineMaterials/Substrate/Glints2/dict_0007_0080" 10825
"/Engine/EngineMaterials/Substrate/Glints2/dict_0007_0079" 10826
"/Engine/EngineMaterials/Substrate/Glints2/dict_0007_0078" 10827
"/Engine/EngineMaterials/Substrate/Glints2/dict_0007_0076" 10828
"/Engine/EngineMaterials/Substrate/Glints2/dict_0007_0065" 10829
"/Engine/EngineMaterials/Substrate/Glints2/dict_0007_0075" 10830
"../../../Engine/Content/EngineMaterials/Substrate/Glints2/dict_0007_0089.uasset" 10831
"/Engine/EngineMaterials/Substrate/Glints2/dict_0007_0074" 10832
"../../../Engine/Content/EngineMaterials/Substrate/Glints2/dict_0007_0100.uasset" 10833
"/Engine/EngineMaterials/Substrate/Glints2/dict_0007_0064" 10834
"../../../Engine/Content/EngineMaterials/Substrate/Glints2/dict_0007_0093.uasset" 10835
"../../../Engine/Content/EngineMaterials/Substrate/Glints2/dict_0007_0103.uasset" 10836
"../../../Engine/Content/EngineMaterials/Substrate/Glints2/dict_0007_0106.uasset" 10837
"../../../Engine/Content/EngineMaterials/Substrate/Glints2/dict_0007_0105.uasset" 10838
"../../../Engine/Content/EngineMaterials/Substrate/Glints2/dict_0007_0113.uasset" 10839
"../../../Engine/Content/EngineMaterials/Substrate/Glints2/dict_0007_0110.uasset" 10840
"../../../Engine/Content/EngineMaterials/Substrate/Glints2/dict_0007_0115.uasset" 10841
"/Engine/EngineMaterials/Substrate/Glints2/dict_0007_0102" 10842
"/Engine/EngineMaterials/Substrate/Glints2/dict_0007_0101" 10843
"/Engine/EngineMaterials/Substrate/Glints2/dict_0007_0100" 10844
"/Engine/EngineMaterials/Substrate/Glints2/dict_0007_0099" 10845
"../../../Engine/Content/EngineMaterials/Substrate/Glints2/dict_0007_0111.uasset" 10846
"../../../Engine/Content/EngineMaterials/Substrate/Glints2/dict_0007_0104.uasset" 10847
"/Engine/EngineMaterials/Substrate/Glints2/dict_0007_0086" 10848
"/Engine/EngineMaterials/Substrate/Glints2/dict_0007_0098" 10849
"/Engine/EngineMaterials/Substrate/Glints2/dict_0007_0097" 10850
"/Engine/EngineMaterials/Substrate/Glints2/dict_0007_0096" 10851
"/Engine/EngineMaterials/Substrate/Glints2/dict_0007_0095" 10852
"/Engine/EngineMaterials/Substrate/Glints2/dict_0007_0085" 10853
"/Engine/EngineMaterials/Substrate/Glints2/dict_0007_0094" 10854
"/Engine/EngineMaterials/Substrate/Glints2/dict_0007_0093" 10855
"/Engine/EngineMaterials/Substrate/Glints2/dict_0007_0092" 10856
"/Engine/EngineMaterials/Substrate/Glints2/dict_0007_0077" 10857
"/Engine/EngineMaterials/Substrate/Glints2/dict_0007_0091" 10858
"/Engine/EngineMaterials/Substrate/Glints2/dict_0007_0090" 10859
"../../../Engine/Content/EngineMaterials/Substrate/Glints2/dict_0007_0109.uasset" 10860
"../../../Engine/Content/EngineMaterials/Substrate/Glints2/dict_0007_0108.uasset" 10861
"../../../Engine/Content/EngineMaterials/Substrate/Glints2/dict_0007_0116.uasset" 10862
"../../../Engine/Content/EngineMaterials/Substrate/Glints2/dict_0007_0117.uasset" 10863
"../../../Engine/Content/EngineMaterials/Substrate/Glints2/dict_0007_0114.uasset" 10864
"/Engine/EngineMaterials/Substrate/Glints2/dict_0007_0089" 10865
"../../../Engine/Content/EngineMaterials/Substrate/Glints2/dict_0007_0118.uasset" 10866
"../../../Engine/Content/EngineMaterials/Substrate/Glints2/dict_0007_0119.uasset" 10867
"../../../Engine/Content/EngineMaterials/Substrate/Glints2/dict_0007_0124.uasset" 10868
"../../../Engine/Content/EngineMaterials/Substrate/Glints2/dict_0007_0127.uasset" 10869
"../../../Engine/Content/EngineMaterials/Substrate/Glints2/dict_0007_0128.uasset" 10870
"../../../Engine/Content/EngineMaterials/Substrate/Glints2/dict_0007_0133.uasset" 10871
"../../../Engine/Content/EngineMaterials/Substrate/Glints2/dict_0007_0134.uasset" 10872
"../../../Engine/Content/EngineMaterials/Substrate/Glints2/dict_0007_0131.uasset" 10873
"/Engine/EngineMaterials/Substrate/Glints2/dict_0007_0117" 10874
"../../../Engine/Content/EngineMaterials/Substrate/Glints2/dict_0007_0130.uasset" 10875
"../../../Engine/Content/EngineMaterials/Substrate/Glints2/dict_0007_0112.uasset" 10876
"/Engine/EngineMaterials/Substrate/Glints2/dict_0007_0116" 10877
"/Engine/EngineMaterials/Substrate/Glints2/dict_0007_0115" 10878
"../../../Engine/Content/EngineMaterials/Substrate/Glints2/dict_0007_0120.uasset" 10879
"../../../Engine/Content/EngineMaterials/Substrate/Glints2/dict_0007_0122.uasset" 10880
"../../../Engine/Content/EngineMaterials/Substrate/Glints2/dict_0007_0132.uasset" 10881
"/Engine/EngineMaterials/Substrate/Glints2/dict_0007_0114" 10882
"../../../Engine/Content/EngineMaterials/Substrate/Glints2/dict_0007_0107.uasset" 10883
"/Engine/EngineMaterials/Substrate/Glints2/dict_0007_0113" 10884
"/Engine/EngineMaterials/Substrate/Glints2/dict_0007_0111" 10885
"/Engine/EngineMaterials/Substrate/Glints2/dict_0007_0110" 10886
"/Engine/EngineMaterials/Substrate/Glints2/dict_0007_0109" 10887
"/Engine/EngineMaterials/Substrate/Glints2/dict_0007_0108" 10888
"/Engine/EngineMaterials/Substrate/Glints2/dict_0007_0106" 10889
"/Engine/EngineMaterials/Substrate/Glints2/dict_0007_0105" 10890
"/Engine/EngineMaterials/Substrate/Glints2/dict_0007_0104" 10891
"../../../Engine/Content/EngineMaterials/Substrate/Glints2/dict_0007_0129.uasset" 10892
"/Engine/EngineMaterials/Substrate/Glints2/dict_0007_0103" 10893
"../../../Engine/Content/EngineMaterials/Substrate/Glints2/dict_0007_0123.uasset" 10894
"../../../Engine/Content/EngineMaterials/Substrate/Glints2/dict_0007_0121.uasset" 10895
"../../../Engine/Content/EngineMaterials/Substrate/Glints2/dict_0007_0140.uasset" 10896
"../../../Engine/Content/EngineMaterials/Substrate/Glints2/dict_0007_0138.uasset" 10897
"../../../Engine/Content/EngineMaterials/Substrate/Glints2/dict_0007_0143.uasset" 10898
"/Engine/EngineMaterials/Substrate/Glints2/dict_0007_0134" 10899
"../../../Engine/Content/EngineMaterials/Substrate/Glints2/dict_0007_0144.uasset" 10900
"../../../Engine/Content/EngineMaterials/Substrate/Glints2/dict_0007_0145.uasset" 10901
"/Engine/EngineMaterials/Substrate/Glints2/dict_0007_0133" 10902
"/Engine/EngineMaterials/Substrate/Glints2/dict_0007_0132" 10903
"../../../Engine/Content/EngineMaterials/Substrate/Glints2/dict_0007_0126.uasset" 10904
"../../../Engine/Content/EngineMaterials/Substrate/Glints2/dict_0007_0125.uasset" 10905
"../../../Engine/Content/EngineMaterials/Substrate/Glints2/dict_0007_0137.uasset" 10906
"/Engine/EngineMaterials/Substrate/Glints2/dict_0007_0131" 10907
"/Engine/EngineMaterials/Substrate/Glints2/dict_0007_0130" 10908
"/Engine/EngineMaterials/Substrate/Glints2/dict_0007_0129" 10909
"/Engine/EngineMaterials/Substrate/Glints2/dict_0007_0128" 10910
"/Engine/EngineMaterials/Substrate/Glints2/dict_0007_0127" 10911
"/Engine/EngineMaterials/Substrate/Glints2/dict_0007_0124" 10912
"/Engine/EngineMaterials/Substrate/Glints2/dict_0007_0123" 10913
"/Engine/EngineMaterials/Substrate/Glints2/dict_0007_0122" 10914
"/Engine/EngineMaterials/Substrate/Glints2/dict_0007_0112" 10915
"/Engine/EngineMaterials/Substrate/Glints2/dict_0007_0121" 10916
"/Engine/EngineMaterials/Substrate/Glints2/dict_0007_0107" 10917
"/Engine/EngineMaterials/Substrate/Glints2/dict_0007_0120" 10918
"/Engine/EngineMaterials/Substrate/Glints2/dict_0007_0119" 10919
"../../../Engine/Content/EngineMaterials/Substrate/Glints2/dict_0007_0142.uasset" 10920
"../../../Engine/Content/EngineMaterials/Substrate/Glints2/dict_0007_0146.uasset" 10921
"/Engine/EngineMaterials/Substrate/Glints2/dict_0007_0118" 10922
"../../../Engine/Content/EngineMaterials/Substrate/Glints2/dict_0007_0141.uasset" 10923
"../../../Engine/Content/EngineMaterials/Substrate/Glints2/dict_0007_0151.uasset" 10924
"../../../Engine/Content/EngineMaterials/Substrate/Glints2/dict_0007_0157.uasset" 10925
"../../../Engine/Content/EngineMaterials/Substrate/Glints2/dict_0007_0158.uasset" 10926
"../../../Engine/Content/EngineMaterials/Substrate/Glints2/dict_0007_0148.uasset" 10927
"../../../Engine/Content/EngineMaterials/Substrate/Glints2/dict_0007_0160.uasset" 10928
"../../../Engine/Content/EngineMaterials/Substrate/Glints2/dict_0007_0135.uasset" 10929
"../../../Engine/Content/EngineMaterials/Substrate/Glints2/dict_0007_0164.uasset" 10930
"../../../Engine/Content/EngineMaterials/Substrate/Glints2/dict_0007_0163.uasset" 10931
"/Engine/EngineMaterials/Substrate/Glints2/dict_0007_0146" 10932
"../../../Engine/Content/EngineMaterials/Substrate/Glints2/dict_0007_0136.uasset" 10933
"../../../Engine/Content/EngineMaterials/Substrate/Glints2/dict_0007_0147.uasset" 10934
"/Engine/EngineMaterials/Substrate/Glints2/dict_0007_0126" 10935
"../../../Engine/Content/EngineMaterials/Substrate/Glints2/dict_0007_0139.uasset" 10936
"../../../Engine/Content/EngineMaterials/Substrate/Glints2/dict_0007_0150.uasset" 10937
"/Engine/EngineMaterials/Substrate/Glints2/dict_0007_0125" 10938
"../../../Engine/Content/EngineMaterials/Substrate/Glints2/dict_0007_0154.uasset" 10939
"/Engine/EngineMaterials/Substrate/Glints2/dict_0007_0145" 10940
"/Engine/EngineMaterials/Substrate/Glints2/dict_0007_0144" 10941
"/Engine/EngineMaterials/Substrate/Glints2/dict_0007_0143" 10942
"/Engine/EngineMaterials/Substrate/Glints2/dict_0007_0142" 10943
"/Engine/EngineMaterials/Substrate/Glints2/dict_0007_0141" 10944
"/Engine/EngineMaterials/Substrate/Glints2/dict_0007_0140" 10945
"/Engine/EngineMaterials/Substrate/Glints2/dict_0007_0138" 10946
"/Engine/EngineMaterials/Substrate/Glints2/dict_0007_0137" 10947
"../../../Engine/Content/EngineMaterials/Substrate/Glints2/dict_0007_0166.uasset" 10948
"../../../Engine/Content/EngineMaterials/Substrate/Glints2/dict_0007_0165.uasset" 10949
"../../../Engine/Content/EngineMaterials/Substrate/Glints2/dict_0007_0170.uasset" 10950
"../../../Engine/Content/EngineMaterials/Substrate/Glints2/dict_0007_0171.uasset" 10951
"/Engine/EngineMaterials/Substrate/Glints2/dict_0007_0147" 10952
"../../../Engine/Content/EngineMaterials/Substrate/Glints2/dict_0007_0167.uasset" 10953
"/Engine/EngineMaterials/Substrate/Glints2/dict_0007_0164" 10954
"/Engine/EngineMaterials/Substrate/Glints2/dict_0007_0163" 10955
"/Engine/EngineMaterials/Substrate/Glints2/dict_0007_0160" 10956
"../../../Engine/Content/EngineMaterials/Substrate/Glints2/dict_0007_0174.uasset" 10957
"../../../Engine/Content/EngineMaterials/Substrate/Glints2/dict_0007_0159.uasset" 10958
"../../../Engine/Content/EngineMaterials/Substrate/Glints2/dict_0007_0173.uasset" 10959
"../../../Engine/Content/EngineMaterials/Substrate/Glints2/dict_0007_0161.uasset" 10960
"../../../Engine/Content/EngineMaterials/Substrate/Glints2/dict_0007_0169.uasset" 10961
"../../../Engine/Content/EngineMaterials/Substrate/Glints2/dict_0007_0175.uasset" 10962
"../../../Engine/Content/EngineMaterials/Substrate/Glints2/dict_0007_0156.uasset" 10963
"../../../Engine/Content/EngineMaterials/Substrate/Glints2/dict_0007_0162.uasset" 10964
"../../../Engine/Content/EngineMaterials/Substrate/Glints2/dict_0007_0152.uasset" 10965
"/Engine/EngineMaterials/Substrate/Glints2/dict_0007_0158" 10966
"/Engine/EngineMaterials/Substrate/Glints2/dict_0007_0157" 10967
"../../../Engine/Content/EngineMaterials/Substrate/Glints2/dict_0007_0153.uasset" 10968
"../../../Engine/Content/EngineMaterials/Substrate/Glints2/dict_0007_0149.uasset" 10969
"/Engine/EngineMaterials/Substrate/Glints2/dict_0007_0154" 10970
"../../../Engine/Content/EngineMaterials/Substrate/Glints2/dict_0007_0155.uasset" 10971
"/Engine/EngineMaterials/Substrate/Glints2/dict_0007_0139" 10972
"/Engine/EngineMaterials/Substrate/Glints2/dict_0007_0151" 10973
"/Engine/EngineMaterials/Substrate/Glints2/dict_0007_0150" 10974
"/Engine/EngineMaterials/Substrate/Glints2/dict_0007_0148" 10975
"/Engine/EngineMaterials/Substrate/Glints2/dict_0007_0136" 10976
"/Engine/EngineMaterials/Substrate/Glints2/dict_0007_0135" 10977
"../../../Engine/Content/EngineMaterials/Substrate/Glints2/dict_0007_0176.uasset" 10978
"../../../Engine/Content/EngineMaterials/Substrate/Glints2/dict_0007_0181.uasset" 10979
"../../../Engine/Content/EngineMaterials/Substrate/Glints2/dict_0007_0182.uasset" 10980
"../../../Engine/Content/EngineMaterials/Substrate/Glints2/dict_0007_0185.uasset" 10981
"/Engine/EngineMaterials/Substrate/Glints2/dict_0007_0175" 10982
"../../../Engine/Content/EngineMaterials/Substrate/Glints2/dict_0007_0184.uasset" 10983
"../../../Engine/Content/EngineMaterials/Substrate/Glints2/dict_0007_0179.uasset" 10984
"/Engine/EngineMaterials/Substrate/Glints2/dict_0007_0162" 10985
"/Engine/EngineMaterials/Substrate/Glints2/dict_0007_0161" 10986
"../../../Engine/Content/EngineMaterials/Substrate/Glints2/dict_0007_0178.uasset" 10987
"../../../Engine/Content/EngineMaterials/Substrate/Glints2/dict_0007_0186.uasset" 10988
"/Engine/EngineMaterials/Substrate/Glints2/dict_0007_0159" 10989
"../../../Engine/Content/EngineMaterials/Substrate/Glints2/dict_0007_0187.uasset" 10990
"../../../Engine/Content/EngineMaterials/Substrate/Glints2/dict_0007_0183.uasset" 10991
"../../../Engine/Content/EngineMaterials/Substrate/Glints2/dict_0007_0180.uasset" 10992
"/Engine/EngineMaterials/Substrate/Glints2/dict_0007_0174" 10993
"/Engine/EngineMaterials/Substrate/Glints2/dict_0007_0173" 10994
"../../../Engine/Content/EngineMaterials/Substrate/Glints2/dict_0007_0172.uasset" 10995
"/Engine/EngineMaterials/Substrate/Glints2/dict_0007_0171" 10996
"/Engine/EngineMaterials/Substrate/Glints2/dict_0007_0170" 10997
"/Engine/EngineMaterials/Substrate/Glints2/dict_0007_0156" 10998
"/Engine/EngineMaterials/Substrate/Glints2/dict_0007_0155" 10999
"../../../Engine/Content/EngineMaterials/Substrate/Glints2/dict_0007_0168.uasset" 11000
"/Engine/EngineMaterials/Substrate/Glints2/dict_0007_0153" 11001
"/Engine/EngineMaterials/Substrate/Glints2/dict_0007_0169" 11002
"/Engine/EngineMaterials/Substrate/Glints2/dict_0007_0167" 11003
"/Engine/EngineMaterials/Substrate/Glints2/dict_0007_0152" 11004
"/Engine/EngineMaterials/Substrate/Glints2/dict_0007_0166" 11005
"/Engine/EngineMaterials/Substrate/Glints2/dict_0007_0149" 11006
"../../../Engine/Content/EngineMaterials/Substrate/Glints2/dict_0007_0188.uasset" 11007
"/Engine/EngineMaterials/Substrate/Glints2/dict_0007_0165" 11008
"../../../Engine/Content/EngineMaterials/Substrate/Glints2/dict_0007_0177.uasset" 11009
"../../../Engine/Content/EngineMaterials/Substrate/Glints2/dict_0007_0190.uasset" 11010
"../../../Engine/Content/EngineMaterials/Substrate/Glints2/dict_0007_0194.uasset" 11011
"../../../Engine/Content/EngineMaterials/Substrate/Glints2/dict_0007_0196.uasset" 11012
"../../../Engine/Content/EngineMaterials/Substrate/Glints2/dict_0007_0195.uasset" 11013
"../../../Engine/Content/EngineMaterials/Substrate/Glints2/dict_0007_0204.uasset" 11014
"../../../Engine/Content/EngineMaterials/Substrate/Glints2/dict_0007_0202.uasset" 11015
"../../../Engine/Content/EngineMaterials/Substrate/Glints2/dict_0007_0200.uasset" 11016
"/Engine/EngineMaterials/Substrate/Glints2/dict_0007_0188" 11017
"../../../Engine/Content/EngineMaterials/Substrate/Glints2/dict_0007_0203.uasset" 11018
"/Engine/EngineMaterials/Substrate/Glints2/dict_0007_0187" 11019
"/Engine/EngineMaterials/Substrate/Glints2/dict_0007_0186" 11020
"../../../Engine/Content/EngineMaterials/Substrate/Glints2/dict_0007_0201.uasset" 11021
"../../../Engine/Content/EngineMaterials/Substrate/Glints2/dict_0007_0193.uasset" 11022
"../../../Engine/Content/EngineMaterials/Substrate/Glints2/dict_0007_0199.uasset" 11023
"../../../Engine/Content/EngineMaterials/Substrate/Glints2/dict_0007_0198.uasset" 11024
"/Engine/EngineMaterials/Substrate/Glints2/dict_0007_0185" 11025
"../../../Engine/Content/EngineMaterials/Substrate/Glints2/dict_0007_0192.uasset" 11026
"../../../Engine/Content/EngineMaterials/Substrate/Glints2/dict_0007_0205.uasset" 11027
"../../../Engine/Content/EngineMaterials/Substrate/Glints2/dict_0007_0197.uasset" 11028
"/Engine/EngineMaterials/Substrate/Glints2/dict_0007_0184" 11029
"/Engine/EngineMaterials/Substrate/Glints2/dict_0007_0183" 11030
"/Engine/EngineMaterials/Substrate/Glints2/dict_0007_0172" 11031
"/Engine/EngineMaterials/Substrate/Glints2/dict_0007_0182" 11032
"/Engine/EngineMaterials/Substrate/Glints2/dict_0007_0168" 11033
"/Engine/EngineMaterials/Substrate/Glints2/dict_0007_0181" 11034
"/Engine/EngineMaterials/Substrate/Glints2/dict_0007_0180" 11035
"/Engine/EngineMaterials/Substrate/Glints2/dict_0007_0179" 11036
"/Engine/EngineMaterials/Substrate/Glints2/dict_0007_0178" 11037
"/Engine/EngineMaterials/Substrate/Glints2/dict_0007_0177" 11038
"/Engine/EngineMaterials/Substrate/Glints2/dict_0007_0176" 11039
"../../../Engine/Content/EngineMaterials/Substrate/Glints2/dict_0007_0210.uasset" 11040
"../../../Engine/Content/EngineMaterials/Substrate/Glints2/dict_0007_0219.uasset" 11041
"../../../Engine/Content/EngineMaterials/Substrate/Glints2/dict_0007_0216.uasset" 11042
"/Engine/EngineMaterials/Substrate/Glints2/dict_0007_0205" 11043
"../../../Engine/Content/EngineMaterials/Substrate/Glints2/dict_0007_0220.uasset" 11044
"../../../Engine/Content/EngineMaterials/Substrate/Glints2/dict_0007_0215.uasset" 11045
"../../../Engine/Content/EngineMaterials/Substrate/Glints2/dict_0007_0218.uasset" 11046
"../../../Engine/Content/EngineMaterials/Substrate/Glints2/dict_0007_0212.uasset" 11047
"/Engine/EngineMaterials/Substrate/Glints2/dict_0007_0204" 11048
"../../../Engine/Content/EngineMaterials/Substrate/Glints2/dict_0007_0191.uasset" 11049
"/Engine/EngineMaterials/Substrate/Glints2/dict_0007_0203" 11050
"../../../Engine/Content/EngineMaterials/Substrate/Glints2/dict_0007_0189.uasset" 11051
"../../../Engine/Content/EngineMaterials/Substrate/Glints2/dict_0007_0209.uasset" 11052
"/Engine/EngineMaterials/Substrate/Glints2/dict_0007_0202" 11053
"/Engine/EngineMaterials/Substrate/Glints2/dict_0007_0201" 11054
"/Engine/EngineMaterials/Substrate/Glints2/dict_0007_0200" 11055
"/Engine/EngineMaterials/Substrate/Glints2/dict_0007_0199" 11056
"/Engine/EngineMaterials/Substrate/Glints2/dict_0007_0198" 11057
"/Engine/EngineMaterials/Substrate/Glints2/dict_0007_0197" 11058
"/Engine/EngineMaterials/Substrate/Glints2/dict_0007_0196" 11059
"/Engine/EngineMaterials/Substrate/Glints2/dict_0007_0195" 11060
"/Engine/EngineMaterials/Substrate/Glints2/dict_0007_0194" 11061
"/Engine/EngineMaterials/Substrate/Glints2/dict_0007_0193" 11062
"/Engine/EngineMaterials/Substrate/Glints2/dict_0007_0192" 11063
"/Engine/EngineMaterials/Substrate/Glints2/dict_0007_0190" 11064
"../../../Engine/Content/EngineMaterials/Substrate/Glints2/dict_0007_0226.uasset" 11065
"../../../Engine/Content/EngineMaterials/Substrate/Glints2/dict_0007_0229.uasset" 11066
"../../../Engine/Content/EngineMaterials/Substrate/Glints2/dict_0007_0225.uasset" 11067
"/Engine/EngineMaterials/Substrate/Glints2/dict_0007_0220" 11068
"../../../Engine/Content/EngineMaterials/Substrate/Glints2/dict_0007_0208.uasset" 11069
"../../../Engine/Content/EngineMaterials/Substrate/Glints2/dict_0007_0206.uasset" 11070
"../../../Engine/Content/EngineMaterials/Substrate/Glints2/dict_0007_0217.uasset" 11071
"../../../Engine/Content/EngineMaterials/Substrate/Glints2/dict_0007_0207.uasset" 11072
"../../../Engine/Content/EngineMaterials/Substrate/Glints2/dict_0007_0211.uasset" 11073
"../../../Engine/Content/EngineMaterials/Substrate/Glints2/dict_0007_0233.uasset" 11074
"../../../Engine/Content/EngineMaterials/Substrate/Glints2/dict_0007_0234.uasset" 11075
"../../../Engine/Content/EngineMaterials/Substrate/Glints2/dict_0007_0213.uasset" 11076
"/Engine/EngineMaterials/Substrate/Glints2/dict_0007_0219" 11077
"/Engine/EngineMaterials/Substrate/Glints2/dict_0007_0218" 11078
"../../../Engine/Content/EngineMaterials/Substrate/Glints2/dict_0007_0222.uasset" 11079
"../../../Engine/Content/EngineMaterials/Substrate/Glints2/dict_0007_0224.uasset" 11080
"../../../Engine/Content/EngineMaterials/Substrate/Glints2/dict_0007_0223.uasset" 11081
"../../../Engine/Content/EngineMaterials/Substrate/Glints2/dict_0007_0228.uasset" 11082
"/Engine/EngineMaterials/Substrate/Glints2/dict_0007_0216" 11083
"/Engine/EngineMaterials/Substrate/Glints2/dict_0007_0215" 11084
"/Engine/EngineMaterials/Substrate/Glints2/dict_0007_0212" 11085
"../../../Engine/Content/EngineMaterials/Substrate/Glints2/dict_0007_0214.uasset" 11086
"/Engine/EngineMaterials/Substrate/Glints2/dict_0007_0210" 11087
"/Engine/EngineMaterials/Substrate/Glints2/dict_0007_0209" 11088
"/Engine/EngineMaterials/Substrate/Glints2/dict_0007_0191" 11089
"/Engine/EngineMaterials/Substrate/Glints2/dict_0007_0189" 11090
"../../../Engine/Content/EngineMaterials/Substrate/Glints2/dict_0007_0237.uasset" 11091
"../../../Engine/Content/EngineMaterials/Substrate/Glints2/dict_0007_0236.uasset" 11092
"../../../Engine/Content/EngineMaterials/Substrate/Glints2/dict_0007_0238.uasset" 11093
"/Engine/EngineMaterials/Substrate/Glints2/dict_0007_0234" 11094
"../../../Engine/Content/EngineMaterials/Substrate/Glints2/dict_0007_0242.uasset" 11095
"../../../Engine/Content/EngineMaterials/Substrate/Glints2/dict_0007_0245.uasset" 11096
"/Engine/EngineMaterials/Substrate/Glints2/dict_0007_0233" 11097
"/Engine/EngineMaterials/Substrate/Glints2/dict_0007_0217" 11098
"/Engine/EngineMaterials/Substrate/Glints2/dict_0007_0214" 11099
"../../../Engine/Content/EngineMaterials/Substrate/Glints2/dict_0007_0244.uasset" 11100
"../../../Engine/Content/EngineMaterials/Substrate/Glints2/dict_0007_0221.uasset" 11101
"/Engine/EngineMaterials/Substrate/Glints2/dict_0007_0229" 11102
"/Engine/EngineMaterials/Substrate/Glints2/dict_0007_0228" 11103
"/Engine/EngineMaterials/Substrate/Glints2/dict_0007_0226" 11104
"../../../Engine/Content/EngineMaterials/Substrate/Glints2/dict_0007_0235.uasset" 11105
"../../../Engine/Content/EngineMaterials/Substrate/Glints2/dict_0007_0227.uasset" 11106
"../../../Engine/Content/EngineMaterials/Substrate/Glints2/dict_0007_0230.uasset" 11107
"/Engine/EngineMaterials/Substrate/Glints2/dict_0007_0213" 11108
"../../../Engine/Content/EngineMaterials/Substrate/Glints2/dict_0007_0231.uasset" 11109
"/Engine/EngineMaterials/Substrate/Glints2/dict_0007_0225" 11110
"/Engine/EngineMaterials/Substrate/Glints2/dict_0007_0224" 11111
"../../../Engine/Content/EngineMaterials/Substrate/Glints2/dict_0007_0232.uasset" 11112
"/Engine/EngineMaterials/Substrate/Glints2/dict_0007_0223" 11113
"/Engine/EngineMaterials/Substrate/Glints2/dict_0007_0211" 11114
"/Engine/EngineMaterials/Substrate/Glints2/dict_0007_0222" 11115
"/Engine/EngineMaterials/Substrate/Glints2/dict_0007_0208" 11116
"../../../Engine/Content/EngineMaterials/Substrate/Glints2/dict_0007_0241.uasset" 11117
"../../../Engine/Content/EngineMaterials/Substrate/Glints2/dict_0007_0240.uasset" 11118
"/Engine/EngineMaterials/Substrate/Glints2/dict_0007_0207" 11119
"/Engine/EngineMaterials/Substrate/Glints2/dict_0007_0206" 11120
"../../../Engine/Content/EngineMaterials/Substrate/Glints2/dict_0007_0246.uasset" 11121
"../../../Engine/Content/EngineMaterials/Substrate/Glints2/dict_0007_0248.uasset" 11122
"../../../Engine/Content/EngineMaterials/Substrate/Glints2/dict_0007_0252.uasset" 11123
"../../../Engine/Content/EngineMaterials/Substrate/Glints2/dict_0007_0255.uasset" 11124
"/Engine/EngineMaterials/Substrate/Glints2/dict_0007_0245" 11125
"../../../Engine/Content/EngineMaterials/Substrate/Glints2/dict_0007_0243.uasset" 11126
"/Engine/EngineMaterials/Substrate/Glints2/dict_0007_0244" 11127
"../../../Engine/Content/EngineMaterials/Substrate/Glints2/dict_0007_0239.uasset" 11128
"/Engine/EngineMaterials/Substrate/Glints2/dict_0007_0235" 11129
"../../../Engine/Content/EngineMaterials/Substrate/Glints2/dict_0007_0249.uasset" 11130
"../../../Engine/Content/EngineMaterials/Substrate/Glints2/dict_0007_0251.uasset" 11131
"/Engine/EngineMaterials/Substrate/Glints2/dict_0007_0232" 11132
"/Engine/EngineMaterials/Substrate/Glints2/dict_0007_0242" 11133
"/Engine/EngineMaterials/Substrate/Glints2/dict_0007_0241" 11134
"/Engine/EngineMaterials/Substrate/Glints2/dict_0007_0231" 11135
"/Engine/EngineMaterials/Substrate/Glints2/dict_0007_0230" 11136
"/Engine/EngineMaterials/Substrate/Glints2/dict_0007_0227" 11137
"/Engine/EngineMaterials/Substrate/Glints2/dict_0007_0240" 11138
"/Engine/EngineMaterials/Substrate/Glints2/dict_0007_0238" 11139
"/Engine/EngineMaterials/Substrate/Glints2/dict_0007_0237" 11140
"/Engine/EngineMaterials/Substrate/Glints2/dict_0007_0221" 11141
"/Engine/EngineMaterials/Substrate/Glints2/dict_0007_0236" 11142
"../../../Engine/Content/Functions/MaterialLayerFunctions/MatLayerBlend_OverrideOpacity.uasset" 11143
"../../../Engine/Content/EngineMaterials/PPM_DefaultCalibrationColor.uasset" 11144
"../../../Engine/Content/EngineMaterials/PPM_DefaultCalibrationGrayscale.uasset" 11145
"/Engine/EngineMaterials/Substrate/Glints2/dict_0007_0243" 11146
"../../../Engine/Content/Functions/Engine_MaterialFunctions02/Utility/BlendAngleCorrectedNormals.uasset" 11147
"/Engine/EngineMaterials/Substrate/Glints2/dict_0007_0255" 11148
"/Engine/EngineMaterials/Substrate/Glints2/dict_0007_0252" 11149
"../../../Engine/Content/EngineMaterials/Substrate/Glints2/dict_0007_0247.uasset" 11150
"../../../Engine/Content/EngineMaterials/Substrate/Glints2/dict_0007_0250.uasset" 11151
"/Engine/EngineMaterials/Substrate/Glints2/dict_0007_0251" 11152
"../../../Engine/Content/EngineMaterials/Substrate/Glints2/dict_0007_0253.uasset" 11153
"../../../Engine/Plugins/NNE/NNEDenoiser/Content/NNEDIM_HighQuality_Alpha.uasset" 11154
"../../../Engine/Plugins/NNE/NNEDenoiser/Content/NNEDIM_HighQuality_Default.uasset" 11155
"/Engine/EngineMaterials/Substrate/Glints2/dict_0007_0249" 11156
"../../../Engine/Content/EngineMaterials/Substrate/Volume/SubstrateSimpleVolumeLUT2D.uasset" 11157
"/Engine/EngineMaterials/Substrate/Glints2/dict_0007_0239" 11158
"../../../Engine/Content/EngineMaterials/DefaultCalibrationColor.uasset" 11159
"/Engine/EngineMaterials/Substrate/Glints2/dict_0007_0248" 11160
"../../../Engine/Content/EngineMaterials/Substrate/Glints2/dict_0007_0254.uasset" 11161
"../../../Engine/Content/EngineMaterials/Substrate/Volume/SubstrateSimpleVolumeEnvLUT3D.uasset" 11162
"/Engine/EngineMaterials/Substrate/Glints2/dict_0007_0246" 11163
"../../../Engine/Content/EngineMaterials/Substrate/Volume/SubstrateSimpleVolumeEnvLUT2D.uasset" 11164
"../../../Engine/Content/EngineMaterials/Substrate/Glints2/AGlintTex2dArray2.uasset" 11165
"../../../Engine/Plugins/NNE/NNEDenoiser/Content/NNEDOM_Output_Alpha.uasset" 11166
"../../../Engine/Plugins/NNE/NNEDenoiser/Content/NNEDTOM_Output_Alpha.uasset" 11167
"../../../Engine/Plugins/NNE/NNEDenoiser/Content/NNEDTOM_Output_Default.uasset" 11168
"/NNEDenoiser/NNEDIM_HighQuality_Default" 11169
"../../../Engine/Content/EngineMaterials/Substrate/Volume/SubstrateSimpleVolumeLUT3D.uasset" 11170
"/NNEDenoiser/NNEDIM_HighQuality_Alpha" 11171
"/Engine/EngineMaterials/DefaultCalibrationColor" 11172
"/Engine/EngineMaterials/Substrate/Volume/SubstrateSimpleVolumeEnvLUT3D" 11173
"../../../Engine/Plugins/NNE/NNEDenoiser/Content/NNEDT_Oidn2-3_Balanced.uasset" 11174
"../../../Engine/Plugins/NNE/NNEDenoiser/Content/NNEDOM_Output_Default.uasset" 11175
"../../../Engine/Plugins/NNE/NNEDenoiser/Content/NNEDTIM_ColorAlbedoNormal_Alpha.uasset" 11176
"../../../Engine/Plugins/NNE/NNEDenoiser/Content/NNEDT_Oidn2-3_Balanced_Alpha.uasset" 11177
"../../../Engine/Plugins/NNE/NNEDenoiser/Content/NNEDIM_ColorAlbedoNormal_Default.uasset" 11178
"/Engine/Functions/Engine_MaterialFunctions02/Utility/BlendAngleCorrectedNormals" 11179
"../../../Engine/Plugins/Interchange/Assets/Content/Functions/MX_Surface.uasset" 11180
"/Engine/EngineMaterials/Substrate/Volume/SubstrateSimpleVolumeLUT2D" 11181
"../../../Engine/Plugins/Interchange/Assets/Content/Functions/MX_Displacement.uasset" 11182
"/Engine/EngineMaterials/Substrate/Glints2/dict_0007_0254" 11183
"../../../Engine/Plugins/NNE/NNEDenoiser/Content/NNEDIM_ColorAlbedoNormal_Alpha.uasset" 11184
"/Engine/EngineMaterials/Substrate/Glints2/dict_0007_0253" 11185
"/Engine/EngineMaterials/Substrate/Glints2/dict_0007_0250" 11186
"/Engine/Functions/MaterialLayerFunctions/MatLayerBlend_OverrideOpacity" 11187
"../../../Engine/Content/Functions/Engine_MaterialFunctions03/Procedurals/HeightToNormalSmooth.uasset" 11188
"../../../Engine/Content/EngineMaterials/DefaultCalibrationGrayscale.uasset" 11189
"/Engine/EngineMaterials/PPM_DefaultCalibrationColor" 11190
"/Engine/EngineMaterials/Substrate/Glints2/dict_0007_0247" 11191
"../../../Engine/Plugins/NNE/NNEDenoiser/Content/NNED_Oidn2-3_Balanced.uasset" 11192
"../../../Engine/Plugins/NNE/NNEDenoiser/Content/NNED_Oidn2-3_Fast_Alpha.uasset" 11193
"../../../Engine/Plugins/NNE/NNEDenoiser/Content/NNE_oidn2-3-0_rt_hdr_alb_nrm_small__dyn__fp16_opset11_ForwardAlpha.uasset" 11194
"../../../Engine/Plugins/FX/Niagara/Content/ParameterDefinitions/LightRenderer.uasset" 11195
"../../../Engine/Plugins/FX/Niagara/Content/ParameterDefinitions/DecalRenderer.uasset" 11196
"../../../Engine/Content/EditorResources/BSPVertex.uasset" 11197
"/NNEDenoiser/NNEDIM_ColorAlbedoNormal_Default" 11198
"/NNEDenoiser/NNEDT_Oidn2-3_Balanced_Alpha" 11199
"/NNEDenoiser/NNEDIM_ColorAlbedoNormal_Alpha" 11200
"../../../Engine/Plugins/NNE/NNEDenoiser/Content/NNEDTIM_ColorAlbedoNormal_Default.uasset" 11201
"/InterchangeAssets/Functions/MX_Displacement" 11202
"/Engine/EngineMaterials/Substrate/Volume/SubstrateSimpleVolumeLUT3D" 11203
"/Engine/EngineMaterials/Substrate/Glints2/AGlintTex2dArray2" 11204
"../../../Engine/Plugins/NNE/NNEDenoiser/Content/NNED_Oidn2-3_HighQuality_Alpha.uasset" 11205
"../../../Engine/Plugins/NNE/NNEDenoiser/Content/NNED_Oidn2-3_Fast.uasset" 11206
"../../../Engine/Plugins/NNE/NNEDenoiser/Content/NNED_Oidn2-3_HighQuality.uasset" 11207
"../../../Engine/Plugins/NNE/NNEDenoiser/Content/NNED_Oidn2-3_Balanced_Alpha.uasset" 11208
"../../../Engine/Plugins/NNE/NNEDenoiser/Content/NNE_oidn2-3-0_rt_hdr_alb_nrm_small__dyn__fp16_opset11_DenoiseAlpha.uasset" 11209
"../../../Engine/Plugins/NNE/NNEDenoiser/Content/NNE_oidn2-3-0_rt_hdr_alb_nrm__dyn__fp16_opset11_ForwardAlpha.uasset" 11210
"../../../Engine/Plugins/NNE/NNEDenoiser/Content/NNE_oidn2-3-0_rt_hdr_calb_cnrm_large__dyn__fp16_opset11_ForwardAlpha.uasset" 11211
"../../../Engine/Plugins/NNE/NNEDenoiser/Content/NNE_oidn2-3-0_rt_hdr_alb_nrm__dyn__fp16_opset11_DenoiseAlpha.uasset" 11212
"../../../Engine/Plugins/NNE/NNEDenoiser/Content/NNE_oidn2-3-0_rt_hdr_calb_cnrm_large__dyn__fp16_opset11_DenoiseAlpha.uasset" 11213
"/NNEDenoiser/NNEDT_Oidn2-3_Balanced" 11214
"/NNEDenoiser/NNEDTOM_Output_Default" 11215
"/InterchangeAssets/Functions/MX_Surface" 11216
"/NNEDenoiser/NNEDTOM_Output_Alpha" 11217
"/NNEDenoiser/NNEDTIM_ColorAlbedoNormal_Alpha" 11218
"/Engine/EngineMaterials/PPM_DefaultCalibrationGrayscale" 11219
"/NNEDenoiser/NNEDOM_Output_Default" 11220
"/NNEDenoiser/NNEDOM_Output_Alpha" 11221
"../../../Engine/Content/EngineMaterials/FastBlueNoise_scalar_128x128x64.uasset" 11222
"../../../Engine/Content/EngineMaterials/EnergyConservation/Diffuse_Energy.uasset" 11223
"../../../Engine/Content/EngineMaterials/FastBlueNoise_vec2_128x128x64.uasset" 11224
"../../../Engine/Content/EngineSounds/Master.uasset" 11225
"../../../Engine/Plugins/Interchange/Runtime/Content/Pipelines/DefaultAssetsPipeline.uasset" 11226
"../../../Engine/Plugins/Interchange/Runtime/Content/Pipelines/DefaultMaterialPipeline.uasset" 11227
"../../../Engine/Plugins/Interchange/Runtime/Content/Pipelines/DefaultMaterialXPipeline.uasset" 11228
"../../../Engine/Plugins/Interchange/Runtime/Content/Pipelines/DefaultGLTFPipeline.uasset" 11229
"../../../Engine/Plugins/Interchange/Runtime/Content/Pipelines/DefaultGLTFAssetsPipeline.uasset" 11230
"../../../Engine/Content/EngineDebugMaterials/DebugEditorMaterial.uasset" 11231
"/Engine/EditorResources/BSPVertex" 11232
"../../../Engine/Content/EngineMaterials/DefaultBloomKernel.uasset" 11233
"/NNEDenoiser/NNE_oidn2-3-0_rt_hdr_calb_cnrm_large__dyn__fp16_opset11_ForwardAlpha" 11234
"../../../Engine/Content/EngineMaterials/LTC/Sheen_LTC.uasset" 11235
"../../../Engine/Content/EngineResources/Development/ZenLogo_64.uasset" 11236
"../../../Engine/Content/EngineMaterials/EnergyConservation/Sheen_Energy.uasset" 11237
"../../../Engine/Content/EngineResources/FilmGrains/Marcie_Grain_v3_128_M2_000.uasset" 11238
"../../../Engine/Content/EngineMaterials/FastBlueNoise_scalar_128x128x8.uasset" 11239
"/NNEDenoiser/NNE_oidn2-3-0_rt_hdr_calb_cnrm_large__dyn__fp16_opset11_DenoiseAlpha" 11240
"/NNEDenoiser/NNE_oidn2-3-0_rt_hdr_alb_nrm__dyn__fp16_opset11_ForwardAlpha" 11241
"/NNEDenoiser/NNE_oidn2-3-0_rt_hdr_alb_nrm__dyn__fp16_opset11_DenoiseAlpha" 11242
"/NNEDenoiser/NNE_oidn2-3-0_rt_hdr_alb_nrm_small__dyn__fp16_opset11_ForwardAlpha" 11243
"/NNEDenoiser/NNE_oidn2-3-0_rt_hdr_alb_nrm_small__dyn__fp16_opset11_DenoiseAlpha" 11244
"/NNEDenoiser/NNED_Oidn2-3_HighQuality_Alpha" 11245
"C:/Users/darcy/Documents/Unreal Projects/UnitB-Project/Intermediate/ORTOptimizerPass_OptimizedDA2CABEC4388712D24FE33937EACA392.onnx" 11246
"C:/Users/darcy/Documents/Unreal Projects/UnitB-Project/Intermediate/ORTOptimizerPass_OptimizedD45E07B34C58FCA67E923DA19A4FF38A.onnx" 11247
"C:/Users/darcy/Documents/Unreal Projects/UnitB-Project/Intermediate/ORTOptimizerPass_Optimized9B07769648C3F6ACE87545A9FC6F182E.onnx" 11248
"C:/Users/darcy/Documents/Unreal Projects/UnitB-Project/Intermediate/ORTOptimizerPass_OptimizedE8629AC2410A14BB78D124A981A0383C.onnx" 11249
"C:/Users/darcy/Documents/Unreal Projects/UnitB-Project/Intermediate/ORTOptimizerPass_OptimizedF22B2B9B4AF1987D1F4FCF9C19ADBF9F.onnx" 11250
"C:/Users/darcy/Documents/Unreal Projects/UnitB-Project/Intermediate/ORTOptimizerPass_Optimized8538843E43F9BD888045D08219D78492.onnx" 11251
"/NNEDenoiser/NNED_Oidn2-3_HighQuality" 11252
"/NNEDenoiser/NNED_Oidn2-3_Fast_Alpha" 11253
"/NNEDenoiser/NNEDTIM_ColorAlbedoNormal_Default" 11254
"/Engine/EngineMaterials/FastBlueNoise_scalar_128x128x64" 11255
"/NNEDenoiser/NNED_Oidn2-3_Fast" 11256
"/NNEDenoiser/NNED_Oidn2-3_Balanced_Alpha" 11257
"/NNEDenoiser/NNED_Oidn2-3_Balanced" 11258
"../../../Engine/Plugins/Interchange/Runtime/Content/Pipelines/DefaultSceneAssetsPipeline.uasset" 11259
"../../../Engine/Plugins/Interchange/Runtime/Content/Pipelines/DefaultSceneLevelPipeline.uasset" 11260
"../../../Engine/Plugins/Interchange/Runtime/Content/Pipelines/DefaultGLTFSceneAssetsPipeline.uasset" 11261
"/Interchange/Pipelines/DefaultMaterialPipeline" 11262
"../../../Engine/Plugins/Interchange/Assets/Content/Functions/MX_SheenBSDF.uasset" 11263
"../../../Engine/Plugins/Interchange/Runtime/Content/Pipelines/DefaultTexturePipeline.uasset" 11264
"../../../Engine/Plugins/Interchange/Assets/Content/Functions/MX_DielectricBSDF.uasset" 11265
"/Interchange/Pipelines/DefaultGLTFPipeline" 11266
"/Interchange/Pipelines/DefaultGLTFAssetsPipeline" 11267
"/Interchange/Pipelines/DefaultMaterialXPipeline" 11268
"/Interchange/Pipelines/DefaultAssetsPipeline" 11269
"/Engine/EngineSounds/Master" 11270
"/Engine/EngineMaterials/EnergyConservation/Diffuse_Energy" 11271
"/Engine/EngineMaterials/EnergyConservation/Sheen_Energy" 11272
"/Engine/EngineMaterials/LTC/Sheen_LTC" 11273
"../../../Engine/Plugins/Interchange/Assets/Content/Functions/MX_UsdPreviewSurface.uasset" 11274
"../../../Engine/Plugins/Interchange/Assets/Content/Functions/MX_ConicalEDF.uasset" 11275
"../../../Engine/Plugins/Interchange/Assets/Content/Functions/MX_UniformEDF.uasset" 11276
"../../../Engine/Plugins/Interchange/Assets/Content/Functions/MX_TranslucentBSDF.uasset" 11277
"../../../Engine/Plugins/Interchange/Assets/Content/Functions/MX_OrenNayarBSDF.uasset" 11278
"../../../Engine/Plugins/Interchange/Assets/Content/Functions/MX_SurfaceUnlit.uasset" 11279
"../../../Engine/Plugins/Interchange/Assets/Content/Functions/MX_BurleyDiffuseBSDF.uasset" 11280
"../../../Engine/Plugins/Interchange/Assets/Content/Functions/MX_GeneralizedSchlickBSDF.uasset" 11281
"../../../Engine/Plugins/Interchange/Assets/Content/Functions/MX_ThinFilmBSDF.uasset" 11282
"../../../Engine/Plugins/Interchange/Assets/Content/Functions/MX_ConductorBSDF.uasset" 11283
"../../../Engine/Plugins/Interchange/Assets/Content/Functions/MX_SubsurfaceBSDF.uasset" 11284
"C:/Users/darcy/Documents/Unreal Projects/UnitB-Project/Intermediate/ORTOptimizerPass_OptimizedC371F22842FE2FC2279FEDA23F6CA0DB.onnx" 11285
"C:/Users/darcy/Documents/Unreal Projects/UnitB-Project/Intermediate/ORTOptimizerPass_OptimizedC278688F4DFC608550CE438F14B4A981.onnx" 11286
"C:/Users/darcy/Documents/Unreal Projects/UnitB-Project/Intermediate/ORTOptimizerPass_Optimized12EC53A24CBD5D49878CFAA12A995715.onnx" 11287
"C:/Users/darcy/Documents/Unreal Projects/UnitB-Project/Intermediate/ORTOptimizerPass_OptimizedE2A1A05C4D1D46250689AC94DC9B3AC1.onnx" 11288
"C:/Users/darcy/Documents/Unreal Projects/UnitB-Project/Intermediate/ORTOptimizerPass_Optimized9F27776C40EA055FA5C50DA57767B11F.onnx" 11289
"C:/Users/darcy/Documents/Unreal Projects/UnitB-Project/Intermediate/ORTOptimizerPass_Optimized5CD91DD14AEB7465657125B463962B93.onnx" 11290
"/Engine/EngineMaterials/FastBlueNoise_vec2_128x128x64" 11291
"/Engine/EngineMaterials/FastBlueNoise_scalar_128x128x8" 11292
"/Engine/EngineDebugMaterials/DebugEditorMaterial" 11293
"/Engine/EngineResources/Development/ZenLogo_64" 11294
"/Engine/EngineResources/FilmGrains/Marcie_Grain_v3_128_M2_000" 11295
"/Engine/EngineMaterials/DefaultBloomKernel" 11296
"../../../Engine/Plugins/Interchange/Assets/Content/Functions/MX_AbsorptionVDF.uasset" 11297
"/InterchangeAssets/Functions/MX_ConicalEDF" 11298
"/InterchangeAssets/Functions/MX_UniformEDF" 11299
"/InterchangeAssets/Functions/MX_ThinFilmBSDF" 11300
"/InterchangeAssets/Functions/MX_SheenBSDF" 11301
"/InterchangeAssets/Functions/MX_SubsurfaceBSDF" 11302
"/InterchangeAssets/Functions/MX_GeneralizedSchlickBSDF" 11303
"/InterchangeAssets/Functions/MX_ConductorBSDF" 11304
"/InterchangeAssets/Functions/MX_DielectricBSDF" 11305
"/InterchangeAssets/Functions/MX_TranslucentBSDF" 11306
"/InterchangeAssets/Functions/MX_BurleyDiffuseBSDF" 11307
"../../../Engine/Plugins/Animation/ControlRig/Content/Controls/ControlRigGizmoMaterial.uasset" 11308
"../../../Engine/Plugins/Interchange/Assets/Content/Functions/MX_AnisotropicVDF.uasset" 11309
"../../../Engine/Plugins/Interchange/Assets/Content/Functions/MX_MeasuredEDF.uasset" 11310
"/InterchangeAssets/Functions/MX_OrenNayarBSDF" 11311
"/InterchangeAssets/Functions/MX_UsdPreviewSurface" 11312
"/InterchangeAssets/Functions/MX_SurfaceUnlit" 11313
"/Interchange/Pipelines/DefaultGLTFSceneAssetsPipeline" 11314
"/Interchange/Pipelines/DefaultSceneLevelPipeline" 11315
"/Interchange/Pipelines/DefaultSceneAssetsPipeline" 11316
"/Interchange/Pipelines/DefaultTexturePipeline" 11317
"/ControlRig/Controls/ControlRigGizmoMaterial" 11318
"/InterchangeAssets/Functions/MX_AnisotropicVDF" 11319
"/InterchangeAssets/Functions/MX_AbsorptionVDF" 11320
"/InterchangeAssets/Functions/MX_MeasuredEDF" 11321
"C:/Users/darcy/Documents/Unreal Projects/UnitB-Project/Saved/Cooked/Windows/UnitB/Metadata/CookedSettings.txt" 11322
